/* Auto-generated server monitor app icon (LVGL v8 TRUE_COLOR_ALPHA, RGB565 + alpha). */
#ifdef __has_include
    #if __has_include("lvgl.h")
        #ifndef LV_LVGL_H_INCLUDE_SIMPLE
            #define LV_LVGL_H_INCLUDE_SIMPLE
        #endif
    #endif
#endif

#if defined(LV_LVGL_H_INCLUDE_SIMPLE)
    #include "lvgl.h"
#else
    #include "lvgl/lvgl.h"
#endif

#ifndef LV_ATTRIBUTE_MEM_ALIGN
#define LV_ATTRIBUTE_MEM_ALIGN
#endif

const LV_ATTRIBUTE_MEM_ALIGN LV_ATTRIBUTE_LARGE_CONST uint8_t img_app_server_monitor_map[] = {
  0x00, 0x00, 0x00, 0x00, 0x00, 0x00, 0x00, 0x00, 0x00, 0x00, 0x00, 0x00, 0x00, 0x00, 0x00, 0x00, 0x00, 0x00, 0x00, 0x00, 0x00, 0x00, 0x00, 0x00, 0x00, 0x00, 0x00, 0x00, 0x00, 0x00, 0x00, 0x00, 0x00, 0x00, 0x00, 0x00,
  0x00, 0x00, 0x00, 0x00, 0x00, 0x00, 0x00, 0x00, 0x00, 0x00, 0x00, 0x00, 0x00, 0x00, 0x00, 0x00, 0x00, 0x00, 0x00, 0x00, 0x00, 0x00, 0x00, 0x00, 0x00, 0x00, 0x00, 0x3f, 0x0c, 0xff, 0x3f, 0x0c, 0xff, 0x3f, 0x0c, 0xff,
  0x3f, 0x0c, 0xff, 0x3f, 0x0c, 0xff, 0x3f, 0x0c, 0xff, 0x3f, 0x0c, 0xff, 0x3f, 0x0c, 0xff, 0x3f, 0x0c, 0xff, 0x3f, 0x0c, 0xff, 0x3f, 0x0c, 0xff, 0x3f, 0x0c, 0xff, 0x3f, 0x0c, 0xff, 0x3f, 0x0c, 0xff, 0x3f, 0x0c, 0xff,
  0x3f, 0x0c, 0xff, 0x3f, 0x0c, 0xff, 0x3f, 0x0c, 0xff, 0x3f, 0x0c, 0xff, 0x3f, 0x0c, 0xff, 0x3f, 0x0c, 0xff, 0x3f, 0x0c, 0xff, 0x3f, 0x0c, 0xff, 0x3f, 0x0c, 0xff, 0x3f, 0x0c, 0xff, 0x3f, 0x0c, 0xff, 0x3f, 0x0c, 0xff,
  0x3f, 0x0c, 0xff, 0x3f, 0x0c, 0xff, 0x3f, 0x0c, 0xff, 0x3f, 0x0c, 0xff, 0x3f, 0x0c, 0xff, 0x3f, 0x0c, 0xff, 0x3f, 0x0c, 0xff, 0x3f, 0x0c, 0xff, 0x3f, 0x0c, 0xff, 0x3f, 0x0c, 0xff, 0x3f, 0x0c, 0xff, 0x3f, 0x0c, 0xff,
  0x3f, 0x0c, 0xff, 0x3f, 0x0c, 0xff, 0x3f, 0x0c, 0xff, 0x3f, 0x0c, 0xff, 0x3f, 0x0c, 0xff, 0x3f, 0x0c, 0xff, 0x3f, 0x0c, 0xff, 0x3f, 0x0c, 0xff, 0x3f, 0x0c, 0xff, 0x3f, 0x0c, 0xff, 0x3f, 0x0c, 0xff, 0x3f, 0x0c, 0xff,
  0x3f, 0x0c, 0xff, 0x3f, 0x0c, 0xff, 0x3f, 0x0c, 0xff, 0x3f, 0x0c, 0xff, 0x3f, 0x0c, 0xff, 0x3f, 0x0c, 0xff, 0x3f, 0x0c, 0xff, 0x3f, 0x0c, 0xff, 0x3f, 0x0c, 0xff, 0x3f, 0x0c, 0xff, 0x3f, 0x0c, 0xff, 0x3f, 0x0c, 0xff,
  0x3f, 0x0c, 0xff, 0x3f, 0x0c, 0xff, 0x3f, 0x0c, 0xff, 0x3f, 0x0c, 0xff, 0x3f, 0x0c, 0xff, 0x3f, 0x0c, 0xff, 0x3f, 0x0c, 0xff, 0x00, 0x00, 0x00, 0x00, 0x00, 0x00, 0x00, 0x00, 0x00, 0x00, 0x00, 0x00, 0x00, 0x00, 0x00,
  0x00, 0x00, 0x00, 0x00, 0x00, 0x00, 0x00, 0x00, 0x00, 0x00, 0x00, 0x00, 0x00, 0x00, 0x00, 0x00, 0x00, 0x00, 0x00, 0x00, 0x00, 0x00, 0x00, 0x00, 0x00, 0x00, 0x00, 0x00, 0x00, 0x00, 0x00, 0x00, 0x00, 0x00, 0x00, 0x00,
  0x00, 0x00, 0x00, 0x00, 0x00, 0x00, 0x00, 0x00, 0x00, 0x00, 0x00, 0x00, 0x00, 0x00, 0x00, 0x00, 0x00, 0x00, 0x00, 0x00, 0x00, 0x00, 0x00, 0x00, 0x00, 0x00, 0x00, 0x00, 0x00, 0x00, 0x00, 0x00, 0x00, 0x00, 0x00, 0x00,
  0x00, 0x00, 0x00, 0x00, 0x00, 0x00, 0x00, 0x00, 0x00, 0x00, 0x00, 0x00, 0x00, 0x00, 0x00, 0x00, 0x00, 0x00, 0x00, 0x00, 0x00, 0x00, 0x00, 0x00, 0x00, 0x00, 0x00, 0x3f, 0x0c, 0xff, 0x3f, 0x0c, 0xff, 0x3f, 0x0c, 0xff,
  0x3f, 0x0c, 0xff, 0x3f, 0x0c, 0xff, 0x3f, 0x0c, 0xff, 0x3f, 0x0c, 0xff, 0x3f, 0x0c, 0xff, 0x3f, 0x0c, 0xff, 0x3f, 0x0c, 0xff, 0x3f, 0x0c, 0xff, 0x3f, 0x0c, 0xff, 0x3f, 0x0c, 0xff, 0x3f, 0x0c, 0xff, 0x3f, 0x0c, 0xff,
  0x3f, 0x0c, 0xff, 0x3f, 0x0c, 0xff, 0x3f, 0x0c, 0xff, 0x3f, 0x0c, 0xff, 0x3f, 0x0c, 0xff, 0x3f, 0x0c, 0xff, 0x3f, 0x0c, 0xff, 0x3f, 0x0c, 0xff, 0x3f, 0x0c, 0xff, 0x3f, 0x0c, 0xff, 0x3f, 0x0c, 0xff, 0x3f, 0x0c, 0xff,
  0x3f, 0x0c, 0xff, 0x3f, 0x0c, 0xff, 0x3f, 0x0c, 0xff, 0x3f, 0x0c, 0xff, 0x3f, 0x0c, 0xff, 0x3f, 0x0c, 0xff, 0x3f, 0x0c, 0xff, 0x3f, 0x0c, 0xff, 0x3f, 0x0c, 0xff, 0x3f, 0x0c, 0xff, 0x3f, 0x0c, 0xff, 0x3f, 0x0c, 0xff,
  0x3f, 0x0c, 0xff, 0x3f, 0x0c, 0xff, 0x3f, 0x0c, 0xff, 0x3f, 0x0c, 0xff, 0x3f, 0x0c, 0xff, 0x3f, 0x0c, 0xff, 0x3f, 0x0c, 0xff, 0x3f, 0x0c, 0xff, 0x3f, 0x0c, 0xff, 0x3f, 0x0c, 0xff, 0x3f, 0x0c, 0xff, 0x3f, 0x0c, 0xff,
  0x3f, 0x0c, 0xff, 0x3f, 0x0c, 0xff, 0x3f, 0x0c, 0xff, 0x3f, 0x0c, 0xff, 0x3f, 0x0c, 0xff, 0x3f, 0x0c, 0xff, 0x3f, 0x0c, 0xff, 0x3f, 0x0c, 0xff, 0x3f, 0x0c, 0xff, 0x3f, 0x0c, 0xff, 0x3f, 0x0c, 0xff, 0x3f, 0x0c, 0xff,
  0x3f, 0x0c, 0xff, 0x3f, 0x0c, 0xff, 0x3f, 0x0c, 0xff, 0x3f, 0x0c, 0xff, 0x3f, 0x0c, 0xff, 0x3f, 0x0c, 0xff, 0x3f, 0x0c, 0xff, 0x3f, 0x0c, 0xff, 0x3f, 0x0c, 0xff, 0x3f, 0x0c, 0xff, 0x3f, 0x0c, 0xff, 0x3f, 0x0c, 0xff,
  0x3f, 0x0c, 0xff, 0x3f, 0x0c, 0xff, 0x3f, 0x0c, 0xff, 0x00, 0x00, 0x00, 0x00, 0x00, 0x00, 0x00, 0x00, 0x00, 0x00, 0x00, 0x00, 0x00, 0x00, 0x00, 0x00, 0x00, 0x00, 0x00, 0x00, 0x00, 0x00, 0x00, 0x00, 0x00, 0x00, 0x00,
  0x00, 0x00, 0x00, 0x00, 0x00, 0x00, 0x00, 0x00, 0x00, 0x00, 0x00, 0x00, 0x00, 0x00, 0x00, 0x00, 0x00, 0x00, 0x00, 0x00, 0x00, 0x00, 0x00, 0x00, 0x00, 0x00, 0x00, 0x00, 0x00, 0x00, 0x00, 0x00, 0x00, 0x00, 0x00, 0x00,
  0x00, 0x00, 0x00, 0x00, 0x00, 0x00, 0x00, 0x00, 0x00, 0x00, 0x00, 0x00, 0x00, 0x00, 0x00, 0x00, 0x00, 0x00, 0x00, 0x00, 0x00, 0x00, 0x00, 0x00, 0x00, 0x00, 0x00, 0x00, 0x00, 0x00, 0x00, 0x00, 0x00, 0x1f, 0x0c, 0xff,
  0x1f, 0x0c, 0xff, 0x1f, 0x0c, 0xff, 0x1f, 0x0c, 0xff, 0x1f, 0x0c, 0xff, 0x1f, 0x0c, 0xff, 0x1f, 0x0c, 0xff, 0x1f, 0x0c, 0xff, 0x1f, 0x0c, 0xff, 0x1f, 0x0c, 0xff, 0x1f, 0x0c, 0xff, 0x1f, 0x0c, 0xff, 0x1f, 0x0c, 0xff,
  0x1f, 0x0c, 0xff, 0x1f, 0x0c, 0xff, 0x1f, 0x0c, 0xff, 0x1f, 0x0c, 0xff, 0x1f, 0x0c, 0xff, 0x1f, 0x0c, 0xff, 0x1f, 0x0c, 0xff, 0x1f, 0x0c, 0xff, 0x1f, 0x0c, 0xff, 0x1f, 0x0c, 0xff, 0x1f, 0x0c, 0xff, 0x1f, 0x0c, 0xff,
  0x1f, 0x0c, 0xff, 0x1f, 0x0c, 0xff, 0x1f, 0x0c, 0xff, 0x1f, 0x0c, 0xff, 0x1f, 0x0c, 0xff, 0x1f, 0x0c, 0xff, 0x1f, 0x0c, 0xff, 0x1f, 0x0c, 0xff, 0x1f, 0x0c, 0xff, 0x1f, 0x0c, 0xff, 0x1f, 0x0c, 0xff, 0x1f, 0x0c, 0xff,
  0x1f, 0x0c, 0xff, 0x1f, 0x0c, 0xff, 0x1f, 0x0c, 0xff, 0x1f, 0x0c, 0xff, 0x1f, 0x0c, 0xff, 0x1f, 0x0c, 0xff, 0x1f, 0x0c, 0xff, 0x1f, 0x0c, 0xff, 0x1f, 0x0c, 0xff, 0x1f, 0x0c, 0xff, 0x1f, 0x0c, 0xff, 0x1f, 0x0c, 0xff,
  0x1f, 0x0c, 0xff, 0x1f, 0x0c, 0xff, 0x1f, 0x0c, 0xff, 0x1f, 0x0c, 0xff, 0x1f, 0x0c, 0xff, 0x1f, 0x0c, 0xff, 0x1f, 0x0c, 0xff, 0x1f, 0x0c, 0xff, 0x1f, 0x0c, 0xff, 0x1f, 0x0c, 0xff, 0x1f, 0x0c, 0xff, 0x1f, 0x0c, 0xff,
  0x1f, 0x0c, 0xff, 0x1f, 0x0c, 0xff, 0x1f, 0x0c, 0xff, 0x1f, 0x0c, 0xff, 0x1f, 0x0c, 0xff, 0x1f, 0x0c, 0xff, 0x1f, 0x0c, 0xff, 0x1f, 0x0c, 0xff, 0x1f, 0x0c, 0xff, 0x1f, 0x0c, 0xff, 0x1f, 0x0c, 0xff, 0x1f, 0x0c, 0xff,
  0x1f, 0x0c, 0xff, 0x1f, 0x0c, 0xff, 0x1f, 0x0c, 0xff, 0x1f, 0x0c, 0xff, 0x1f, 0x0c, 0xff, 0x1f, 0x0c, 0xff, 0x1f, 0x0c, 0xff, 0x1f, 0x0c, 0xff, 0x1f, 0x0c, 0xff, 0x00, 0x00, 0x00, 0x00, 0x00, 0x00, 0x00, 0x00, 0x00,
  0x00, 0x00, 0x00, 0x00, 0x00, 0x00, 0x00, 0x00, 0x00, 0x00, 0x00, 0x00, 0x00, 0x00, 0x00, 0x00, 0x00, 0x00, 0x00, 0x00, 0x00, 0x00, 0x00, 0x00, 0x00, 0x00, 0x00, 0x00, 0x00, 0x00, 0x00, 0x00, 0x00, 0x00, 0x00, 0x00,
  0x00, 0x00, 0x00, 0x00, 0x00, 0x00, 0x00, 0x00, 0x00, 0x00, 0x00, 0x00, 0x00, 0x00, 0x00, 0x00, 0x00, 0x00, 0x00, 0x00, 0x00, 0x00, 0x00, 0x00, 0x00, 0x00, 0x00, 0x00, 0x00, 0x00, 0x00, 0x00, 0x00, 0x00, 0x00, 0x00,
  0x00, 0x00, 0x00, 0x1f, 0x0c, 0xff, 0x1f, 0x0c, 0xff, 0x1f, 0x0c, 0xff, 0x1f, 0x0c, 0xff, 0x1f, 0x0c, 0xff, 0x1f, 0x0c, 0xff, 0x1f, 0x0c, 0xff, 0x1f, 0x0c, 0xff, 0x1f, 0x0c, 0xff, 0x1f, 0x0c, 0xff, 0x1f, 0x0c, 0xff,
  0x1f, 0x0c, 0xff, 0x1f, 0x0c, 0xff, 0x1f, 0x0c, 0xff, 0x1f, 0x0c, 0xff, 0x1f, 0x0c, 0xff, 0x1f, 0x0c, 0xff, 0x1f, 0x0c, 0xff, 0x1f, 0x0c, 0xff, 0x1f, 0x0c, 0xff, 0x1f, 0x0c, 0xff, 0x1f, 0x0c, 0xff, 0x1f, 0x0c, 0xff,
  0x1f, 0x0c, 0xff, 0x1f, 0x0c, 0xff, 0x1f, 0x0c, 0xff, 0x1f, 0x0c, 0xff, 0x1f, 0x0c, 0xff, 0x1f, 0x0c, 0xff, 0x1f, 0x0c, 0xff, 0x1f, 0x0c, 0xff, 0x1f, 0x0c, 0xff, 0x1f, 0x0c, 0xff, 0x1f, 0x0c, 0xff, 0x1f, 0x0c, 0xff,
  0x1f, 0x0c, 0xff, 0x1f, 0x0c, 0xff, 0x1f, 0x0c, 0xff, 0x1f, 0x0c, 0xff, 0x1f, 0x0c, 0xff, 0x1f, 0x0c, 0xff, 0x1f, 0x0c, 0xff, 0x1f, 0x0c, 0xff, 0x1f, 0x0c, 0xff, 0x1f, 0x0c, 0xff, 0x1f, 0x0c, 0xff, 0x1f, 0x0c, 0xff,
  0x1f, 0x0c, 0xff, 0x1f, 0x0c, 0xff, 0x1f, 0x0c, 0xff, 0x1f, 0x0c, 0xff, 0x1f, 0x0c, 0xff, 0x1f, 0x0c, 0xff, 0x1f, 0x0c, 0xff, 0x1f, 0x0c, 0xff, 0x1f, 0x0c, 0xff, 0x1f, 0x0c, 0xff, 0x1f, 0x0c, 0xff, 0x1f, 0x0c, 0xff,
  0x1f, 0x0c, 0xff, 0x1f, 0x0c, 0xff, 0x1f, 0x0c, 0xff, 0x1f, 0x0c, 0xff, 0x1f, 0x0c, 0xff, 0x1f, 0x0c, 0xff, 0x1f, 0x0c, 0xff, 0x1f, 0x0c, 0xff, 0x1f, 0x0c, 0xff, 0x1f, 0x0c, 0xff, 0x1f, 0x0c, 0xff, 0x1f, 0x0c, 0xff,
  0x1f, 0x0c, 0xff, 0x1f, 0x0c, 0xff, 0x1f, 0x0c, 0xff, 0x1f, 0x0c, 0xff, 0x1f, 0x0c, 0xff, 0x1f, 0x0c, 0xff, 0x1f, 0x0c, 0xff, 0x1f, 0x0c, 0xff, 0x1f, 0x0c, 0xff, 0x1f, 0x0c, 0xff, 0x1f, 0x0c, 0xff, 0x1f, 0x0c, 0xff,
  0x1f, 0x0c, 0xff, 0x1f, 0x0c, 0xff, 0x1f, 0x0c, 0xff, 0x00, 0x00, 0x00, 0x00, 0x00, 0x00, 0x00, 0x00, 0x00, 0x00, 0x00, 0x00, 0x00, 0x00, 0x00, 0x00, 0x00, 0x00, 0x00, 0x00, 0x00, 0x00, 0x00, 0x00, 0x00, 0x00, 0x00,
  0x00, 0x00, 0x00, 0x00, 0x00, 0x00, 0x00, 0x00, 0x00, 0x00, 0x00, 0x00, 0x00, 0x00, 0x00, 0x00, 0x00, 0x00, 0x00, 0x00, 0x00, 0x00, 0x00, 0x00, 0x00, 0x00, 0x00, 0x00, 0x00, 0x00, 0x00, 0x00, 0x00, 0x00, 0x00, 0x00,
  0x00, 0x00, 0x00, 0x00, 0x00, 0x00, 0x00, 0x00, 0x00, 0x1f, 0x0c, 0xff, 0x1f, 0x0c, 0xff, 0x1f, 0x0c, 0xff, 0x1f, 0x0c, 0xff, 0x1f, 0x0c, 0xff, 0x1f, 0x0c, 0xff, 0x1f, 0x0c, 0xff, 0x1f, 0x0c, 0xff, 0x1f, 0x0c, 0xff,
  0x1f, 0x0c, 0xff, 0x1f, 0x0c, 0xff, 0x1f, 0x0c, 0xff, 0x1f, 0x0c, 0xff, 0x1f, 0x0c, 0xff, 0x1f, 0x0c, 0xff, 0x1f, 0x0c, 0xff, 0x1f, 0x0c, 0xff, 0x1f, 0x0c, 0xff, 0x1f, 0x0c, 0xff, 0x1f, 0x0c, 0xff, 0x1f, 0x0c, 0xff,
  0x1f, 0x0c, 0xff, 0x1f, 0x0c, 0xff, 0x1f, 0x0c, 0xff, 0x1f, 0x0c, 0xff, 0x1f, 0x0c, 0xff, 0x1f, 0x0c, 0xff, 0x1f, 0x0c, 0xff, 0x1f, 0x0c, 0xff, 0x1f, 0x0c, 0xff, 0x1f, 0x0c, 0xff, 0x1f, 0x0c, 0xff, 0x1f, 0x0c, 0xff,
  0x1f, 0x0c, 0xff, 0x1f, 0x0c, 0xff, 0x1f, 0x0c, 0xff, 0x1f, 0x0c, 0xff, 0x1f, 0x0c, 0xff, 0x1f, 0x0c, 0xff, 0x1f, 0x0c, 0xff, 0x1f, 0x0c, 0xff, 0x1f, 0x0c, 0xff, 0x1f, 0x0c, 0xff, 0x1f, 0x0c, 0xff, 0x1f, 0x0c, 0xff,
  0x1f, 0x0c, 0xff, 0x1f, 0x0c, 0xff, 0x1f, 0x0c, 0xff, 0x1f, 0x0c, 0xff, 0x1f, 0x0c, 0xff, 0x1f, 0x0c, 0xff, 0x1f, 0x0c, 0xff, 0x1f, 0x0c, 0xff, 0x1f, 0x0c, 0xff, 0x1f, 0x0c, 0xff, 0x1f, 0x0c, 0xff, 0x1f, 0x0c, 0xff,
  0x1f, 0x0c, 0xff, 0x1f, 0x0c, 0xff, 0x1f, 0x0c, 0xff, 0x1f, 0x0c, 0xff, 0x1f, 0x0c, 0xff, 0x1f, 0x0c, 0xff, 0x1f, 0x0c, 0xff, 0x1f, 0x0c, 0xff, 0x1f, 0x0c, 0xff, 0x1f, 0x0c, 0xff, 0x1f, 0x0c, 0xff, 0x1f, 0x0c, 0xff,
  0x1f, 0x0c, 0xff, 0x1f, 0x0c, 0xff, 0x1f, 0x0c, 0xff, 0x1f, 0x0c, 0xff, 0x1f, 0x0c, 0xff, 0x1f, 0x0c, 0xff, 0x1f, 0x0c, 0xff, 0x1f, 0x0c, 0xff, 0x1f, 0x0c, 0xff, 0x1f, 0x0c, 0xff, 0x1f, 0x0c, 0xff, 0x1f, 0x0c, 0xff,
  0x1f, 0x0c, 0xff, 0x1f, 0x0c, 0xff, 0x1f, 0x0c, 0xff, 0x1f, 0x0c, 0xff, 0x1f, 0x0c, 0xff, 0x1f, 0x0c, 0xff, 0x1f, 0x0c, 0xff, 0x1f, 0x0c, 0xff, 0x1f, 0x0c, 0xff, 0x00, 0x00, 0x00, 0x00, 0x00, 0x00, 0x00, 0x00, 0x00,
  0x00, 0x00, 0x00, 0x00, 0x00, 0x00, 0x00, 0x00, 0x00, 0x00, 0x00, 0x00, 0x00, 0x00, 0x00, 0x00, 0x00, 0x00, 0x00, 0x00, 0x00, 0x00, 0x00, 0x00, 0x00, 0x00, 0x00, 0x00, 0x00, 0x00, 0x00, 0x00, 0x00, 0x00, 0x00, 0x00,
  0x00, 0x00, 0x00, 0x00, 0x00, 0x00, 0x00, 0x00, 0x00, 0x00, 0x00, 0x00, 0x00, 0x00, 0x00, 0x00, 0x00, 0x00, 0x1f, 0x0c, 0xff, 0x1f, 0x0c, 0xff, 0x1f, 0x0c, 0xff, 0x1f, 0x0c, 0xff, 0x1f, 0x0c, 0xff, 0x1f, 0x0c, 0xff,
  0x1f, 0x0c, 0xff, 0x1f, 0x0c, 0xff, 0x1f, 0x0c, 0xff, 0x1f, 0x0c, 0xff, 0x1f, 0x0c, 0xff, 0x1f, 0x0c, 0xff, 0x1f, 0x0c, 0xff, 0x1f, 0x0c, 0xff, 0x1f, 0x0c, 0xff, 0x1f, 0x0c, 0xff, 0x1f, 0x0c, 0xff, 0x1f, 0x0c, 0xff,
  0x1f, 0x0c, 0xff, 0x1f, 0x0c, 0xff, 0x1f, 0x0c, 0xff, 0x1f, 0x0c, 0xff, 0x1f, 0x0c, 0xff, 0x1f, 0x0c, 0xff, 0x1f, 0x0c, 0xff, 0x1f, 0x0c, 0xff, 0x1f, 0x0c, 0xff, 0x1f, 0x0c, 0xff, 0x1f, 0x0c, 0xff, 0x1f, 0x0c, 0xff,
  0x1f, 0x0c, 0xff, 0x1f, 0x0c, 0xff, 0x1f, 0x0c, 0xff, 0x1f, 0x0c, 0xff, 0x1f, 0x0c, 0xff, 0x1f, 0x0c, 0xff, 0x1f, 0x0c, 0xff, 0x1f, 0x0c, 0xff, 0x1f, 0x0c, 0xff, 0x1f, 0x0c, 0xff, 0x1f, 0x0c, 0xff, 0x1f, 0x0c, 0xff,
  0x1f, 0x0c, 0xff, 0x1f, 0x0c, 0xff, 0x1f, 0x0c, 0xff, 0x1f, 0x0c, 0xff, 0x1f, 0x0c, 0xff, 0x1f, 0x0c, 0xff, 0x1f, 0x0c, 0xff, 0x1f, 0x0c, 0xff, 0x1f, 0x0c, 0xff, 0x1f, 0x0c, 0xff, 0x1f, 0x0c, 0xff, 0x1f, 0x0c, 0xff,
  0x1f, 0x0c, 0xff, 0x1f, 0x0c, 0xff, 0x1f, 0x0c, 0xff, 0x1f, 0x0c, 0xff, 0x1f, 0x0c, 0xff, 0x1f, 0x0c, 0xff, 0x1f, 0x0c, 0xff, 0x1f, 0x0c, 0xff, 0x1f, 0x0c, 0xff, 0x1f, 0x0c, 0xff, 0x1f, 0x0c, 0xff, 0x1f, 0x0c, 0xff,
  0x1f, 0x0c, 0xff, 0x1f, 0x0c, 0xff, 0x1f, 0x0c, 0xff, 0x1f, 0x0c, 0xff, 0x1f, 0x0c, 0xff, 0x1f, 0x0c, 0xff, 0x1f, 0x0c, 0xff, 0x1f, 0x0c, 0xff, 0x1f, 0x0c, 0xff, 0x1f, 0x0c, 0xff, 0x1f, 0x0c, 0xff, 0x1f, 0x0c, 0xff,
  0x1f, 0x0c, 0xff, 0x1f, 0x0c, 0xff, 0x1f, 0x0c, 0xff, 0x1f, 0x0c, 0xff, 0x1f, 0x0c, 0xff, 0x1f, 0x0c, 0xff, 0x1f, 0x0c, 0xff, 0x1f, 0x0c, 0xff, 0x1f, 0x0c, 0xff, 0x1f, 0x0c, 0xff, 0x1f, 0x0c, 0xff, 0x1f, 0x0c, 0xff,
  0x1f, 0x0c, 0xff, 0x1f, 0x0c, 0xff, 0x00, 0x00, 0x00, 0x00, 0x00, 0x00, 0x00, 0x00, 0x00, 0x00, 0x00, 0x00, 0x00, 0x00, 0x00, 0x00, 0x00, 0x00, 0x00, 0x00, 0x00, 0x00, 0x00, 0x00, 0x00, 0x00, 0x00, 0x00, 0x00, 0x00,
  0x00, 0x00, 0x00, 0x00, 0x00, 0x00, 0x00, 0x00, 0x00, 0x00, 0x00, 0x00, 0x00, 0x00, 0x00, 0x00, 0x00, 0x00, 0x00, 0x00, 0x00, 0x00, 0x00, 0x00, 0x00, 0x00, 0x00, 0x1f, 0x0c, 0xff, 0x1f, 0x0c, 0xff, 0x1f, 0x0c, 0xff,
  0x1f, 0x0c, 0xff, 0x1f, 0x0c, 0xff, 0x1f, 0x0c, 0xff, 0x1f, 0x0c, 0xff, 0x1f, 0x0c, 0xff, 0x1f, 0x0c, 0xff, 0x1f, 0x0c, 0xff, 0x1f, 0x0c, 0xff, 0x1f, 0x0c, 0xff, 0x1f, 0x0c, 0xff, 0x1f, 0x0c, 0xff, 0x1f, 0x0c, 0xff,
  0x1f, 0x0c, 0xff, 0x1f, 0x0c, 0xff, 0x1f, 0x0c, 0xff, 0x1f, 0x0c, 0xff, 0x1f, 0x0c, 0xff, 0x1f, 0x0c, 0xff, 0x1f, 0x0c, 0xff, 0x1f, 0x0c, 0xff, 0x1f, 0x0c, 0xff, 0x1f, 0x0c, 0xff, 0x1f, 0x0c, 0xff, 0x1f, 0x0c, 0xff,
  0x1f, 0x0c, 0xff, 0x1f, 0x0c, 0xff, 0x1f, 0x0c, 0xff, 0x1f, 0x0c, 0xff, 0x1f, 0x0c, 0xff, 0x1f, 0x0c, 0xff, 0x1f, 0x0c, 0xff, 0x1f, 0x0c, 0xff, 0x1f, 0x0c, 0xff, 0x1f, 0x0c, 0xff, 0x1f, 0x0c, 0xff, 0x1f, 0x0c, 0xff,
  0x1f, 0x0c, 0xff, 0x1f, 0x0c, 0xff, 0x1f, 0x0c, 0xff, 0x1f, 0x0c, 0xff, 0x1f, 0x0c, 0xff, 0x1f, 0x0c, 0xff, 0x1f, 0x0c, 0xff, 0x1f, 0x0c, 0xff, 0x1f, 0x0c, 0xff, 0x1f, 0x0c, 0xff, 0x1f, 0x0c, 0xff, 0x1f, 0x0c, 0xff,
  0x1f, 0x0c, 0xff, 0x1f, 0x0c, 0xff, 0x1f, 0x0c, 0xff, 0x1f, 0x0c, 0xff, 0x1f, 0x0c, 0xff, 0x1f, 0x0c, 0xff, 0x1f, 0x0c, 0xff, 0x1f, 0x0c, 0xff, 0x1f, 0x0c, 0xff, 0x1f, 0x0c, 0xff, 0x1f, 0x0c, 0xff, 0x1f, 0x0c, 0xff,
  0x1f, 0x0c, 0xff, 0x1f, 0x0c, 0xff, 0x1f, 0x0c, 0xff, 0x1f, 0x0c, 0xff, 0x1f, 0x0c, 0xff, 0x1f, 0x0c, 0xff, 0x1f, 0x0c, 0xff, 0x1f, 0x0c, 0xff, 0x1f, 0x0c, 0xff, 0x1f, 0x0c, 0xff, 0x1f, 0x0c, 0xff, 0x1f, 0x0c, 0xff,
  0x1f, 0x0c, 0xff, 0x1f, 0x0c, 0xff, 0x1f, 0x0c, 0xff, 0x1f, 0x0c, 0xff, 0x1f, 0x0c, 0xff, 0x1f, 0x0c, 0xff, 0x1f, 0x0c, 0xff, 0x1f, 0x0c, 0xff, 0x1f, 0x0c, 0xff, 0x1f, 0x0c, 0xff, 0x1f, 0x0c, 0xff, 0x1f, 0x0c, 0xff,
  0x1f, 0x0c, 0xff, 0x1f, 0x0c, 0xff, 0x1f, 0x0c, 0xff, 0x1f, 0x0c, 0xff, 0x1f, 0x0c, 0xff, 0x1f, 0x0c, 0xff, 0x1f, 0x0c, 0xff, 0x00, 0x00, 0x00, 0x00, 0x00, 0x00, 0x00, 0x00, 0x00, 0x00, 0x00, 0x00, 0x00, 0x00, 0x00,
  0x00, 0x00, 0x00, 0x00, 0x00, 0x00, 0x00, 0x00, 0x00, 0x00, 0x00, 0x00, 0x00, 0x00, 0x00, 0x00, 0x00, 0x00, 0x00, 0x00, 0x00, 0x00, 0x00, 0x00, 0x00, 0x00, 0x00, 0x00, 0x00, 0x00, 0x00, 0x00, 0x00, 0x00, 0x00, 0x00,
  0x1f, 0x0c, 0xff, 0x1f, 0x0c, 0xff, 0x1f, 0x0c, 0xff, 0x1f, 0x0c, 0xff, 0x1f, 0x0c, 0xff, 0x1f, 0x0c, 0xff, 0x1f, 0x0c, 0xff, 0x1f, 0x0c, 0xff, 0x1f, 0x0c, 0xff, 0x1f, 0x0c, 0xff, 0x1f, 0x0c, 0xff, 0x1f, 0x0c, 0xff,
  0x1f, 0x0c, 0xff, 0x1f, 0x0c, 0xff, 0x1f, 0x0c, 0xff, 0x1f, 0x0c, 0xff, 0x1f, 0x0c, 0xff, 0x1f, 0x0c, 0xff, 0x1f, 0x0c, 0xff, 0x1f, 0x0c, 0xff, 0x1f, 0x0c, 0xff, 0x1f, 0x0c, 0xff, 0x1f, 0x0c, 0xff, 0x1f, 0x0c, 0xff,
  0x1f, 0x0c, 0xff, 0x1f, 0x0c, 0xff, 0x1f, 0x0c, 0xff, 0x1f, 0x0c, 0xff, 0x1f, 0x0c, 0xff, 0x1f, 0x0c, 0xff, 0x1f, 0x0c, 0xff, 0x1f, 0x0c, 0xff, 0x1f, 0x0c, 0xff, 0x1f, 0x0c, 0xff, 0x1f, 0x0c, 0xff, 0x1f, 0x0c, 0xff,
  0x1f, 0x0c, 0xff, 0x1f, 0x0c, 0xff, 0x1f, 0x0c, 0xff, 0x1f, 0x0c, 0xff, 0x1f, 0x0c, 0xff, 0x1f, 0x0c, 0xff, 0x1f, 0x0c, 0xff, 0x1f, 0x0c, 0xff, 0x1f, 0x0c, 0xff, 0x1f, 0x0c, 0xff, 0x1f, 0x0c, 0xff, 0x1f, 0x0c, 0xff,
  0x1f, 0x0c, 0xff, 0x1f, 0x0c, 0xff, 0x1f, 0x0c, 0xff, 0x1f, 0x0c, 0xff, 0x1f, 0x0c, 0xff, 0x1f, 0x0c, 0xff, 0x1f, 0x0c, 0xff, 0x1f, 0x0c, 0xff, 0x1f, 0x0c, 0xff, 0x1f, 0x0c, 0xff, 0x1f, 0x0c, 0xff, 0x1f, 0x0c, 0xff,
  0x1f, 0x0c, 0xff, 0x1f, 0x0c, 0xff, 0x1f, 0x0c, 0xff, 0x1f, 0x0c, 0xff, 0x1f, 0x0c, 0xff, 0x1f, 0x0c, 0xff, 0x1f, 0x0c, 0xff, 0x1f, 0x0c, 0xff, 0x1f, 0x0c, 0xff, 0x1f, 0x0c, 0xff, 0x1f, 0x0c, 0xff, 0x1f, 0x0c, 0xff,
  0x1f, 0x0c, 0xff, 0x1f, 0x0c, 0xff, 0x1f, 0x0c, 0xff, 0x1f, 0x0c, 0xff, 0x1f, 0x0c, 0xff, 0x1f, 0x0c, 0xff, 0x1f, 0x0c, 0xff, 0x1f, 0x0c, 0xff, 0x1f, 0x0c, 0xff, 0x1f, 0x0c, 0xff, 0x1f, 0x0c, 0xff, 0x1f, 0x0c, 0xff,
  0x1f, 0x0c, 0xff, 0x1f, 0x0c, 0xff, 0x1f, 0x0c, 0xff, 0x1f, 0x0c, 0xff, 0x1f, 0x0c, 0xff, 0x1f, 0x0c, 0xff, 0x1f, 0x0c, 0xff, 0x1f, 0x0c, 0xff, 0x1f, 0x0c, 0xff, 0x1f, 0x0c, 0xff, 0x1f, 0x0c, 0xff, 0x1f, 0x0c, 0xff,
  0x00, 0x00, 0x00, 0x00, 0x00, 0x00, 0x00, 0x00, 0x00, 0x00, 0x00, 0x00, 0x00, 0x00, 0x00, 0x00, 0x00, 0x00, 0x00, 0x00, 0x00, 0x00, 0x00, 0x00, 0x00, 0x00, 0x00, 0x00, 0x00, 0x00, 0x00, 0x00, 0x00, 0x00, 0x00, 0x00,
  0x00, 0x00, 0x00, 0x00, 0x00, 0x00, 0x00, 0x00, 0x00, 0x1f, 0x14, 0xff, 0x1f, 0x14, 0xff, 0x1f, 0x14, 0xff, 0x1f, 0x14, 0xff, 0x1f, 0x14, 0xff, 0x1f, 0x14, 0xff, 0x1f, 0x14, 0xff, 0x1f, 0x14, 0xff, 0x1f, 0x14, 0xff,
  0x1f, 0x14, 0xff, 0x1f, 0x14, 0xff, 0x1f, 0x14, 0xff, 0x1f, 0x14, 0xff, 0x1f, 0x14, 0xff, 0x1f, 0x14, 0xff, 0x1f, 0x14, 0xff, 0x1f, 0x14, 0xff, 0x1f, 0x14, 0xff, 0x1f, 0x14, 0xff, 0x1f, 0x14, 0xff, 0x1f, 0x14, 0xff,
  0x1f, 0x14, 0xff, 0x1f, 0x14, 0xff, 0x1f, 0x14, 0xff, 0x1f, 0x14, 0xff, 0x1f, 0x14, 0xff, 0x1f, 0x14, 0xff, 0x1f, 0x14, 0xff, 0x1f, 0x14, 0xff, 0x1f, 0x14, 0xff, 0x1f, 0x14, 0xff, 0x1f, 0x14, 0xff, 0x1f, 0x14, 0xff,
  0x1f, 0x14, 0xff, 0x1f, 0x14, 0xff, 0x1f, 0x14, 0xff, 0x1f, 0x14, 0xff, 0x1f, 0x14, 0xff, 0x1f, 0x14, 0xff, 0x1f, 0x14, 0xff, 0x1f, 0x14, 0xff, 0x1f, 0x14, 0xff, 0x1f, 0x14, 0xff, 0x1f, 0x14, 0xff, 0x1f, 0x14, 0xff,
  0x1f, 0x14, 0xff, 0x1f, 0x14, 0xff, 0x1f, 0x14, 0xff, 0x1f, 0x14, 0xff, 0x1f, 0x14, 0xff, 0x1f, 0x14, 0xff, 0x1f, 0x14, 0xff, 0x1f, 0x14, 0xff, 0x1f, 0x14, 0xff, 0x1f, 0x14, 0xff, 0x1f, 0x14, 0xff, 0x1f, 0x14, 0xff,
  0x1f, 0x14, 0xff, 0x1f, 0x14, 0xff, 0x1f, 0x14, 0xff, 0x1f, 0x14, 0xff, 0x1f, 0x14, 0xff, 0x1f, 0x14, 0xff, 0x1f, 0x14, 0xff, 0x1f, 0x14, 0xff, 0x1f, 0x14, 0xff, 0x1f, 0x14, 0xff, 0x1f, 0x14, 0xff, 0x1f, 0x14, 0xff,
  0x1f, 0x14, 0xff, 0x1f, 0x14, 0xff, 0x1f, 0x14, 0xff, 0x1f, 0x14, 0xff, 0x1f, 0x14, 0xff, 0x1f, 0x14, 0xff, 0x1f, 0x14, 0xff, 0x1f, 0x14, 0xff, 0x1f, 0x14, 0xff, 0x1f, 0x14, 0xff, 0x1f, 0x14, 0xff, 0x1f, 0x14, 0xff,
  0x1f, 0x14, 0xff, 0x1f, 0x14, 0xff, 0x1f, 0x14, 0xff, 0x1f, 0x14, 0xff, 0x1f, 0x14, 0xff, 0x1f, 0x14, 0xff, 0x1f, 0x14, 0xff, 0x1f, 0x14, 0xff, 0x1f, 0x14, 0xff, 0x1f, 0x14, 0xff, 0x1f, 0x14, 0xff, 0x1f, 0x14, 0xff,
  0x1f, 0x14, 0xff, 0x1f, 0x14, 0xff, 0x1f, 0x14, 0xff, 0x1f, 0x14, 0xff, 0x1f, 0x14, 0xff, 0x00, 0x00, 0x00, 0x00, 0x00, 0x00, 0x00, 0x00, 0x00, 0x00, 0x00, 0x00, 0x00, 0x00, 0x00, 0x00, 0x00, 0x00, 0x00, 0x00, 0x00,
  0x00, 0x00, 0x00, 0x00, 0x00, 0x00, 0x00, 0x00, 0x00, 0x00, 0x00, 0x00, 0x00, 0x00, 0x00, 0x00, 0x00, 0x00, 0x1f, 0x14, 0xff, 0x1f, 0x14, 0xff, 0x1f, 0x14, 0xff, 0x1f, 0x14, 0xff, 0x1f, 0x14, 0xff, 0x1f, 0x14, 0xff,
  0x1f, 0x14, 0xff, 0x1f, 0x14, 0xff, 0x1f, 0x14, 0xff, 0x1f, 0x14, 0xff, 0x1f, 0x14, 0xff, 0x1f, 0x14, 0xff, 0x1f, 0x14, 0xff, 0x1f, 0x14, 0xff, 0x1f, 0x14, 0xff, 0x1f, 0x14, 0xff, 0x1f, 0x14, 0xff, 0x1f, 0x14, 0xff,
  0x1f, 0x14, 0xff, 0x1f, 0x14, 0xff, 0x1f, 0x14, 0xff, 0x1f, 0x14, 0xff, 0x1f, 0x14, 0xff, 0x1f, 0x14, 0xff, 0x1f, 0x14, 0xff, 0x1f, 0x14, 0xff, 0x1f, 0x14, 0xff, 0x1f, 0x14, 0xff, 0x1f, 0x14, 0xff, 0x1f, 0x14, 0xff,
  0x1f, 0x14, 0xff, 0x1f, 0x14, 0xff, 0x1f, 0x14, 0xff, 0x1f, 0x14, 0xff, 0x1f, 0x14, 0xff, 0x1f, 0x14, 0xff, 0x1f, 0x14, 0xff, 0x1f, 0x14, 0xff, 0x1f, 0x14, 0xff, 0x1f, 0x14, 0xff, 0x1f, 0x14, 0xff, 0x1f, 0x14, 0xff,
  0x1f, 0x14, 0xff, 0x1f, 0x14, 0xff, 0x1f, 0x14, 0xff, 0x1f, 0x14, 0xff, 0x1f, 0x14, 0xff, 0x1f, 0x14, 0xff, 0x1f, 0x14, 0xff, 0x1f, 0x14, 0xff, 0x1f, 0x14, 0xff, 0x1f, 0x14, 0xff, 0x1f, 0x14, 0xff, 0x1f, 0x14, 0xff,
  0x1f, 0x14, 0xff, 0x1f, 0x14, 0xff, 0x1f, 0x14, 0xff, 0x1f, 0x14, 0xff, 0x1f, 0x14, 0xff, 0x1f, 0x14, 0xff, 0x1f, 0x14, 0xff, 0x1f, 0x14, 0xff, 0x1f, 0x14, 0xff, 0x1f, 0x14, 0xff, 0x1f, 0x14, 0xff, 0x1f, 0x14, 0xff,
  0x1f, 0x14, 0xff, 0x1f, 0x14, 0xff, 0x1f, 0x14, 0xff, 0x1f, 0x14, 0xff, 0x1f, 0x14, 0xff, 0x1f, 0x14, 0xff, 0x1f, 0x14, 0xff, 0x1f, 0x14, 0xff, 0x1f, 0x14, 0xff, 0x1f, 0x14, 0xff, 0x1f, 0x14, 0xff, 0x1f, 0x14, 0xff,
  0x1f, 0x14, 0xff, 0x1f, 0x14, 0xff, 0x1f, 0x14, 0xff, 0x1f, 0x14, 0xff, 0x1f, 0x14, 0xff, 0x1f, 0x14, 0xff, 0x1f, 0x14, 0xff, 0x1f, 0x14, 0xff, 0x1f, 0x14, 0xff, 0x1f, 0x14, 0xff, 0x1f, 0x14, 0xff, 0x1f, 0x14, 0xff,
  0x1f, 0x14, 0xff, 0x1f, 0x14, 0xff, 0x1f, 0x14, 0xff, 0x1f, 0x14, 0xff, 0x1f, 0x14, 0xff, 0x1f, 0x14, 0xff, 0x1f, 0x14, 0xff, 0x1f, 0x14, 0xff, 0x1f, 0x14, 0xff, 0x1f, 0x14, 0xff, 0x00, 0x00, 0x00, 0x00, 0x00, 0x00,
  0x00, 0x00, 0x00, 0x00, 0x00, 0x00, 0x00, 0x00, 0x00, 0x00, 0x00, 0x00, 0x00, 0x00, 0x00, 0x00, 0x00, 0x00, 0x00, 0x00, 0x00, 0x00, 0x00, 0x00, 0x00, 0x00, 0x00, 0x1f, 0x14, 0xff, 0x1f, 0x14, 0xff, 0x1f, 0x14, 0xff,
  0x1f, 0x14, 0xff, 0x1f, 0x14, 0xff, 0x1f, 0x14, 0xff, 0x1f, 0x14, 0xff, 0x1f, 0x14, 0xff, 0x1f, 0x14, 0xff, 0x1f, 0x14, 0xff, 0x1f, 0x14, 0xff, 0x1f, 0x14, 0xff, 0x1f, 0x14, 0xff, 0x1f, 0x14, 0xff, 0x1f, 0x14, 0xff,
  0x1f, 0x14, 0xff, 0x1f, 0x14, 0xff, 0x1f, 0x14, 0xff, 0x1f, 0x14, 0xff, 0x1f, 0x14, 0xff, 0x1f, 0x14, 0xff, 0x1f, 0x14, 0xff, 0x1f, 0x14, 0xff, 0x1f, 0x14, 0xff, 0x1f, 0x14, 0xff, 0x1f, 0x14, 0xff, 0x1f, 0x14, 0xff,
  0x1f, 0x14, 0xff, 0x1f, 0x14, 0xff, 0x1f, 0x14, 0xff, 0x1f, 0x14, 0xff, 0x1f, 0x14, 0xff, 0x1f, 0x14, 0xff, 0x1f, 0x14, 0xff, 0x1f, 0x14, 0xff, 0x1f, 0x14, 0xff, 0x1f, 0x14, 0xff, 0x1f, 0x14, 0xff, 0x1f, 0x14, 0xff,
  0x1f, 0x14, 0xff, 0x1f, 0x14, 0xff, 0x1f, 0x14, 0xff, 0x1f, 0x14, 0xff, 0x1f, 0x14, 0xff, 0x1f, 0x14, 0xff, 0x1f, 0x14, 0xff, 0x1f, 0x14, 0xff, 0x1f, 0x14, 0xff, 0x1f, 0x14, 0xff, 0x1f, 0x14, 0xff, 0x1f, 0x14, 0xff,
  0x1f, 0x14, 0xff, 0x1f, 0x14, 0xff, 0x1f, 0x14, 0xff, 0x1f, 0x14, 0xff, 0x1f, 0x14, 0xff, 0x1f, 0x14, 0xff, 0x1f, 0x14, 0xff, 0x1f, 0x14, 0xff, 0x1f, 0x14, 0xff, 0x1f, 0x14, 0xff, 0x1f, 0x14, 0xff, 0x1f, 0x14, 0xff,
  0x1f, 0x14, 0xff, 0x1f, 0x14, 0xff, 0x1f, 0x14, 0xff, 0x1f, 0x14, 0xff, 0x1f, 0x14, 0xff, 0x1f, 0x14, 0xff, 0x1f, 0x14, 0xff, 0x1f, 0x14, 0xff, 0x1f, 0x14, 0xff, 0x1f, 0x14, 0xff, 0x1f, 0x14, 0xff, 0x1f, 0x14, 0xff,
  0x1f, 0x14, 0xff, 0x1f, 0x14, 0xff, 0x1f, 0x14, 0xff, 0x1f, 0x14, 0xff, 0x1f, 0x14, 0xff, 0x1f, 0x14, 0xff, 0x1f, 0x14, 0xff, 0x1f, 0x14, 0xff, 0x1f, 0x14, 0xff, 0x1f, 0x14, 0xff, 0x1f, 0x14, 0xff, 0x1f, 0x14, 0xff,
  0x1f, 0x14, 0xff, 0x1f, 0x14, 0xff, 0x1f, 0x14, 0xff, 0x1f, 0x14, 0xff, 0x1f, 0x14, 0xff, 0x1f, 0x14, 0xff, 0x1f, 0x14, 0xff, 0x1f, 0x14, 0xff, 0x1f, 0x14, 0xff, 0x1f, 0x14, 0xff, 0x1f, 0x14, 0xff, 0x1f, 0x14, 0xff,
  0x1f, 0x14, 0xff, 0x1f, 0x14, 0xff, 0x1f, 0x14, 0xff, 0x00, 0x00, 0x00, 0x00, 0x00, 0x00, 0x00, 0x00, 0x00, 0x00, 0x00, 0x00, 0x00, 0x00, 0x00, 0x00, 0x00, 0x00, 0x00, 0x00, 0x00, 0x00, 0x00, 0x00, 0x00, 0x00, 0x00,
  0x1f, 0x14, 0xff, 0x1f, 0x14, 0xff, 0x1f, 0x14, 0xff, 0x1f, 0x14, 0xff, 0x1f, 0x14, 0xff, 0x1f, 0x14, 0xff, 0x1f, 0x14, 0xff, 0x1f, 0x14, 0xff, 0x1f, 0x14, 0xff, 0x1f, 0x14, 0xff, 0x1f, 0x14, 0xff, 0x1f, 0x14, 0xff,
  0x1f, 0x14, 0xff, 0x1f, 0x14, 0xff, 0x1f, 0x14, 0xff, 0x1f, 0x14, 0xff, 0x1f, 0x14, 0xff, 0x1f, 0x14, 0xff, 0x1f, 0x14, 0xff, 0x1f, 0x14, 0xff, 0x1f, 0x14, 0xff, 0x1f, 0x14, 0xff, 0x1f, 0x14, 0xff, 0x1f, 0x14, 0xff,
  0x1f, 0x14, 0xff, 0x1f, 0x14, 0xff, 0x1f, 0x14, 0xff, 0x1f, 0x14, 0xff, 0x1f, 0x14, 0xff, 0x1f, 0x14, 0xff, 0x1f, 0x14, 0xff, 0x1f, 0x14, 0xff, 0x1f, 0x14, 0xff, 0x1f, 0x14, 0xff, 0x1f, 0x14, 0xff, 0x1f, 0x14, 0xff,
  0x1f, 0x14, 0xff, 0x1f, 0x14, 0xff, 0x1f, 0x14, 0xff, 0x1f, 0x14, 0xff, 0x1f, 0x14, 0xff, 0x1f, 0x14, 0xff, 0x1f, 0x14, 0xff, 0x1f, 0x14, 0xff, 0x1f, 0x14, 0xff, 0x1f, 0x14, 0xff, 0x1f, 0x14, 0xff, 0x1f, 0x14, 0xff,
  0x1f, 0x14, 0xff, 0x1f, 0x14, 0xff, 0x1f, 0x14, 0xff, 0x1f, 0x14, 0xff, 0x1f, 0x14, 0xff, 0x1f, 0x14, 0xff, 0x1f, 0x14, 0xff, 0x1f, 0x14, 0xff, 0x1f, 0x14, 0xff, 0x1f, 0x14, 0xff, 0x1f, 0x14, 0xff, 0x1f, 0x14, 0xff,
  0x1f, 0x14, 0xff, 0x1f, 0x14, 0xff, 0x1f, 0x14, 0xff, 0x1f, 0x14, 0xff, 0x1f, 0x14, 0xff, 0x1f, 0x14, 0xff, 0x1f, 0x14, 0xff, 0x1f, 0x14, 0xff, 0x1f, 0x14, 0xff, 0x1f, 0x14, 0xff, 0x1f, 0x14, 0xff, 0x1f, 0x14, 0xff,
  0x1f, 0x14, 0xff, 0x1f, 0x14, 0xff, 0x1f, 0x14, 0xff, 0x1f, 0x14, 0xff, 0x1f, 0x14, 0xff, 0x1f, 0x14, 0xff, 0x1f, 0x14, 0xff, 0x1f, 0x14, 0xff, 0x1f, 0x14, 0xff, 0x1f, 0x14, 0xff, 0x1f, 0x14, 0xff, 0x1f, 0x14, 0xff,
  0x1f, 0x14, 0xff, 0x1f, 0x14, 0xff, 0x1f, 0x14, 0xff, 0x1f, 0x14, 0xff, 0x1f, 0x14, 0xff, 0x1f, 0x14, 0xff, 0x1f, 0x14, 0xff, 0x1f, 0x14, 0xff, 0x1f, 0x14, 0xff, 0x1f, 0x14, 0xff, 0x1f, 0x14, 0xff, 0x1f, 0x14, 0xff,
  0x1f, 0x14, 0xff, 0x1f, 0x14, 0xff, 0x1f, 0x14, 0xff, 0x1f, 0x14, 0xff, 0x1f, 0x14, 0xff, 0x1f, 0x14, 0xff, 0x1f, 0x14, 0xff, 0x1f, 0x14, 0xff, 0x00, 0x00, 0x00, 0x00, 0x00, 0x00, 0x00, 0x00, 0x00, 0x00, 0x00, 0x00,
  0x00, 0x00, 0x00, 0x00, 0x00, 0x00, 0x00, 0x00, 0x00, 0x00, 0x00, 0x00, 0x1f, 0x14, 0xff, 0x1f, 0x14, 0xff, 0x1f, 0x14, 0xff, 0x1f, 0x14, 0xff, 0x1f, 0x14, 0xff, 0x1f, 0x14, 0xff, 0x1f, 0x14, 0xff, 0x1f, 0x14, 0xff,
  0x1f, 0x14, 0xff, 0x1f, 0x14, 0xff, 0x1f, 0x14, 0xff, 0x1f, 0x14, 0xff, 0x1f, 0x14, 0xff, 0x1f, 0x14, 0xff, 0x1f, 0x14, 0xff, 0x1f, 0x14, 0xff, 0x1f, 0x14, 0xff, 0x1f, 0x14, 0xff, 0x1f, 0x14, 0xff, 0x1f, 0x14, 0xff,
  0x1f, 0x14, 0xff, 0x1f, 0x14, 0xff, 0x1f, 0x14, 0xff, 0x1f, 0x14, 0xff, 0x1f, 0x14, 0xff, 0x1f, 0x14, 0xff, 0x1f, 0x14, 0xff, 0x1f, 0x14, 0xff, 0x1f, 0x14, 0xff, 0x1f, 0x14, 0xff, 0x1f, 0x14, 0xff, 0x1f, 0x14, 0xff,
  0x1f, 0x14, 0xff, 0x1f, 0x14, 0xff, 0x1f, 0x14, 0xff, 0x1f, 0x14, 0xff, 0x1f, 0x14, 0xff, 0x1f, 0x14, 0xff, 0x1f, 0x14, 0xff, 0x1f, 0x14, 0xff, 0x1f, 0x14, 0xff, 0x1f, 0x14, 0xff, 0x1f, 0x14, 0xff, 0x1f, 0x14, 0xff,
  0x1f, 0x14, 0xff, 0x1f, 0x14, 0xff, 0x1f, 0x14, 0xff, 0x1f, 0x14, 0xff, 0x1f, 0x14, 0xff, 0x1f, 0x14, 0xff, 0x1f, 0x14, 0xff, 0x1f, 0x14, 0xff, 0x1f, 0x14, 0xff, 0x1f, 0x14, 0xff, 0x1f, 0x14, 0xff, 0x1f, 0x14, 0xff,
  0x1f, 0x14, 0xff, 0x1f, 0x14, 0xff, 0x1f, 0x14, 0xff, 0x1f, 0x14, 0xff, 0x1f, 0x14, 0xff, 0x1f, 0x14, 0xff, 0x1f, 0x14, 0xff, 0x1f, 0x14, 0xff, 0x1f, 0x14, 0xff, 0x1f, 0x14, 0xff, 0x1f, 0x14, 0xff, 0x1f, 0x14, 0xff,
  0x1f, 0x14, 0xff, 0x1f, 0x14, 0xff, 0x1f, 0x14, 0xff, 0x1f, 0x14, 0xff, 0x1f, 0x14, 0xff, 0x1f, 0x14, 0xff, 0x1f, 0x14, 0xff, 0x1f, 0x14, 0xff, 0x1f, 0x14, 0xff, 0x1f, 0x14, 0xff, 0x1f, 0x14, 0xff, 0x1f, 0x14, 0xff,
  0x1f, 0x14, 0xff, 0x1f, 0x14, 0xff, 0x1f, 0x14, 0xff, 0x1f, 0x14, 0xff, 0x1f, 0x14, 0xff, 0x1f, 0x14, 0xff, 0x1f, 0x14, 0xff, 0x1f, 0x14, 0xff, 0x1f, 0x14, 0xff, 0x1f, 0x14, 0xff, 0x1f, 0x14, 0xff, 0x1f, 0x14, 0xff,
  0x1f, 0x14, 0xff, 0x1f, 0x14, 0xff, 0x1f, 0x14, 0xff, 0x1f, 0x14, 0xff, 0x1f, 0x14, 0xff, 0x1f, 0x14, 0xff, 0x1f, 0x14, 0xff, 0x1f, 0x14, 0xff, 0x1f, 0x14, 0xff, 0x1f, 0x14, 0xff, 0x1f, 0x14, 0xff, 0x1f, 0x14, 0xff,
  0x00, 0x00, 0x00, 0x00, 0x00, 0x00, 0x00, 0x00, 0x00, 0x00, 0x00, 0x00, 0x00, 0x00, 0x00, 0x00, 0x00, 0x00, 0x00, 0x00, 0x00, 0xff, 0x13, 0xff, 0xff, 0x13, 0xff, 0xff, 0x13, 0xff, 0xff, 0x13, 0xff, 0xff, 0x13, 0xff,
  0xff, 0x13, 0xff, 0xff, 0x13, 0xff, 0xff, 0x13, 0xff, 0xff, 0x13, 0xff, 0xff, 0x13, 0xff, 0xff, 0x13, 0xff, 0xff, 0x13, 0xff, 0xff, 0x13, 0xff, 0xff, 0x13, 0xff, 0xff, 0x13, 0xff, 0xff, 0x13, 0xff, 0xff, 0x13, 0xff,
  0xff, 0x13, 0xff, 0xff, 0x13, 0xff, 0xff, 0x13, 0xff, 0xff, 0x13, 0xff, 0xff, 0x13, 0xff, 0xff, 0x13, 0xff, 0xff, 0x13, 0xff, 0xff, 0x13, 0xff, 0xff, 0x13, 0xff, 0xff, 0x13, 0xff, 0xff, 0x13, 0xff, 0xff, 0x13, 0xff,
  0xff, 0x13, 0xff, 0xff, 0x13, 0xff, 0xff, 0x13, 0xff, 0xff, 0x13, 0xff, 0xff, 0x13, 0xff, 0xff, 0x13, 0xff, 0xff, 0x13, 0xff, 0xff, 0x13, 0xff, 0xff, 0x13, 0xff, 0xff, 0x13, 0xff, 0xff, 0x13, 0xff, 0xff, 0x13, 0xff,
  0xff, 0x13, 0xff, 0xff, 0x13, 0xff, 0xff, 0x13, 0xff, 0xff, 0x13, 0xff, 0xff, 0x13, 0xff, 0xff, 0x13, 0xff, 0xff, 0x13, 0xff, 0xff, 0x13, 0xff, 0xff, 0x13, 0xff, 0xff, 0x13, 0xff, 0xff, 0x13, 0xff, 0xff, 0x13, 0xff,
  0xff, 0x13, 0xff, 0xff, 0x13, 0xff, 0xff, 0x13, 0xff, 0xff, 0x13, 0xff, 0xff, 0x13, 0xff, 0xff, 0x13, 0xff, 0xff, 0x13, 0xff, 0xff, 0x13, 0xff, 0xff, 0x13, 0xff, 0xff, 0x13, 0xff, 0xff, 0x13, 0xff, 0xff, 0x13, 0xff,
  0xff, 0x13, 0xff, 0xff, 0x13, 0xff, 0xff, 0x13, 0xff, 0xff, 0x13, 0xff, 0xff, 0x13, 0xff, 0xff, 0x13, 0xff, 0xff, 0x13, 0xff, 0xff, 0x13, 0xff, 0xff, 0x13, 0xff, 0xff, 0x13, 0xff, 0xff, 0x13, 0xff, 0xff, 0x13, 0xff,
  0xff, 0x13, 0xff, 0xff, 0x13, 0xff, 0xff, 0x13, 0xff, 0xff, 0x13, 0xff, 0xff, 0x13, 0xff, 0xff, 0x13, 0xff, 0xff, 0x13, 0xff, 0xff, 0x13, 0xff, 0xff, 0x13, 0xff, 0xff, 0x13, 0xff, 0xff, 0x13, 0xff, 0xff, 0x13, 0xff,
  0xff, 0x13, 0xff, 0xff, 0x13, 0xff, 0xff, 0x13, 0xff, 0xff, 0x13, 0xff, 0xff, 0x13, 0xff, 0xff, 0x13, 0xff, 0xff, 0x13, 0xff, 0xff, 0x13, 0xff, 0xff, 0x13, 0xff, 0xff, 0x13, 0xff, 0xff, 0x13, 0xff, 0xff, 0x13, 0xff,
  0xff, 0x13, 0xff, 0xff, 0x13, 0xff, 0xff, 0x13, 0xff, 0xff, 0x13, 0xff, 0xff, 0x13, 0xff, 0x00, 0x00, 0x00, 0x00, 0x00, 0x00, 0x00, 0x00, 0x00, 0x00, 0x00, 0x00, 0x00, 0x00, 0x00, 0x00, 0x00, 0x00, 0xff, 0x13, 0xff,
  0xff, 0x13, 0xff, 0xff, 0x13, 0xff, 0xff, 0x13, 0xff, 0xff, 0x13, 0xff, 0xff, 0x13, 0xff, 0xff, 0x13, 0xff, 0xff, 0x13, 0xff, 0xff, 0x13, 0xff, 0xff, 0x13, 0xff, 0xff, 0x13, 0xff, 0xff, 0x13, 0xff, 0xff, 0x13, 0xff,
  0xff, 0x13, 0xff, 0xff, 0x13, 0xff, 0xff, 0x13, 0xff, 0xff, 0x13, 0xff, 0xff, 0x13, 0xff, 0xff, 0x13, 0xff, 0xff, 0x13, 0xff, 0xff, 0x13, 0xff, 0xff, 0x13, 0xff, 0xff, 0x13, 0xff, 0xff, 0x13, 0xff, 0xff, 0x13, 0xff,
  0xff, 0x13, 0xff, 0xff, 0x13, 0xff, 0xff, 0x13, 0xff, 0xff, 0x13, 0xff, 0xff, 0x13, 0xff, 0xff, 0x13, 0xff, 0xff, 0x13, 0xff, 0xff, 0x13, 0xff, 0xff, 0x13, 0xff, 0xff, 0x13, 0xff, 0xff, 0x13, 0xff, 0xff, 0x13, 0xff,
  0xff, 0x13, 0xff, 0xff, 0x13, 0xff, 0xff, 0x13, 0xff, 0xff, 0x13, 0xff, 0xff, 0x13, 0xff, 0xff, 0x13, 0xff, 0xff, 0x13, 0xff, 0xff, 0x13, 0xff, 0xff, 0x13, 0xff, 0xff, 0x13, 0xff, 0xff, 0x13, 0xff, 0xff, 0x13, 0xff,
  0xff, 0x13, 0xff, 0xff, 0x13, 0xff, 0xff, 0x13, 0xff, 0xff, 0x13, 0xff, 0xff, 0x13, 0xff, 0xff, 0x13, 0xff, 0xff, 0x13, 0xff, 0xff, 0x13, 0xff, 0xff, 0x13, 0xff, 0xff, 0x13, 0xff, 0xff, 0x13, 0xff, 0xff, 0x13, 0xff,
  0xff, 0x13, 0xff, 0xff, 0x13, 0xff, 0xff, 0x13, 0xff, 0xff, 0x13, 0xff, 0xff, 0x13, 0xff, 0xff, 0x13, 0xff, 0xff, 0x13, 0xff, 0xff, 0x13, 0xff, 0xff, 0x13, 0xff, 0xff, 0x13, 0xff, 0xff, 0x13, 0xff, 0xff, 0x13, 0xff,
  0xff, 0x13, 0xff, 0xff, 0x13, 0xff, 0xff, 0x13, 0xff, 0xff, 0x13, 0xff, 0xff, 0x13, 0xff, 0xff, 0x13, 0xff, 0xff, 0x13, 0xff, 0xff, 0x13, 0xff, 0xff, 0x13, 0xff, 0xff, 0x13, 0xff, 0xff, 0x13, 0xff, 0xff, 0x13, 0xff,
  0xff, 0x13, 0xff, 0xff, 0x13, 0xff, 0xff, 0x13, 0xff, 0xff, 0x13, 0xff, 0xff, 0x13, 0xff, 0xff, 0x13, 0xff, 0xff, 0x13, 0xff, 0xff, 0x13, 0xff, 0xff, 0x13, 0xff, 0xff, 0x13, 0xff, 0xff, 0x13, 0xff, 0xff, 0x13, 0xff,
  0xff, 0x13, 0xff, 0xff, 0x13, 0xff, 0xff, 0x13, 0xff, 0xff, 0x13, 0xff, 0xff, 0x13, 0xff, 0xff, 0x13, 0xff, 0xff, 0x13, 0xff, 0xff, 0x13, 0xff, 0xff, 0x13, 0xff, 0x00, 0x00, 0x00, 0x00, 0x00, 0x00, 0x00, 0x00, 0x00,
  0x00, 0x00, 0x00, 0x00, 0x00, 0x00, 0xff, 0x13, 0xff, 0xff, 0x13, 0xff, 0xff, 0x13, 0xff, 0xff, 0x13, 0xff, 0xff, 0x13, 0xff, 0xff, 0x13, 0xff, 0xff, 0x13, 0xff, 0xff, 0x13, 0xff, 0xff, 0x13, 0xff, 0xff, 0x13, 0xff,
  0xff, 0x13, 0xff, 0xff, 0x13, 0xff, 0xff, 0x13, 0xff, 0xff, 0x13, 0xff, 0xff, 0x13, 0xff, 0xff, 0x13, 0xff, 0xff, 0x13, 0xff, 0xff, 0x13, 0xff, 0xff, 0x13, 0xff, 0xff, 0x13, 0xff, 0xff, 0x13, 0xff, 0xff, 0x13, 0xff,
  0xff, 0x13, 0xff, 0xff, 0x13, 0xff, 0xff, 0x13, 0xff, 0xff, 0x13, 0xff, 0xff, 0x13, 0xff, 0xff, 0x13, 0xff, 0xff, 0x13, 0xff, 0xff, 0x13, 0xff, 0xff, 0x13, 0xff, 0xff, 0x13, 0xff, 0xff, 0x13, 0xff, 0xff, 0x13, 0xff,
  0xff, 0x13, 0xff, 0xff, 0x13, 0xff, 0xff, 0x13, 0xff, 0xff, 0x13, 0xff, 0xff, 0x13, 0xff, 0xff, 0x13, 0xff, 0xff, 0x13, 0xff, 0xff, 0x13, 0xff, 0xff, 0x13, 0xff, 0xff, 0x13, 0xff, 0xff, 0x13, 0xff, 0xff, 0x13, 0xff,
  0xff, 0x13, 0xff, 0xff, 0x13, 0xff, 0xff, 0x13, 0xff, 0xff, 0x13, 0xff, 0xff, 0x13, 0xff, 0xff, 0x13, 0xff, 0xff, 0x13, 0xff, 0xff, 0x13, 0xff, 0xff, 0x13, 0xff, 0xff, 0x13, 0xff, 0xff, 0x13, 0xff, 0xff, 0x13, 0xff,
  0xff, 0x13, 0xff, 0xff, 0x13, 0xff, 0xff, 0x13, 0xff, 0xff, 0x13, 0xff, 0xff, 0x13, 0xff, 0xff, 0x13, 0xff, 0xff, 0x13, 0xff, 0xff, 0x13, 0xff, 0xff, 0x13, 0xff, 0xff, 0x13, 0xff, 0xff, 0x13, 0xff, 0xff, 0x13, 0xff,
  0xff, 0x13, 0xff, 0xff, 0x13, 0xff, 0xff, 0x13, 0xff, 0xff, 0x13, 0xff, 0xff, 0x13, 0xff, 0xff, 0x13, 0xff, 0xff, 0x13, 0xff, 0xff, 0x13, 0xff, 0xff, 0x13, 0xff, 0xff, 0x13, 0xff, 0xff, 0x13, 0xff, 0xff, 0x13, 0xff,
  0xff, 0x13, 0xff, 0xff, 0x13, 0xff, 0xff, 0x13, 0xff, 0xff, 0x13, 0xff, 0xff, 0x13, 0xff, 0xff, 0x13, 0xff, 0xff, 0x13, 0xff, 0xff, 0x13, 0xff, 0xff, 0x13, 0xff, 0xff, 0x13, 0xff, 0xff, 0x13, 0xff, 0xff, 0x13, 0xff,
  0xff, 0x13, 0xff, 0xff, 0x13, 0xff, 0xff, 0x13, 0xff, 0xff, 0x13, 0xff, 0xff, 0x13, 0xff, 0xff, 0x13, 0xff, 0xff, 0x13, 0xff, 0xff, 0x13, 0xff, 0xff, 0x13, 0xff, 0xff, 0x13, 0xff, 0xff, 0x13, 0xff, 0xff, 0x13, 0xff,
  0xff, 0x13, 0xff, 0xff, 0x13, 0xff, 0x00, 0x00, 0x00, 0x00, 0x00, 0x00, 0x00, 0x00, 0x00, 0x00, 0x00, 0x00, 0xff, 0x13, 0xff, 0xff, 0x13, 0xff, 0xff, 0x13, 0xff, 0xff, 0x13, 0xff, 0xff, 0x13, 0xff, 0xff, 0x13, 0xff,
  0xff, 0x13, 0xff, 0xff, 0x13, 0xff, 0xff, 0x13, 0xff, 0xff, 0x13, 0xff, 0xff, 0x13, 0xff, 0xff, 0x13, 0xff, 0xff, 0x13, 0xff, 0xff, 0x13, 0xff, 0xff, 0x13, 0xff, 0xff, 0x13, 0xff, 0xff, 0x13, 0xff, 0xff, 0x13, 0xff,
  0xff, 0x13, 0xff, 0xff, 0x13, 0xff, 0xff, 0x13, 0xff, 0xff, 0x13, 0xff, 0xff, 0x13, 0xff, 0xff, 0x13, 0xff, 0xff, 0x13, 0xff, 0xff, 0x13, 0xff, 0xff, 0x13, 0xff, 0xff, 0x13, 0xff, 0xff, 0x13, 0xff, 0xff, 0x13, 0xff,
  0xff, 0x13, 0xff, 0xff, 0x13, 0xff, 0xff, 0x13, 0xff, 0xff, 0x13, 0xff, 0xff, 0x13, 0xff, 0xff, 0x13, 0xff, 0xff, 0x13, 0xff, 0xff, 0x13, 0xff, 0xff, 0x13, 0xff, 0xff, 0x13, 0xff, 0xff, 0x13, 0xff, 0xff, 0x13, 0xff,
  0xff, 0x13, 0xff, 0xff, 0x13, 0xff, 0xff, 0x13, 0xff, 0xff, 0x13, 0xff, 0xff, 0x13, 0xff, 0xff, 0x13, 0xff, 0xff, 0x13, 0xff, 0xff, 0x13, 0xff, 0xff, 0x13, 0xff, 0xff, 0x13, 0xff, 0xff, 0x13, 0xff, 0xff, 0x13, 0xff,
  0xff, 0x13, 0xff, 0xff, 0x13, 0xff, 0xff, 0x13, 0xff, 0xff, 0x13, 0xff, 0xff, 0x13, 0xff, 0xff, 0x13, 0xff, 0xff, 0x13, 0xff, 0xff, 0x13, 0xff, 0xff, 0x13, 0xff, 0xff, 0x13, 0xff, 0xff, 0x13, 0xff, 0xff, 0x13, 0xff,
  0xff, 0x13, 0xff, 0xff, 0x13, 0xff, 0xff, 0x13, 0xff, 0xff, 0x13, 0xff, 0xff, 0x13, 0xff, 0xff, 0x13, 0xff, 0xff, 0x13, 0xff, 0xff, 0x13, 0xff, 0xff, 0x13, 0xff, 0xff, 0x13, 0xff, 0xff, 0x13, 0xff, 0xff, 0x13, 0xff,
  0xff, 0x13, 0xff, 0xff, 0x13, 0xff, 0xff, 0x13, 0xff, 0xff, 0x13, 0xff, 0xff, 0x13, 0xff, 0xff, 0x13, 0xff, 0xff, 0x13, 0xff, 0xff, 0x13, 0xff, 0xff, 0x13, 0xff, 0xff, 0x13, 0xff, 0xff, 0x13, 0xff, 0xff, 0x13, 0xff,
  0xff, 0x13, 0xff, 0xff, 0x13, 0xff, 0xff, 0x13, 0xff, 0xff, 0x13, 0xff, 0xff, 0x13, 0xff, 0xff, 0x13, 0xff, 0xff, 0x13, 0xff, 0xff, 0x13, 0xff, 0xff, 0x13, 0xff, 0xff, 0x13, 0xff, 0xff, 0x13, 0xff, 0xff, 0x13, 0xff,
  0xff, 0x13, 0xff, 0xff, 0x13, 0xff, 0xff, 0x13, 0xff, 0xff, 0x13, 0xff, 0xff, 0x13, 0xff, 0xff, 0x13, 0xff, 0x00, 0x00, 0x00, 0x00, 0x00, 0x00, 0x00, 0x00, 0x00, 0xff, 0x13, 0xff, 0xff, 0x13, 0xff, 0xff, 0x13, 0xff,
  0xff, 0x13, 0xff, 0xff, 0x13, 0xff, 0xff, 0x13, 0xff, 0xff, 0x13, 0xff, 0xff, 0x13, 0xff, 0xff, 0x13, 0xff, 0xff, 0x13, 0xff, 0xff, 0x13, 0xff, 0xff, 0x13, 0xff, 0xff, 0x13, 0xff, 0xff, 0x13, 0xff, 0xff, 0x13, 0xff,
  0xff, 0x13, 0xff, 0xff, 0x13, 0xff, 0xff, 0x13, 0xff, 0xff, 0x13, 0xff, 0xff, 0x13, 0xff, 0xff, 0x13, 0xff, 0xff, 0x13, 0xff, 0xff, 0x13, 0xff, 0xff, 0x13, 0xff, 0xff, 0x13, 0xff, 0xff, 0x13, 0xff, 0xff, 0x13, 0xff,
  0xff, 0x13, 0xff, 0xff, 0x13, 0xff, 0xff, 0x13, 0xff, 0xff, 0x13, 0xff, 0xff, 0x13, 0xff, 0xff, 0x13, 0xff, 0xff, 0x13, 0xff, 0xff, 0x13, 0xff, 0xff, 0x13, 0xff, 0xff, 0x13, 0xff, 0xff, 0x13, 0xff, 0xff, 0x13, 0xff,
  0xff, 0x13, 0xff, 0xff, 0x13, 0xff, 0xff, 0x13, 0xff, 0xff, 0x13, 0xff, 0xff, 0x13, 0xff, 0xff, 0x13, 0xff, 0xff, 0x13, 0xff, 0xff, 0x13, 0xff, 0xff, 0x13, 0xff, 0xff, 0x13, 0xff, 0xff, 0x13, 0xff, 0xff, 0x13, 0xff,
  0xff, 0x13, 0xff, 0xff, 0x13, 0xff, 0xff, 0x13, 0xff, 0xff, 0x13, 0xff, 0xff, 0x13, 0xff, 0xff, 0x13, 0xff, 0xff, 0x13, 0xff, 0xff, 0x13, 0xff, 0xff, 0x13, 0xff, 0xff, 0x13, 0xff, 0xff, 0x13, 0xff, 0xff, 0x13, 0xff,
  0xff, 0x13, 0xff, 0xff, 0x13, 0xff, 0xff, 0x13, 0xff, 0xff, 0x13, 0xff, 0xff, 0x13, 0xff, 0xff, 0x13, 0xff, 0xff, 0x13, 0xff, 0xff, 0x13, 0xff, 0xff, 0x13, 0xff, 0xff, 0x13, 0xff, 0xff, 0x13, 0xff, 0xff, 0x13, 0xff,
  0xff, 0x13, 0xff, 0xff, 0x13, 0xff, 0xff, 0x13, 0xff, 0xff, 0x13, 0xff, 0xff, 0x13, 0xff, 0xff, 0x13, 0xff, 0xff, 0x13, 0xff, 0xff, 0x13, 0xff, 0xff, 0x13, 0xff, 0xff, 0x13, 0xff, 0xff, 0x13, 0xff, 0xff, 0x13, 0xff,
  0xff, 0x13, 0xff, 0xff, 0x13, 0xff, 0xff, 0x13, 0xff, 0xff, 0x13, 0xff, 0xff, 0x13, 0xff, 0xff, 0x13, 0xff, 0xff, 0x13, 0xff, 0xff, 0x13, 0xff, 0xff, 0x13, 0xff, 0xff, 0x13, 0xff, 0xff, 0x13, 0xff, 0xff, 0x13, 0xff,
  0xff, 0x13, 0xff, 0xff, 0x13, 0xff, 0xff, 0x13, 0xff, 0xff, 0x13, 0xff, 0xff, 0x13, 0xff, 0xff, 0x13, 0xff, 0xff, 0x13, 0xff, 0xff, 0x13, 0xff, 0xff, 0x13, 0xff, 0xff, 0x13, 0xff, 0xff, 0x13, 0xff, 0x00, 0x00, 0x00,
  0x00, 0x00, 0x00, 0xff, 0x1b, 0xff, 0xff, 0x1b, 0xff, 0xff, 0x1b, 0xff, 0xff, 0x1b, 0xff, 0xff, 0x1b, 0xff, 0xff, 0x1b, 0xff, 0xff, 0x1b, 0xff, 0xff, 0x1b, 0xff, 0xff, 0x1b, 0xff, 0xff, 0x1b, 0xff, 0xff, 0x1b, 0xff,
  0xff, 0x1b, 0xff, 0xff, 0x1b, 0xff, 0xff, 0x1b, 0xff, 0xff, 0x1b, 0xff, 0xff, 0x1b, 0xff, 0xff, 0x1b, 0xff, 0xff, 0x1b, 0xff, 0xff, 0x1b, 0xff, 0xff, 0x1b, 0xff, 0xff, 0x1b, 0xff, 0xff, 0x1b, 0xff, 0xff, 0x1b, 0xff,
  0xff, 0x1b, 0xff, 0xff, 0x1b, 0xff, 0xff, 0x1b, 0xff, 0xff, 0x1b, 0xff, 0xff, 0x1b, 0xff, 0xff, 0x1b, 0xff, 0xff, 0x1b, 0xff, 0xff, 0x1b, 0xff, 0xff, 0x1b, 0xff, 0xff, 0x1b, 0xff, 0xff, 0x1b, 0xff, 0xff, 0x1b, 0xff,
  0xff, 0x1b, 0xff, 0xff, 0x1b, 0xff, 0xff, 0x1b, 0xff, 0xff, 0x1b, 0xff, 0xff, 0x1b, 0xff, 0xff, 0x1b, 0xff, 0xff, 0x1b, 0xff, 0xff, 0x1b, 0xff, 0xff, 0x1b, 0xff, 0xff, 0x1b, 0xff, 0xff, 0x1b, 0xff, 0xff, 0x1b, 0xff,
  0xff, 0x1b, 0xff, 0xff, 0x1b, 0xff, 0xff, 0x1b, 0xff, 0xff, 0x1b, 0xff, 0xff, 0x1b, 0xff, 0xff, 0x1b, 0xff, 0xff, 0x1b, 0xff, 0xff, 0x1b, 0xff, 0xff, 0x1b, 0xff, 0xff, 0x1b, 0xff, 0xff, 0x1b, 0xff, 0xff, 0x1b, 0xff,
  0xff, 0x1b, 0xff, 0xff, 0x1b, 0xff, 0xff, 0x1b, 0xff, 0xff, 0x1b, 0xff, 0xff, 0x1b, 0xff, 0xff, 0x1b, 0xff, 0xff, 0x1b, 0xff, 0xff, 0x1b, 0xff, 0xff, 0x1b, 0xff, 0xff, 0x1b, 0xff, 0xff, 0x1b, 0xff, 0xff, 0x1b, 0xff,
  0xff, 0x1b, 0xff, 0xff, 0x1b, 0xff, 0xff, 0x1b, 0xff, 0xff, 0x1b, 0xff, 0xff, 0x1b, 0xff, 0xff, 0x1b, 0xff, 0xff, 0x1b, 0xff, 0xff, 0x1b, 0xff, 0xff, 0x1b, 0xff, 0xff, 0x1b, 0xff, 0xff, 0x1b, 0xff, 0xff, 0x1b, 0xff,
  0xff, 0x1b, 0xff, 0xff, 0x1b, 0xff, 0xff, 0x1b, 0xff, 0xff, 0x1b, 0xff, 0xff, 0x1b, 0xff, 0xff, 0x1b, 0xff, 0xff, 0x1b, 0xff, 0xff, 0x1b, 0xff, 0xff, 0x1b, 0xff, 0xff, 0x1b, 0xff, 0xff, 0x1b, 0xff, 0xff, 0x1b, 0xff,
  0xff, 0x1b, 0xff, 0xff, 0x1b, 0xff, 0xff, 0x1b, 0xff, 0xff, 0x1b, 0xff, 0xff, 0x1b, 0xff, 0xff, 0x1b, 0xff, 0xff, 0x1b, 0xff, 0xff, 0x1b, 0xff, 0xff, 0x1b, 0xff, 0xff, 0x1b, 0xff, 0xff, 0x1b, 0xff, 0xff, 0x1b, 0xff,
  0xff, 0x1b, 0xff, 0xff, 0x1b, 0xff, 0xff, 0x1b, 0xff, 0x00, 0x00, 0x00, 0x00, 0x00, 0x00, 0xff, 0x1b, 0xff, 0xff, 0x1b, 0xff, 0xff, 0x1b, 0xff, 0xff, 0x1b, 0xff, 0xff, 0x1b, 0xff, 0xff, 0x1b, 0xff, 0xff, 0x1b, 0xff,
  0xff, 0x1b, 0xff, 0xff, 0x1b, 0xff, 0xff, 0x1b, 0xff, 0xff, 0x1b, 0xff, 0xff, 0x1b, 0xff, 0xff, 0x1b, 0xff, 0xff, 0x1b, 0xff, 0xff, 0x1b, 0xff, 0xff, 0x1b, 0xff, 0xff, 0x1b, 0xff, 0xff, 0x1b, 0xff, 0xff, 0x1b, 0xff,
  0xff, 0x1b, 0xff, 0xff, 0x1b, 0xff, 0xff, 0x1b, 0xff, 0xff, 0x1b, 0xff, 0xff, 0x1b, 0xff, 0xff, 0x1b, 0xff, 0xff, 0x1b, 0xff, 0xff, 0x1b, 0xff, 0xff, 0x1b, 0xff, 0xff, 0x1b, 0xff, 0xff, 0x1b, 0xff, 0xff, 0x1b, 0xff,
  0xff, 0x1b, 0xff, 0xff, 0x1b, 0xff, 0xff, 0x1b, 0xff, 0xff, 0x1b, 0xff, 0xff, 0x1b, 0xff, 0xff, 0x1b, 0xff, 0xff, 0x1b, 0xff, 0xff, 0x1b, 0xff, 0xff, 0x1b, 0xff, 0xff, 0x1b, 0xff, 0xff, 0x1b, 0xff, 0xff, 0x1b, 0xff,
  0xff, 0x1b, 0xff, 0xff, 0x1b, 0xff, 0xff, 0x1b, 0xff, 0xff, 0x1b, 0xff, 0xff, 0x1b, 0xff, 0xff, 0x1b, 0xff, 0xff, 0x1b, 0xff, 0xff, 0x1b, 0xff, 0xff, 0x1b, 0xff, 0xff, 0x1b, 0xff, 0xff, 0x1b, 0xff, 0xff, 0x1b, 0xff,
  0xff, 0x1b, 0xff, 0xff, 0x1b, 0xff, 0xff, 0x1b, 0xff, 0xff, 0x1b, 0xff, 0xff, 0x1b, 0xff, 0xff, 0x1b, 0xff, 0xff, 0x1b, 0xff, 0xff, 0x1b, 0xff, 0xff, 0x1b, 0xff, 0xff, 0x1b, 0xff, 0xff, 0x1b, 0xff, 0xff, 0x1b, 0xff,
  0xff, 0x1b, 0xff, 0xff, 0x1b, 0xff, 0xff, 0x1b, 0xff, 0xff, 0x1b, 0xff, 0xff, 0x1b, 0xff, 0xff, 0x1b, 0xff, 0xff, 0x1b, 0xff, 0xff, 0x1b, 0xff, 0xff, 0x1b, 0xff, 0xff, 0x1b, 0xff, 0xff, 0x1b, 0xff, 0xff, 0x1b, 0xff,
  0xff, 0x1b, 0xff, 0xff, 0x1b, 0xff, 0xff, 0x1b, 0xff, 0xff, 0x1b, 0xff, 0xff, 0x1b, 0xff, 0xff, 0x1b, 0xff, 0xff, 0x1b, 0xff, 0xff, 0x1b, 0xff, 0xff, 0x1b, 0xff, 0xff, 0x1b, 0xff, 0xff, 0x1b, 0xff, 0xff, 0x1b, 0xff,
  0xff, 0x1b, 0xff, 0xff, 0x1b, 0xff, 0xff, 0x1b, 0xff, 0xff, 0x1b, 0xff, 0xff, 0x1b, 0xff, 0xff, 0x1b, 0xff, 0xff, 0x1b, 0xff, 0xff, 0x1b, 0xff, 0xff, 0x1b, 0xff, 0xff, 0x1b, 0xff, 0xff, 0x1b, 0xff, 0xff, 0x1b, 0xff,
  0xff, 0x1b, 0xff, 0xff, 0x1b, 0xff, 0xff, 0x1b, 0xff, 0xff, 0x1b, 0xff, 0xff, 0x1b, 0xff, 0xff, 0x1b, 0xff, 0xff, 0x1b, 0xff, 0x00, 0x00, 0x00, 0x00, 0x00, 0x00, 0xff, 0x1b, 0xff, 0xff, 0x1b, 0xff, 0xff, 0x1b, 0xff,
  0xff, 0x1b, 0xff, 0xff, 0x1b, 0xff, 0xff, 0x1b, 0xff, 0xff, 0x1b, 0xff, 0xff, 0x1b, 0xff, 0xff, 0x1b, 0xff, 0xff, 0x1b, 0xff, 0xff, 0x1b, 0xff, 0xff, 0x1b, 0xff, 0xff, 0x1b, 0xff, 0xff, 0x1b, 0xff, 0xff, 0x1b, 0xff,
  0xff, 0x1b, 0xff, 0xff, 0x1b, 0xff, 0xff, 0x1b, 0xff, 0xff, 0x1b, 0xff, 0xff, 0x1b, 0xff, 0xff, 0x1b, 0xff, 0xff, 0x1b, 0xff, 0xbf, 0xf7, 0xeb, 0xbf, 0xf7, 0xeb, 0xbf, 0xf7, 0xeb, 0xbf, 0xf7, 0xeb, 0xbf, 0xf7, 0xeb,
  0xbf, 0xf7, 0xeb, 0xbf, 0xf7, 0xeb, 0xbf, 0xf7, 0xeb, 0xbf, 0xf7, 0xeb, 0xbf, 0xf7, 0xeb, 0xbf, 0xf7, 0xeb, 0xbf, 0xf7, 0xeb, 0xbf, 0xf7, 0xeb, 0xbf, 0xf7, 0xeb, 0xbf, 0xf7, 0xeb, 0xbf, 0xf7, 0xeb, 0xbf, 0xf7, 0xeb,
  0xbf, 0xf7, 0xeb, 0xbf, 0xf7, 0xeb, 0xbf, 0xf7, 0xeb, 0xbf, 0xf7, 0xeb, 0xbf, 0xf7, 0xeb, 0xbf, 0xf7, 0xeb, 0xbf, 0xf7, 0xeb, 0xbf, 0xf7, 0xeb, 0xbf, 0xf7, 0xeb, 0xbf, 0xf7, 0xeb, 0xbf, 0xf7, 0xeb, 0xbf, 0xf7, 0xeb,
  0xbf, 0xf7, 0xeb, 0xbf, 0xf7, 0xeb, 0xbf, 0xf7, 0xeb, 0xbf, 0xf7, 0xeb, 0xbf, 0xf7, 0xeb, 0xbf, 0xf7, 0xeb, 0xbf, 0xf7, 0xeb, 0xbf, 0xf7, 0xeb, 0xbf, 0xf7, 0xeb, 0xbf, 0xf7, 0xeb, 0xbf, 0xf7, 0xeb, 0xbf, 0xf7, 0xeb,
  0xbf, 0xf7, 0xeb, 0xbf, 0xf7, 0xeb, 0xbf, 0xf7, 0xeb, 0xbf, 0xf7, 0xeb, 0xbf, 0xf7, 0xeb, 0xbf, 0xf7, 0xeb, 0xbf, 0xf7, 0xeb, 0xbf, 0xf7, 0xeb, 0xbf, 0xf7, 0xeb, 0xbf, 0xf7, 0xeb, 0xbf, 0xf7, 0xeb, 0xbf, 0xf7, 0xeb,
  0xbf, 0xf7, 0xeb, 0xbf, 0xf7, 0xeb, 0xbf, 0xf7, 0xeb, 0xbf, 0xf7, 0xeb, 0xbf, 0xf7, 0xeb, 0xbf, 0xf7, 0xeb, 0xbf, 0xf7, 0xeb, 0xbf, 0xf7, 0xeb, 0xbf, 0xf7, 0xeb, 0xbf, 0xf7, 0xeb, 0xbf, 0xf7, 0xeb, 0xbf, 0xf7, 0xeb,
  0xbf, 0xf7, 0xeb, 0xff, 0x1b, 0xff, 0xff, 0x1b, 0xff, 0xff, 0x1b, 0xff, 0xff, 0x1b, 0xff, 0xff, 0x1b, 0xff, 0xff, 0x1b, 0xff, 0xff, 0x1b, 0xff, 0xff, 0x1b, 0xff, 0xff, 0x1b, 0xff, 0xff, 0x1b, 0xff, 0xff, 0x1b, 0xff,
  0xff, 0x1b, 0xff, 0xff, 0x1b, 0xff, 0xff, 0x1b, 0xff, 0xff, 0x1b, 0xff, 0xff, 0x1b, 0xff, 0xff, 0x1b, 0xff, 0xff, 0x1b, 0xff, 0xff, 0x1b, 0xff, 0xff, 0x1b, 0xff, 0xff, 0x1b, 0xff, 0xff, 0x1b, 0xff, 0x00, 0x00, 0x00,
  0xff, 0x1b, 0xff, 0xff, 0x1b, 0xff, 0xff, 0x1b, 0xff, 0xff, 0x1b, 0xff, 0xff, 0x1b, 0xff, 0xff, 0x1b, 0xff, 0xff, 0x1b, 0xff, 0xff, 0x1b, 0xff, 0xff, 0x1b, 0xff, 0xff, 0x1b, 0xff, 0xff, 0x1b, 0xff, 0xff, 0x1b, 0xff,
  0xff, 0x1b, 0xff, 0xff, 0x1b, 0xff, 0xff, 0x1b, 0xff, 0xff, 0x1b, 0xff, 0xff, 0x1b, 0xff, 0xff, 0x1b, 0xff, 0xff, 0x1b, 0xff, 0xff, 0x1b, 0xff, 0xff, 0x1b, 0xff, 0xbf, 0xf7, 0xeb, 0xbf, 0xf7, 0xeb, 0xbf, 0xf7, 0xeb,
  0xbf, 0xf7, 0xeb, 0xbf, 0xf7, 0xeb, 0xbf, 0xf7, 0xeb, 0xbf, 0xf7, 0xeb, 0xbf, 0xf7, 0xeb, 0xbf, 0xf7, 0xeb, 0xbf, 0xf7, 0xeb, 0xbf, 0xf7, 0xeb, 0xbf, 0xf7, 0xeb, 0xbf, 0xf7, 0xeb, 0xbf, 0xf7, 0xeb, 0xbf, 0xf7, 0xeb,
  0xbf, 0xf7, 0xeb, 0xbf, 0xf7, 0xeb, 0xbf, 0xf7, 0xeb, 0xbf, 0xf7, 0xeb, 0xbf, 0xf7, 0xeb, 0xbf, 0xf7, 0xeb, 0xbf, 0xf7, 0xeb, 0xbf, 0xf7, 0xeb, 0xbf, 0xf7, 0xeb, 0xbf, 0xf7, 0xeb, 0xbf, 0xf7, 0xeb, 0xbf, 0xf7, 0xeb,
  0xbf, 0xf7, 0xeb, 0xbf, 0xf7, 0xeb, 0xbf, 0xf7, 0xeb, 0xbf, 0xf7, 0xeb, 0xbf, 0xf7, 0xeb, 0xbf, 0xf7, 0xeb, 0xbf, 0xf7, 0xeb, 0xbf, 0xf7, 0xeb, 0xbf, 0xf7, 0xeb, 0xbf, 0xf7, 0xeb, 0xbf, 0xf7, 0xeb, 0xbf, 0xf7, 0xeb,
  0xbf, 0xf7, 0xeb, 0xbf, 0xf7, 0xeb, 0xbf, 0xf7, 0xeb, 0xbf, 0xf7, 0xeb, 0xbf, 0xf7, 0xeb, 0xbf, 0xf7, 0xeb, 0xbf, 0xf7, 0xeb, 0xbf, 0xf7, 0xeb, 0xbf, 0xf7, 0xeb, 0xbf, 0xf7, 0xeb, 0xbf, 0xf7, 0xeb, 0xbf, 0xf7, 0xeb,
  0xbf, 0xf7, 0xeb, 0xbf, 0xf7, 0xeb, 0xbf, 0xf7, 0xeb, 0xbf, 0xf7, 0xeb, 0xbf, 0xf7, 0xeb, 0xbf, 0xf7, 0xeb, 0xbf, 0xf7, 0xeb, 0xbf, 0xf7, 0xeb, 0xbf, 0xf7, 0xeb, 0xbf, 0xf7, 0xeb, 0xbf, 0xf7, 0xeb, 0xbf, 0xf7, 0xeb,
  0xbf, 0xf7, 0xeb, 0xbf, 0xf7, 0xeb, 0xbf, 0xf7, 0xeb, 0xbf, 0xf7, 0xeb, 0xbf, 0xf7, 0xeb, 0xbf, 0xf7, 0xeb, 0xbf, 0xf7, 0xeb, 0xff, 0x1b, 0xff, 0xff, 0x1b, 0xff, 0xff, 0x1b, 0xff, 0xff, 0x1b, 0xff, 0xff, 0x1b, 0xff,
  0xff, 0x1b, 0xff, 0xff, 0x1b, 0xff, 0xff, 0x1b, 0xff, 0xff, 0x1b, 0xff, 0xff, 0x1b, 0xff, 0xff, 0x1b, 0xff, 0xff, 0x1b, 0xff, 0xff, 0x1b, 0xff, 0xff, 0x1b, 0xff, 0xff, 0x1b, 0xff, 0xff, 0x1b, 0xff, 0xff, 0x1b, 0xff,
  0xff, 0x1b, 0xff, 0xff, 0x1b, 0xff, 0xff, 0x1b, 0xff, 0xff, 0x1b, 0xff, 0xff, 0x1b, 0xff, 0xff, 0x1b, 0xff, 0xff, 0x1b, 0xff, 0xff, 0x1b, 0xff, 0xff, 0x1b, 0xff, 0xff, 0x1b, 0xff, 0xff, 0x1b, 0xff, 0xff, 0x1b, 0xff,
  0xff, 0x1b, 0xff, 0xff, 0x1b, 0xff, 0xff, 0x1b, 0xff, 0xff, 0x1b, 0xff, 0xff, 0x1b, 0xff, 0xff, 0x1b, 0xff, 0xff, 0x1b, 0xff, 0xff, 0x1b, 0xff, 0xff, 0x1b, 0xff, 0xff, 0x1b, 0xff, 0xff, 0x1b, 0xff, 0xbf, 0xf7, 0xeb,
  0xbf, 0xf7, 0xeb, 0xbf, 0xf7, 0xeb, 0xbf, 0xf7, 0xeb, 0xbf, 0xf7, 0xeb, 0xbf, 0xf7, 0xeb, 0xbf, 0xf7, 0xeb, 0xbf, 0xf7, 0xeb, 0xbf, 0xf7, 0xeb, 0xbf, 0xf7, 0xeb, 0xbf, 0xf7, 0xeb, 0xbf, 0xf7, 0xeb, 0xbf, 0xf7, 0xeb,
  0xbf, 0xf7, 0xeb, 0xbf, 0xf7, 0xeb, 0xbf, 0xf7, 0xeb, 0xbf, 0xf7, 0xeb, 0xbf, 0xf7, 0xeb, 0xbf, 0xf7, 0xeb, 0xbf, 0xf7, 0xeb, 0xbf, 0xf7, 0xeb, 0xbf, 0xf7, 0xeb, 0xbf, 0xf7, 0xeb, 0xbf, 0xf7, 0xeb, 0xbf, 0xf7, 0xeb,
  0xbf, 0xf7, 0xeb, 0xbf, 0xf7, 0xeb, 0xbf, 0xf7, 0xeb, 0xbf, 0xf7, 0xeb, 0xbf, 0xf7, 0xeb, 0xbf, 0xf7, 0xeb, 0xbf, 0xf7, 0xeb, 0xbf, 0xf7, 0xeb, 0xbf, 0xf7, 0xeb, 0xbf, 0xf7, 0xeb, 0xbf, 0xf7, 0xeb, 0xbf, 0xf7, 0xeb,
  0xbf, 0xf7, 0xeb, 0xbf, 0xf7, 0xeb, 0xbf, 0xf7, 0xeb, 0xbf, 0xf7, 0xeb, 0xbf, 0xf7, 0xeb, 0xbf, 0xf7, 0xeb, 0xbf, 0xf7, 0xeb, 0xbf, 0xf7, 0xeb, 0xbf, 0xf7, 0xeb, 0xbf, 0xf7, 0xeb, 0xbf, 0xf7, 0xeb, 0xbf, 0xf7, 0xeb,
  0xbf, 0xf7, 0xeb, 0xbf, 0xf7, 0xeb, 0xbf, 0xf7, 0xeb, 0xbf, 0xf7, 0xeb, 0xbf, 0xf7, 0xeb, 0xbf, 0xf7, 0xeb, 0xbf, 0xf7, 0xeb, 0xbf, 0xf7, 0xeb, 0xbf, 0xf7, 0xeb, 0xbf, 0xf7, 0xeb, 0xbf, 0xf7, 0xeb, 0xbf, 0xf7, 0xeb,
  0xbf, 0xf7, 0xeb, 0xbf, 0xf7, 0xeb, 0xbf, 0xf7, 0xeb, 0xbf, 0xf7, 0xeb, 0xbf, 0xf7, 0xeb, 0xbf, 0xf7, 0xeb, 0xbf, 0xf7, 0xeb, 0xbf, 0xf7, 0xeb, 0xbf, 0xf7, 0xeb, 0xbf, 0xf7, 0xeb, 0xbf, 0xf7, 0xeb, 0xbf, 0xf7, 0xeb,
  0xbf, 0xf7, 0xeb, 0xff, 0x1b, 0xff, 0xff, 0x1b, 0xff, 0xff, 0x1b, 0xff, 0xff, 0x1b, 0xff, 0xff, 0x1b, 0xff, 0xff, 0x1b, 0xff, 0xff, 0x1b, 0xff, 0xff, 0x1b, 0xff, 0xff, 0x1b, 0xff, 0xff, 0x1b, 0xff, 0xff, 0x1b, 0xff,
  0xff, 0x1b, 0xff, 0xff, 0x1b, 0xff, 0xff, 0x1b, 0xff, 0xff, 0x1b, 0xff, 0xff, 0x1b, 0xff, 0xff, 0x1b, 0xff, 0xff, 0x1b, 0xff, 0xff, 0x1b, 0xff, 0xff, 0x1b, 0xff, 0xff, 0x1b, 0xff, 0xff, 0x1b, 0xff, 0xff, 0x1b, 0xff,
  0xff, 0x1b, 0xff, 0xff, 0x1b, 0xff, 0xff, 0x1b, 0xff, 0xff, 0x1b, 0xff, 0xff, 0x1b, 0xff, 0xff, 0x1b, 0xff, 0xff, 0x1b, 0xff, 0xff, 0x1b, 0xff, 0xff, 0x1b, 0xff, 0xff, 0x1b, 0xff, 0xff, 0x1b, 0xff, 0xff, 0x1b, 0xff,
  0xff, 0x1b, 0xff, 0xff, 0x1b, 0xff, 0xbf, 0xf7, 0xeb, 0xbf, 0xf7, 0xeb, 0xbf, 0xf7, 0xeb, 0xbf, 0xf7, 0xeb, 0xbf, 0xf7, 0xeb, 0xbf, 0xf7, 0xeb, 0xbf, 0xf7, 0xeb, 0xbf, 0xf7, 0xeb, 0xbf, 0xf7, 0xeb, 0xbf, 0xf7, 0xeb,
  0xbf, 0xf7, 0xeb, 0xbf, 0xf7, 0xeb, 0xbf, 0xf7, 0xeb, 0xbf, 0xf7, 0xeb, 0xbf, 0xf7, 0xeb, 0xbf, 0xf7, 0xeb, 0xbf, 0xf7, 0xeb, 0xbf, 0xf7, 0xeb, 0xbf, 0xf7, 0xeb, 0xbf, 0xf7, 0xeb, 0xbf, 0xf7, 0xeb, 0xbf, 0xf7, 0xeb,
  0xbf, 0xf7, 0xeb, 0xbf, 0xf7, 0xeb, 0xbf, 0xf7, 0xeb, 0xbf, 0xf7, 0xeb, 0xbf, 0xf7, 0xeb, 0xbf, 0xf7, 0xeb, 0xbf, 0xf7, 0xeb, 0xbf, 0xf7, 0xeb, 0xbf, 0xf7, 0xeb, 0xbf, 0xf7, 0xeb, 0xbf, 0xf7, 0xeb, 0xbf, 0xf7, 0xeb,
  0xbf, 0xf7, 0xeb, 0xbf, 0xf7, 0xeb, 0xbf, 0xf7, 0xeb, 0xbf, 0xf7, 0xeb, 0xbf, 0xf7, 0xeb, 0xbf, 0xf7, 0xeb, 0xbf, 0xf7, 0xeb, 0xbf, 0xf7, 0xeb, 0xbf, 0xf7, 0xeb, 0xbf, 0xf7, 0xeb, 0xbf, 0xf7, 0xeb, 0xbf, 0xf7, 0xeb,
  0xbf, 0xf7, 0xeb, 0xbf, 0xf7, 0xeb, 0xbf, 0xf7, 0xeb, 0xbf, 0xf7, 0xeb, 0xbf, 0xf7, 0xeb, 0xbf, 0xf7, 0xeb, 0xbf, 0xf7, 0xeb, 0xbf, 0xf7, 0xeb, 0xbf, 0xf7, 0xeb, 0xbf, 0xf7, 0xeb, 0xbf, 0xf7, 0xeb, 0xbf, 0xf7, 0xeb,
  0xbf, 0xf7, 0xeb, 0xbf, 0xf7, 0xeb, 0xbf, 0xf7, 0xeb, 0xbf, 0xf7, 0xeb, 0xbf, 0xf7, 0xeb, 0xbf, 0xf7, 0xeb, 0xbf, 0xf7, 0xeb, 0xbf, 0xf7, 0xeb, 0xbf, 0xf7, 0xeb, 0xbf, 0xf7, 0xeb, 0xbf, 0xf7, 0xeb, 0xbf, 0xf7, 0xeb,
  0xbf, 0xf7, 0xeb, 0xbf, 0xf7, 0xeb, 0xbf, 0xf7, 0xeb, 0xbf, 0xf7, 0xeb, 0xbf, 0xf7, 0xeb, 0xbf, 0xf7, 0xeb, 0xff, 0x1b, 0xff, 0xff, 0x1b, 0xff, 0xff, 0x1b, 0xff, 0xff, 0x1b, 0xff, 0xff, 0x1b, 0xff, 0xff, 0x1b, 0xff,
  0xff, 0x1b, 0xff, 0xff, 0x1b, 0xff, 0xff, 0x1b, 0xff, 0xff, 0x1b, 0xff, 0xff, 0x1b, 0xff, 0xff, 0x1b, 0xff, 0xff, 0x1b, 0xff, 0xff, 0x1b, 0xff, 0xff, 0x1b, 0xff, 0xff, 0x1b, 0xff, 0xff, 0x1b, 0xff, 0xff, 0x1b, 0xff,
  0xdf, 0x1b, 0xff, 0xdf, 0x1b, 0xff, 0xdf, 0x1b, 0xff, 0xdf, 0x1b, 0xff, 0xdf, 0x1b, 0xff, 0xdf, 0x1b, 0xff, 0xdf, 0x1b, 0xff, 0xdf, 0x1b, 0xff, 0xdf, 0x1b, 0xff, 0xdf, 0x1b, 0xff, 0xdf, 0x1b, 0xff, 0xdf, 0x1b, 0xff,
  0xdf, 0x1b, 0xff, 0xdf, 0x1b, 0xff, 0xdf, 0x1b, 0xff, 0xdf, 0x1b, 0xff, 0xdf, 0x1b, 0xff, 0xdf, 0x1b, 0xff, 0xbf, 0xf7, 0xeb, 0xbf, 0xf7, 0xeb, 0xbf, 0xf7, 0xeb, 0xbf, 0xf7, 0xeb, 0xbf, 0xf7, 0xeb, 0xbf, 0xf7, 0xeb,
  0xbf, 0xf7, 0xeb, 0xbf, 0xf7, 0xeb, 0xbf, 0xf7, 0xeb, 0xbf, 0xf7, 0xeb, 0xbf, 0xf7, 0xeb, 0xbf, 0xf7, 0xeb, 0xbf, 0xf7, 0xeb, 0xbf, 0xf7, 0xeb, 0xbf, 0xf7, 0xeb, 0xbf, 0xf7, 0xeb, 0xbf, 0xf7, 0xeb, 0xbf, 0xf7, 0xeb,
  0xbf, 0xf7, 0xeb, 0xbf, 0xf7, 0xeb, 0xbf, 0xf7, 0xeb, 0xbf, 0xf7, 0xeb, 0xbf, 0xf7, 0xeb, 0xbf, 0xf7, 0xeb, 0xbf, 0xf7, 0xeb, 0xbf, 0xf7, 0xeb, 0xbf, 0xf7, 0xeb, 0xbf, 0xf7, 0xeb, 0xbf, 0xf7, 0xeb, 0xbf, 0xf7, 0xeb,
  0xbf, 0xf7, 0xeb, 0xbf, 0xf7, 0xeb, 0xbf, 0xf7, 0xeb, 0xbf, 0xf7, 0xeb, 0xbf, 0xf7, 0xeb, 0xbf, 0xf7, 0xeb, 0xbf, 0xf7, 0xeb, 0xbf, 0xf7, 0xeb, 0xbf, 0xf7, 0xeb, 0xbf, 0xf7, 0xeb, 0xbf, 0xf7, 0xeb, 0xbf, 0xf7, 0xeb,
  0xbf, 0xf7, 0xeb, 0xbf, 0xf7, 0xeb, 0xbf, 0xf7, 0xeb, 0xbf, 0xf7, 0xeb, 0xbf, 0xf7, 0xeb, 0xbf, 0xf7, 0xeb, 0xbf, 0xf7, 0xeb, 0xbf, 0xf7, 0xeb, 0xbf, 0xf7, 0xeb, 0xbf, 0xf7, 0xeb, 0xbf, 0xf7, 0xeb, 0xbf, 0xf7, 0xeb,
  0xbf, 0xf7, 0xeb, 0xbf, 0xf7, 0xeb, 0xbf, 0xf7, 0xeb, 0xbf, 0xf7, 0xeb, 0xbf, 0xf7, 0xeb, 0xbf, 0xf7, 0xeb, 0xbf, 0xf7, 0xeb, 0xbf, 0xf7, 0xeb, 0xbf, 0xf7, 0xeb, 0xbf, 0xf7, 0xeb, 0xbf, 0xf7, 0xeb, 0xbf, 0xf7, 0xeb,
  0xbf, 0xf7, 0xeb, 0xbf, 0xf7, 0xeb, 0xbf, 0xf7, 0xeb, 0xbf, 0xf7, 0xeb, 0xbf, 0xf7, 0xeb, 0xbf, 0xf7, 0xeb, 0xbf, 0xf7, 0xeb, 0xbf, 0xf7, 0xeb, 0xbf, 0xf7, 0xeb, 0xbf, 0xf7, 0xeb, 0xdf, 0x1b, 0xff, 0xdf, 0x1b, 0xff,
  0xdf, 0x1b, 0xff, 0xdf, 0x1b, 0xff, 0xdf, 0x1b, 0xff, 0xdf, 0x1b, 0xff, 0xdf, 0x1b, 0xff, 0xdf, 0x1b, 0xff, 0xdf, 0x1b, 0xff, 0xdf, 0x1b, 0xff, 0xdf, 0x1b, 0xff, 0xdf, 0x1b, 0xff, 0xdf, 0x1b, 0xff, 0xdf, 0x1b, 0xff,
  0xdf, 0x1b, 0xff, 0xdf, 0x1b, 0xff, 0xdf, 0x1b, 0xff, 0xdf, 0x1b, 0xff, 0xdf, 0x1b, 0xff, 0xdf, 0x1b, 0xff, 0xdf, 0x1b, 0xff, 0xdf, 0x1b, 0xff, 0xdf, 0x1b, 0xff, 0xdf, 0x1b, 0xff, 0xdf, 0x1b, 0xff, 0xdf, 0x1b, 0xff,
  0xdf, 0x1b, 0xff, 0xdf, 0x1b, 0xff, 0xdf, 0x1b, 0xff, 0xdf, 0x1b, 0xff, 0xdf, 0x1b, 0xff, 0xdf, 0x1b, 0xff, 0xdf, 0x1b, 0xff, 0xdf, 0x1b, 0xff, 0xdf, 0x1b, 0xff, 0xbf, 0xf7, 0xeb, 0xbf, 0xf7, 0xeb, 0xbf, 0xf7, 0xeb,
  0xbf, 0xf7, 0xeb, 0xbf, 0xf7, 0xeb, 0xbf, 0xf7, 0xeb, 0xbf, 0xf7, 0xeb, 0xbf, 0xf7, 0xeb, 0xbf, 0xf7, 0xeb, 0xbf, 0xf7, 0xeb, 0xbf, 0xf7, 0xeb, 0xbf, 0xf7, 0xeb, 0xbf, 0xf7, 0xeb, 0xbf, 0xf7, 0xeb, 0xbf, 0xf7, 0xeb,
  0xbf, 0xf7, 0xeb, 0xbf, 0xf7, 0xeb, 0xbf, 0xf7, 0xeb, 0xbf, 0xf7, 0xeb, 0xbf, 0xf7, 0xeb, 0xbf, 0xf7, 0xeb, 0xbf, 0xf7, 0xeb, 0xbf, 0xf7, 0xeb, 0xbf, 0xf7, 0xeb, 0xbf, 0xf7, 0xeb, 0xbf, 0xf7, 0xeb, 0xbf, 0xf7, 0xeb,
  0xbf, 0xf7, 0xeb, 0xbf, 0xf7, 0xeb, 0xbf, 0xf7, 0xeb, 0xbf, 0xf7, 0xeb, 0xbf, 0xf7, 0xeb, 0xbf, 0xf7, 0xeb, 0xbf, 0xf7, 0xeb, 0xbf, 0xf7, 0xeb, 0xbf, 0xf7, 0xeb, 0xbf, 0xf7, 0xeb, 0xbf, 0xf7, 0xeb, 0xbf, 0xf7, 0xeb,
  0xbf, 0xf7, 0xeb, 0xbf, 0xf7, 0xeb, 0xbf, 0xf7, 0xeb, 0xbf, 0xf7, 0xeb, 0xbf, 0xf7, 0xeb, 0xbf, 0xf7, 0xeb, 0xbf, 0xf7, 0xeb, 0xbf, 0xf7, 0xeb, 0xbf, 0xf7, 0xeb, 0xbf, 0xf7, 0xeb, 0xbf, 0xf7, 0xeb, 0xbf, 0xf7, 0xeb,
  0xbf, 0xf7, 0xeb, 0xbf, 0xf7, 0xeb, 0xbf, 0xf7, 0xeb, 0xbf, 0xf7, 0xeb, 0xbf, 0xf7, 0xeb, 0xbf, 0xf7, 0xeb, 0xbf, 0xf7, 0xeb, 0xbf, 0xf7, 0xeb, 0xbf, 0xf7, 0xeb, 0xbf, 0xf7, 0xeb, 0xbf, 0xf7, 0xeb, 0xbf, 0xf7, 0xeb,
  0xbf, 0xf7, 0xeb, 0xbf, 0xf7, 0xeb, 0xbf, 0xf7, 0xeb, 0xbf, 0xf7, 0xeb, 0xbf, 0xf7, 0xeb, 0xbf, 0xf7, 0xeb, 0xbf, 0xf7, 0xeb, 0xbf, 0xf7, 0xeb, 0xbf, 0xf7, 0xeb, 0xbf, 0xf7, 0xeb, 0xbf, 0xf7, 0xeb, 0xbf, 0xf7, 0xeb,
  0xbf, 0xf7, 0xeb, 0xbf, 0xf7, 0xeb, 0xbf, 0xf7, 0xeb, 0xdf, 0x1b, 0xff, 0xdf, 0x1b, 0xff, 0xdf, 0x1b, 0xff, 0xdf, 0x1b, 0xff, 0xdf, 0x1b, 0xff, 0xdf, 0x1b, 0xff, 0xdf, 0x1b, 0xff, 0xdf, 0x1b, 0xff, 0xdf, 0x1b, 0xff,
  0xdf, 0x1b, 0xff, 0xdf, 0x1b, 0xff, 0xdf, 0x1b, 0xff, 0xdf, 0x1b, 0xff, 0xdf, 0x1b, 0xff, 0xdf, 0x1b, 0xff, 0xdf, 0x1b, 0xff, 0xdf, 0x1b, 0xff, 0xdf, 0x1b, 0xff, 0xdf, 0x1b, 0xff, 0xdf, 0x1b, 0xff, 0xdf, 0x1b, 0xff,
  0xdf, 0x1b, 0xff, 0xdf, 0x1b, 0xff, 0xdf, 0x1b, 0xff, 0xdf, 0x1b, 0xff, 0xdf, 0x1b, 0xff, 0xdf, 0x1b, 0xff, 0xdf, 0x1b, 0xff, 0xdf, 0x1b, 0xff, 0xdf, 0x1b, 0xff, 0xdf, 0x1b, 0xff, 0xdf, 0x1b, 0xff, 0xdf, 0x1b, 0xff,
  0xdf, 0x1b, 0xff, 0xbf, 0xf7, 0xeb, 0xbf, 0xf7, 0xeb, 0xbf, 0xf7, 0xeb, 0xbf, 0xf7, 0xeb, 0xbf, 0xf7, 0xeb, 0xbf, 0xf7, 0xeb, 0xbf, 0xf7, 0xeb, 0xbf, 0xf7, 0xeb, 0xbf, 0xf7, 0xeb, 0xbf, 0xf7, 0xeb, 0xbf, 0xf7, 0xeb,
  0xbf, 0xf7, 0xeb, 0xbf, 0xf7, 0xeb, 0xbf, 0xf7, 0xeb, 0xbf, 0xf7, 0xeb, 0xbf, 0xf7, 0xeb, 0xbf, 0xf7, 0xeb, 0xbf, 0xf7, 0xeb, 0xbf, 0xf7, 0xeb, 0xbf, 0xf7, 0xeb, 0xbf, 0xf7, 0xeb, 0xbf, 0xf7, 0xeb, 0xbf, 0xf7, 0xeb,
  0xbf, 0xf7, 0xeb, 0xbf, 0xf7, 0xeb, 0xbf, 0xf7, 0xeb, 0xbf, 0xf7, 0xeb, 0xbf, 0xf7, 0xeb, 0xbf, 0xf7, 0xeb, 0xbf, 0xf7, 0xeb, 0xbf, 0xf7, 0xeb, 0xbf, 0xf7, 0xeb, 0xbf, 0xf7, 0xeb, 0xbf, 0xf7, 0xeb, 0xbf, 0xf7, 0xeb,
  0xbf, 0xf7, 0xeb, 0xbf, 0xf7, 0xeb, 0xbf, 0xf7, 0xeb, 0xbf, 0xf7, 0xeb, 0xbf, 0xf7, 0xeb, 0xbf, 0xf7, 0xeb, 0xbf, 0xf7, 0xeb, 0xbf, 0xf7, 0xeb, 0xbf, 0xf7, 0xeb, 0xbf, 0xf7, 0xeb, 0xbf, 0xf7, 0xeb, 0xbf, 0xf7, 0xeb,
  0xbf, 0xf7, 0xeb, 0xbf, 0xf7, 0xeb, 0xbf, 0xf7, 0xeb, 0xbf, 0xf7, 0xeb, 0xbf, 0xf7, 0xeb, 0xbf, 0xf7, 0xeb, 0xbf, 0xf7, 0xeb, 0xbf, 0xf7, 0xeb, 0xbf, 0xf7, 0xeb, 0xbf, 0xf7, 0xeb, 0xbf, 0xf7, 0xeb, 0xbf, 0xf7, 0xeb,
  0xbf, 0xf7, 0xeb, 0xbf, 0xf7, 0xeb, 0xbf, 0xf7, 0xeb, 0xbf, 0xf7, 0xeb, 0xbf, 0xf7, 0xeb, 0xbf, 0xf7, 0xeb, 0xbf, 0xf7, 0xeb, 0xbf, 0xf7, 0xeb, 0xbf, 0xf7, 0xeb, 0xbf, 0xf7, 0xeb, 0xbf, 0xf7, 0xeb, 0xbf, 0xf7, 0xeb,
  0xbf, 0xf7, 0xeb, 0xbf, 0xf7, 0xeb, 0xbf, 0xf7, 0xeb, 0xbf, 0xf7, 0xeb, 0xbf, 0xf7, 0xeb, 0xbf, 0xf7, 0xeb, 0xbf, 0xf7, 0xeb, 0xdf, 0x1b, 0xff, 0xdf, 0x1b, 0xff, 0xdf, 0x1b, 0xff, 0xdf, 0x1b, 0xff, 0xdf, 0x1b, 0xff,
  0xdf, 0x1b, 0xff, 0xdf, 0x1b, 0xff, 0xdf, 0x1b, 0xff, 0xdf, 0x1b, 0xff, 0xdf, 0x1b, 0xff, 0xdf, 0x1b, 0xff, 0xdf, 0x1b, 0xff, 0xdf, 0x1b, 0xff, 0xdf, 0x1b, 0xff, 0xdf, 0x1b, 0xff, 0xdf, 0x1b, 0xff, 0xdf, 0x1b, 0xff,
  0xdf, 0x1b, 0xff, 0xdf, 0x1b, 0xff, 0xdf, 0x1b, 0xff, 0xdf, 0x1b, 0xff, 0xdf, 0x1b, 0xff, 0xdf, 0x1b, 0xff, 0xdf, 0x1b, 0xff, 0xdf, 0x1b, 0xff, 0xdf, 0x1b, 0xff, 0xdf, 0x1b, 0xff, 0xdf, 0x1b, 0xff, 0xdf, 0x1b, 0xff,
  0xdf, 0x1b, 0xff, 0xdf, 0x1b, 0xff, 0xdf, 0x1b, 0xff, 0xdf, 0x1b, 0xff, 0xbf, 0xf7, 0xeb, 0xbf, 0xf7, 0xeb, 0xbf, 0xf7, 0xeb, 0xbf, 0xf7, 0xeb, 0xbf, 0xf7, 0xeb, 0xbf, 0xf7, 0xeb, 0xbf, 0xf7, 0xeb, 0xbf, 0xf7, 0xeb,
  0xbf, 0xf7, 0xeb, 0xbf, 0xf7, 0xeb, 0xbf, 0xf7, 0xeb, 0xe3, 0x18, 0xff, 0xe3, 0x18, 0xff, 0xe3, 0x18, 0xff, 0xe3, 0x18, 0xff, 0xe3, 0x18, 0xff, 0xe3, 0x18, 0xff, 0xe3, 0x18, 0xff, 0xe3, 0x18, 0xff, 0xe3, 0x18, 0xff,
  0xe3, 0x18, 0xff, 0xe3, 0x18, 0xff, 0xe3, 0x18, 0xff, 0xe3, 0x18, 0xff, 0xe3, 0x18, 0xff, 0xe3, 0x18, 0xff, 0xe3, 0x18, 0xff, 0xe3, 0x18, 0xff, 0xe3, 0x18, 0xff, 0xe3, 0x18, 0xff, 0xe3, 0x18, 0xff, 0xe3, 0x18, 0xff,
  0xe3, 0x18, 0xff, 0xe3, 0x18, 0xff, 0xe3, 0x18, 0xff, 0xe3, 0x18, 0xff, 0xe3, 0x18, 0xff, 0xe3, 0x18, 0xff, 0xe3, 0x18, 0xff, 0xe3, 0x18, 0xff, 0xe3, 0x18, 0xff, 0xe3, 0x18, 0xff, 0xe3, 0x18, 0xff, 0xe3, 0x18, 0xff,
  0xe3, 0x18, 0xff, 0xe3, 0x18, 0xff, 0xe3, 0x18, 0xff, 0xe3, 0x18, 0xff, 0xe3, 0x18, 0xff, 0xe3, 0x18, 0xff, 0xe3, 0x18, 0xff, 0xe3, 0x18, 0xff, 0xe3, 0x18, 0xff, 0xe3, 0x18, 0xff, 0xe3, 0x18, 0xff, 0xe3, 0x18, 0xff,
  0xe3, 0x18, 0xff, 0xe3, 0x18, 0xff, 0xe3, 0x18, 0xff, 0xe3, 0x18, 0xff, 0xe3, 0x18, 0xff, 0xe3, 0x18, 0xff, 0xe3, 0x18, 0xff, 0xe3, 0x18, 0xff, 0xe3, 0x18, 0xff, 0xe3, 0x18, 0xff, 0xe3, 0x18, 0xff, 0xe3, 0x18, 0xff,
  0xe3, 0x18, 0xff, 0xbf, 0xf7, 0xeb, 0xbf, 0xf7, 0xeb, 0xbf, 0xf7, 0xeb, 0xbf, 0xf7, 0xeb, 0xbf, 0xf7, 0xeb, 0xbf, 0xf7, 0xeb, 0xbf, 0xf7, 0xeb, 0xbf, 0xf7, 0xeb, 0xbf, 0xf7, 0xeb, 0xbf, 0xf7, 0xeb, 0xbf, 0xf7, 0xeb,
  0xdf, 0x1b, 0xff, 0xdf, 0x1b, 0xff, 0xdf, 0x1b, 0xff, 0xdf, 0x1b, 0xff, 0xdf, 0x1b, 0xff, 0xdf, 0x1b, 0xff, 0xdf, 0x1b, 0xff, 0xdf, 0x1b, 0xff, 0xdf, 0x1b, 0xff, 0xdf, 0x1b, 0xff, 0xdf, 0x1b, 0xff, 0xdf, 0x1b, 0xff,
  0xdf, 0x1b, 0xff, 0xdf, 0x1b, 0xff, 0xdf, 0x1b, 0xff, 0xdf, 0x1b, 0xff, 0xdf, 0x1b, 0xff, 0xdf, 0x1b, 0xff, 0xdf, 0x1b, 0xff, 0xdf, 0x1b, 0xff, 0xdf, 0x1b, 0xff, 0xdf, 0x1b, 0xff, 0xdf, 0x1b, 0xff, 0xdf, 0x1b, 0xff,
  0xdf, 0x1b, 0xff, 0xdf, 0x1b, 0xff, 0xdf, 0x1b, 0xff, 0xdf, 0x1b, 0xff, 0xdf, 0x1b, 0xff, 0xdf, 0x1b, 0xff, 0xdf, 0x1b, 0xff, 0xdf, 0x1b, 0xff, 0xbf, 0xf7, 0xeb, 0xbf, 0xf7, 0xeb, 0xbf, 0xf7, 0xeb, 0xbf, 0xf7, 0xeb,
  0xbf, 0xf7, 0xeb, 0xbf, 0xf7, 0xeb, 0xbf, 0xf7, 0xeb, 0xbf, 0xf7, 0xeb, 0xbf, 0xf7, 0xeb, 0xe3, 0x18, 0xff, 0xe3, 0x18, 0xff, 0xe3, 0x18, 0xff, 0xe3, 0x18, 0xff, 0xe3, 0x18, 0xff, 0xe3, 0x18, 0xff, 0xe3, 0x18, 0xff,
  0xe3, 0x18, 0xff, 0xe3, 0x18, 0xff, 0xe3, 0x18, 0xff, 0xe3, 0x18, 0xff, 0xe3, 0x18, 0xff, 0xe3, 0x18, 0xff, 0xe3, 0x18, 0xff, 0xe3, 0x18, 0xff, 0xe3, 0x18, 0xff, 0xe3, 0x18, 0xff, 0xe3, 0x18, 0xff, 0xe3, 0x18, 0xff,
  0xe3, 0x18, 0xff, 0xe3, 0x18, 0xff, 0xe3, 0x18, 0xff, 0xe3, 0x18, 0xff, 0xe3, 0x18, 0xff, 0xe3, 0x18, 0xff, 0xe3, 0x18, 0xff, 0xe3, 0x18, 0xff, 0xe3, 0x18, 0xff, 0xe3, 0x18, 0xff, 0xe3, 0x18, 0xff, 0xe3, 0x18, 0xff,
  0xe3, 0x18, 0xff, 0xe3, 0x18, 0xff, 0xe3, 0x18, 0xff, 0xe3, 0x18, 0xff, 0xe3, 0x18, 0xff, 0xe3, 0x18, 0xff, 0xe3, 0x18, 0xff, 0xe3, 0x18, 0xff, 0xe3, 0x18, 0xff, 0xe3, 0x18, 0xff, 0xe3, 0x18, 0xff, 0xe3, 0x18, 0xff,
  0xe3, 0x18, 0xff, 0xe3, 0x18, 0xff, 0xe3, 0x18, 0xff, 0xe3, 0x18, 0xff, 0xe3, 0x18, 0xff, 0xe3, 0x18, 0xff, 0xe3, 0x18, 0xff, 0xe3, 0x18, 0xff, 0xe3, 0x18, 0xff, 0xe3, 0x18, 0xff, 0xe3, 0x18, 0xff, 0xe3, 0x18, 0xff,
  0xe3, 0x18, 0xff, 0xe3, 0x18, 0xff, 0xe3, 0x18, 0xff, 0xe3, 0x18, 0xff, 0xe3, 0x18, 0xff, 0xe3, 0x18, 0xff, 0xe3, 0x18, 0xff, 0xbf, 0xf7, 0xeb, 0xbf, 0xf7, 0xeb, 0xbf, 0xf7, 0xeb, 0xbf, 0xf7, 0xeb, 0xbf, 0xf7, 0xeb,
  0xbf, 0xf7, 0xeb, 0xbf, 0xf7, 0xeb, 0xbf, 0xf7, 0xeb, 0xbf, 0xf7, 0xeb, 0xdf, 0x1b, 0xff, 0xdf, 0x1b, 0xff, 0xdf, 0x1b, 0xff, 0xdf, 0x1b, 0xff, 0xdf, 0x1b, 0xff, 0xdf, 0x1b, 0xff, 0xdf, 0x1b, 0xff, 0xdf, 0x1b, 0xff,
  0xdf, 0x1b, 0xff, 0xdf, 0x1b, 0xff, 0xdf, 0x1b, 0xff, 0xdf, 0x1b, 0xff, 0xdf, 0x1b, 0xff, 0xdf, 0x1b, 0xff, 0xdf, 0x1b, 0xff, 0xdf, 0x1b, 0xff, 0xdf, 0x23, 0xff, 0xdf, 0x23, 0xff, 0xdf, 0x23, 0xff, 0xdf, 0x23, 0xff,
  0xdf, 0x23, 0xff, 0xdf, 0x23, 0xff, 0xdf, 0x23, 0xff, 0xdf, 0x23, 0xff, 0xdf, 0x23, 0xff, 0xdf, 0x23, 0xff, 0xdf, 0x23, 0xff, 0xdf, 0x23, 0xff, 0xdf, 0x23, 0xff, 0xdf, 0x23, 0xff, 0xdf, 0x23, 0xff, 0xdf, 0x23, 0xff,
  0xbf, 0xf7, 0xeb, 0xbf, 0xf7, 0xeb, 0xbf, 0xf7, 0xeb, 0xbf, 0xf7, 0xeb, 0xbf, 0xf7, 0xeb, 0xbf, 0xf7, 0xeb, 0xbf, 0xf7, 0xeb, 0xbf, 0xf7, 0xeb, 0xe3, 0x18, 0xff, 0xe3, 0x18, 0xff, 0xe3, 0x18, 0xff, 0xe3, 0x18, 0xff,
  0xe3, 0x18, 0xff, 0xe3, 0x18, 0xff, 0xe3, 0x18, 0xff, 0xe3, 0x18, 0xff, 0xe3, 0x18, 0xff, 0xe3, 0x18, 0xff, 0xe3, 0x18, 0xff, 0xe3, 0x18, 0xff, 0xe3, 0x18, 0xff, 0xe3, 0x18, 0xff, 0xe3, 0x18, 0xff, 0xe3, 0x18, 0xff,
  0xe3, 0x18, 0xff, 0xe3, 0x18, 0xff, 0xe3, 0x18, 0xff, 0xe3, 0x18, 0xff, 0xe3, 0x18, 0xff, 0xe3, 0x18, 0xff, 0xe3, 0x18, 0xff, 0xe3, 0x18, 0xff, 0xe3, 0x18, 0xff, 0xe3, 0x18, 0xff, 0xe3, 0x18, 0xff, 0xe3, 0x18, 0xff,
  0xe3, 0x18, 0xff, 0xe3, 0x18, 0xff, 0xe3, 0x18, 0xff, 0xe3, 0x18, 0xff, 0xe3, 0x18, 0xff, 0xe3, 0x18, 0xff, 0xe3, 0x18, 0xff, 0xe3, 0x18, 0xff, 0xe3, 0x18, 0xff, 0xe3, 0x18, 0xff, 0xe3, 0x18, 0xff, 0xe3, 0x18, 0xff,
  0xe3, 0x18, 0xff, 0xe3, 0x18, 0xff, 0xe3, 0x18, 0xff, 0xe3, 0x18, 0xff, 0xe3, 0x18, 0xff, 0xe3, 0x18, 0xff, 0xe3, 0x18, 0xff, 0xe3, 0x18, 0xff, 0xe3, 0x18, 0xff, 0xe3, 0x18, 0xff, 0xe3, 0x18, 0xff, 0xe3, 0x18, 0xff,
  0xe3, 0x18, 0xff, 0xe3, 0x18, 0xff, 0xe3, 0x18, 0xff, 0xe3, 0x18, 0xff, 0xe3, 0x18, 0xff, 0xe3, 0x18, 0xff, 0xe3, 0x18, 0xff, 0xe3, 0x18, 0xff, 0xe3, 0x18, 0xff, 0xe3, 0x18, 0xff, 0xe3, 0x18, 0xff, 0xe3, 0x18, 0xff,
  0xbf, 0xf7, 0xeb, 0xbf, 0xf7, 0xeb, 0xbf, 0xf7, 0xeb, 0xbf, 0xf7, 0xeb, 0xbf, 0xf7, 0xeb, 0xbf, 0xf7, 0xeb, 0xbf, 0xf7, 0xeb, 0xbf, 0xf7, 0xeb, 0xdf, 0x23, 0xff, 0xdf, 0x23, 0xff, 0xdf, 0x23, 0xff, 0xdf, 0x23, 0xff,
  0xdf, 0x23, 0xff, 0xdf, 0x23, 0xff, 0xdf, 0x23, 0xff, 0xdf, 0x23, 0xff, 0xdf, 0x23, 0xff, 0xdf, 0x23, 0xff, 0xdf, 0x23, 0xff, 0xdf, 0x23, 0xff, 0xdf, 0x23, 0xff, 0xdf, 0x23, 0xff, 0xdf, 0x23, 0xff, 0xdf, 0x23, 0xff,
  0xdf, 0x23, 0xff, 0xdf, 0x23, 0xff, 0xdf, 0x23, 0xff, 0xdf, 0x23, 0xff, 0xdf, 0x23, 0xff, 0xdf, 0x23, 0xff, 0xdf, 0x23, 0xff, 0xdf, 0x23, 0xff, 0xdf, 0x23, 0xff, 0xdf, 0x23, 0xff, 0xdf, 0x23, 0xff, 0xdf, 0x23, 0xff,
  0xdf, 0x23, 0xff, 0xdf, 0x23, 0xff, 0xdf, 0x23, 0xff, 0xdf, 0x23, 0xff, 0xbf, 0xf7, 0xeb, 0xbf, 0xf7, 0xeb, 0xbf, 0xf7, 0xeb, 0xbf, 0xf7, 0xeb, 0xbf, 0xf7, 0xeb, 0xbf, 0xf7, 0xeb, 0xbf, 0xf7, 0xeb, 0xbf, 0xf7, 0xeb,
  0xe3, 0x18, 0xff, 0xe3, 0x18, 0xff, 0xe3, 0x18, 0xff, 0xe3, 0x18, 0xff, 0xe3, 0x18, 0xff, 0xe3, 0x18, 0xff, 0xe3, 0x18, 0xff, 0xe3, 0x18, 0xff, 0xe3, 0x18, 0xff, 0xe3, 0x18, 0xff, 0xe3, 0x18, 0xff, 0xe3, 0x18, 0xff,
  0xe3, 0x18, 0xff, 0xe3, 0x18, 0xff, 0xe3, 0x18, 0xff, 0xe3, 0x18, 0xff, 0xe3, 0x18, 0xff, 0xe3, 0x18, 0xff, 0xe3, 0x18, 0xff, 0xe3, 0x18, 0xff, 0xe3, 0x18, 0xff, 0xe3, 0x18, 0xff, 0xe3, 0x18, 0xff, 0xe3, 0x18, 0xff,
  0xe3, 0x18, 0xff, 0xe3, 0x18, 0xff, 0xe3, 0x18, 0xff, 0xe3, 0x18, 0xff, 0xe3, 0x18, 0xff, 0xe3, 0x18, 0xff, 0xe3, 0x18, 0xff, 0xe3, 0x18, 0xff, 0xe3, 0x18, 0xff, 0xe3, 0x18, 0xff, 0xe3, 0x18, 0xff, 0xe3, 0x18, 0xff,
  0xe3, 0x18, 0xff, 0xe3, 0x18, 0xff, 0xe3, 0x18, 0xff, 0xe3, 0x18, 0xff, 0xe3, 0x18, 0xff, 0xe3, 0x18, 0xff, 0xe3, 0x18, 0xff, 0xe3, 0x18, 0xff, 0xe3, 0x18, 0xff, 0xe3, 0x18, 0xff, 0xe3, 0x18, 0xff, 0xe3, 0x18, 0xff,
  0xe3, 0x18, 0xff, 0xe3, 0x18, 0xff, 0xe3, 0x18, 0xff, 0xe3, 0x18, 0xff, 0xe3, 0x18, 0xff, 0xe3, 0x18, 0xff, 0xe3, 0x18, 0xff, 0xe3, 0x18, 0xff, 0xe3, 0x18, 0xff, 0xe3, 0x18, 0xff, 0xe3, 0x18, 0xff, 0xe3, 0x18, 0xff,
  0xe3, 0x18, 0xff, 0xe3, 0x18, 0xff, 0xe3, 0x18, 0xff, 0xe3, 0x18, 0xff, 0xbf, 0xf7, 0xeb, 0xbf, 0xf7, 0xeb, 0xbf, 0xf7, 0xeb, 0xbf, 0xf7, 0xeb, 0xbf, 0xf7, 0xeb, 0xbf, 0xf7, 0xeb, 0xbf, 0xf7, 0xeb, 0xbf, 0xf7, 0xeb,
  0xdf, 0x23, 0xff, 0xdf, 0x23, 0xff, 0xdf, 0x23, 0xff, 0xdf, 0x23, 0xff, 0xdf, 0x23, 0xff, 0xdf, 0x23, 0xff, 0xdf, 0x23, 0xff, 0xdf, 0x23, 0xff, 0xdf, 0x23, 0xff, 0xdf, 0x23, 0xff, 0xdf, 0x23, 0xff, 0xdf, 0x23, 0xff,
  0xdf, 0x23, 0xff, 0xdf, 0x23, 0xff, 0xdf, 0x23, 0xff, 0xdf, 0x23, 0xff, 0xdf, 0x23, 0xff, 0xdf, 0x23, 0xff, 0xdf, 0x23, 0xff, 0xdf, 0x23, 0xff, 0xdf, 0x23, 0xff, 0xdf, 0x23, 0xff, 0xdf, 0x23, 0xff, 0xdf, 0x23, 0xff,
  0xdf, 0x23, 0xff, 0xdf, 0x23, 0xff, 0xdf, 0x23, 0xff, 0xdf, 0x23, 0xff, 0xdf, 0x23, 0xff, 0xdf, 0x23, 0xff, 0xdf, 0x23, 0xff, 0xdf, 0x23, 0xff, 0xbf, 0xf7, 0xeb, 0xbf, 0xf7, 0xeb, 0xbf, 0xf7, 0xeb, 0xbf, 0xf7, 0xeb,
  0xbf, 0xf7, 0xeb, 0xbf, 0xf7, 0xeb, 0xbf, 0xf7, 0xeb, 0xe3, 0x18, 0xff, 0xe3, 0x18, 0xff, 0xe3, 0x18, 0xff, 0xe3, 0x18, 0xff, 0xe3, 0x18, 0xff, 0xe3, 0x18, 0xff, 0xe3, 0x18, 0xff, 0xe3, 0x18, 0xff, 0xe3, 0x18, 0xff,
  0xe3, 0x18, 0xff, 0xe3, 0x18, 0xff, 0xe3, 0x18, 0xff, 0xe3, 0x18, 0xff, 0xe3, 0x18, 0xff, 0xe3, 0x18, 0xff, 0xe3, 0x18, 0xff, 0xe3, 0x18, 0xff, 0xe3, 0x18, 0xff, 0xe3, 0x18, 0xff, 0xe3, 0x18, 0xff, 0xe3, 0x18, 0xff,
  0xe3, 0x18, 0xff, 0xe3, 0x18, 0xff, 0xe3, 0x18, 0xff, 0xe3, 0x18, 0xff, 0xe3, 0x18, 0xff, 0xe3, 0x18, 0xff, 0xe3, 0x18, 0xff, 0xe3, 0x18, 0xff, 0xe3, 0x18, 0xff, 0xe3, 0x18, 0xff, 0xe3, 0x18, 0xff, 0xe3, 0x18, 0xff,
  0xe3, 0x18, 0xff, 0xe3, 0x18, 0xff, 0xe3, 0x18, 0xff, 0xe3, 0x18, 0xff, 0xe3, 0x18, 0xff, 0xe3, 0x18, 0xff, 0xe3, 0x18, 0xff, 0xe3, 0x18, 0xff, 0xe3, 0x18, 0xff, 0xe3, 0x18, 0xff, 0xe3, 0x18, 0xff, 0xe3, 0x18, 0xff,
  0xe3, 0x18, 0xff, 0xe3, 0x18, 0xff, 0xe3, 0x18, 0xff, 0xe3, 0x18, 0xff, 0xe3, 0x18, 0xff, 0xe3, 0x18, 0xff, 0xe3, 0x18, 0xff, 0xe3, 0x18, 0xff, 0xe3, 0x18, 0xff, 0xe3, 0x18, 0xff, 0xe3, 0x18, 0xff, 0xe3, 0x18, 0xff,
  0xe3, 0x18, 0xff, 0xe3, 0x18, 0xff, 0xe3, 0x18, 0xff, 0xe3, 0x18, 0xff, 0xe3, 0x18, 0xff, 0xe3, 0x18, 0xff, 0xe3, 0x18, 0xff, 0xe3, 0x18, 0xff, 0xe3, 0x18, 0xff, 0xbf, 0xf7, 0xeb, 0xbf, 0xf7, 0xeb, 0xbf, 0xf7, 0xeb,
  0xbf, 0xf7, 0xeb, 0xbf, 0xf7, 0xeb, 0xbf, 0xf7, 0xeb, 0xbf, 0xf7, 0xeb, 0xdf, 0x23, 0xff, 0xdf, 0x23, 0xff, 0xdf, 0x23, 0xff, 0xdf, 0x23, 0xff, 0xdf, 0x23, 0xff, 0xdf, 0x23, 0xff, 0xdf, 0x23, 0xff, 0xdf, 0x23, 0xff,
  0xdf, 0x23, 0xff, 0xdf, 0x23, 0xff, 0xdf, 0x23, 0xff, 0xdf, 0x23, 0xff, 0xdf, 0x23, 0xff, 0xdf, 0x23, 0xff, 0xdf, 0x23, 0xff, 0xdf, 0x23, 0xff, 0xdf, 0x23, 0xff, 0xdf, 0x23, 0xff, 0xdf, 0x23, 0xff, 0xdf, 0x23, 0xff,
  0xdf, 0x23, 0xff, 0xdf, 0x23, 0xff, 0xdf, 0x23, 0xff, 0xdf, 0x23, 0xff, 0xdf, 0x23, 0xff, 0xdf, 0x23, 0xff, 0xdf, 0x23, 0xff, 0xdf, 0x23, 0xff, 0xdf, 0x23, 0xff, 0xdf, 0x23, 0xff, 0xdf, 0x23, 0xff, 0xdf, 0x23, 0xff,
  0xbf, 0xf7, 0xeb, 0xbf, 0xf7, 0xeb, 0xbf, 0xf7, 0xeb, 0xbf, 0xf7, 0xeb, 0xbf, 0xf7, 0xeb, 0xbf, 0xf7, 0xeb, 0xbf, 0xf7, 0xeb, 0xe3, 0x18, 0xff, 0xe3, 0x18, 0xff, 0xe3, 0x18, 0xff, 0xe3, 0x18, 0xff, 0xe3, 0x18, 0xff,
  0xe3, 0x18, 0xff, 0xe3, 0x18, 0xff, 0xe3, 0x18, 0xff, 0xe3, 0x18, 0xff, 0xe3, 0x18, 0xff, 0xe3, 0x18, 0xff, 0xe3, 0x18, 0xff, 0xe3, 0x18, 0xff, 0xe3, 0x18, 0xff, 0xe3, 0x18, 0xff, 0xe3, 0x18, 0xff, 0xe3, 0x18, 0xff,
  0xe3, 0x18, 0xff, 0xe3, 0x18, 0xff, 0xe3, 0x18, 0xff, 0xe3, 0x18, 0xff, 0xe3, 0x18, 0xff, 0xe3, 0x18, 0xff, 0xe3, 0x18, 0xff, 0xe3, 0x18, 0xff, 0xe3, 0x18, 0xff, 0xe3, 0x18, 0xff, 0xe3, 0x18, 0xff, 0xe3, 0x18, 0xff,
  0xe3, 0x18, 0xff, 0xe3, 0x18, 0xff, 0xe3, 0x18, 0xff, 0xe3, 0x18, 0xff, 0xe3, 0x18, 0xff, 0xe3, 0x18, 0xff, 0xe3, 0x18, 0xff, 0xe3, 0x18, 0xff, 0xe3, 0x18, 0xff, 0xe3, 0x18, 0xff, 0xe3, 0x18, 0xff, 0xe3, 0x18, 0xff,
  0xe3, 0x18, 0xff, 0xe3, 0x18, 0xff, 0xe3, 0x18, 0xff, 0xe3, 0x18, 0xff, 0xe3, 0x18, 0xff, 0xe3, 0x18, 0xff, 0xe3, 0x18, 0xff, 0xe3, 0x18, 0xff, 0xe3, 0x18, 0xff, 0xe3, 0x18, 0xff, 0xe3, 0x18, 0xff, 0xe3, 0x18, 0xff,
  0xe3, 0x18, 0xff, 0xe3, 0x18, 0xff, 0xe3, 0x18, 0xff, 0xe3, 0x18, 0xff, 0xe3, 0x18, 0xff, 0xe3, 0x18, 0xff, 0xe3, 0x18, 0xff, 0xe3, 0x18, 0xff, 0xe3, 0x18, 0xff, 0xe3, 0x18, 0xff, 0xe3, 0x18, 0xff, 0xe3, 0x18, 0xff,
  0xe3, 0x18, 0xff, 0xbf, 0xf7, 0xeb, 0xbf, 0xf7, 0xeb, 0xbf, 0xf7, 0xeb, 0xbf, 0xf7, 0xeb, 0xbf, 0xf7, 0xeb, 0xbf, 0xf7, 0xeb, 0xbf, 0xf7, 0xeb, 0xdf, 0x23, 0xff, 0xdf, 0x23, 0xff, 0xdf, 0x23, 0xff, 0xdf, 0x23, 0xff,
  0xdf, 0x23, 0xff, 0xdf, 0x23, 0xff, 0xdf, 0x23, 0xff, 0xdf, 0x23, 0xff, 0xdf, 0x23, 0xff, 0xdf, 0x23, 0xff, 0xdf, 0x23, 0xff, 0xdf, 0x23, 0xff, 0xdf, 0x23, 0xff, 0xdf, 0x23, 0xff, 0xdf, 0x23, 0xff, 0xdf, 0x23, 0xff,
  0xdf, 0x23, 0xff, 0xdf, 0x23, 0xff, 0xdf, 0x23, 0xff, 0xdf, 0x23, 0xff, 0xdf, 0x23, 0xff, 0xdf, 0x23, 0xff, 0xdf, 0x23, 0xff, 0xdf, 0x23, 0xff, 0xdf, 0x23, 0xff, 0xdf, 0x23, 0xff, 0xdf, 0x23, 0xff, 0xdf, 0x23, 0xff,
  0xdf, 0x23, 0xff, 0xdf, 0x23, 0xff, 0xdf, 0x23, 0xff, 0xdf, 0x23, 0xff, 0xbf, 0xf7, 0xeb, 0xbf, 0xf7, 0xeb, 0xbf, 0xf7, 0xeb, 0xbf, 0xf7, 0xeb, 0xbf, 0xf7, 0xeb, 0xbf, 0xf7, 0xeb, 0xbf, 0xf7, 0xeb, 0xe3, 0x18, 0xff,
  0xe3, 0x18, 0xff, 0xe3, 0x18, 0xff, 0xe3, 0x18, 0xff, 0xe3, 0x18, 0xff, 0xe3, 0x18, 0xff, 0xe3, 0x18, 0xff, 0xe3, 0x18, 0xff, 0xe3, 0x18, 0xff, 0xe3, 0x18, 0xff, 0xe3, 0x18, 0xff, 0xe3, 0x18, 0xff, 0xe3, 0x18, 0xff,
  0xe3, 0x18, 0xff, 0xe3, 0x18, 0xff, 0xe3, 0x18, 0xff, 0xe3, 0x18, 0xff, 0xe3, 0x18, 0xff, 0xe3, 0x18, 0xff, 0xe3, 0x18, 0xff, 0xe3, 0x18, 0xff, 0xe3, 0x18, 0xff, 0xe3, 0x18, 0xff, 0xe3, 0x18, 0xff, 0xe3, 0x18, 0xff,
  0xe3, 0x18, 0xff, 0xe3, 0x18, 0xff, 0xe3, 0x18, 0xff, 0xe3, 0x18, 0xff, 0xe3, 0x18, 0xff, 0xe3, 0x18, 0xff, 0xe3, 0x18, 0xff, 0xe3, 0x18, 0xff, 0xe3, 0x18, 0xff, 0xe3, 0x18, 0xff, 0xe3, 0x18, 0xff, 0xe3, 0x18, 0xff,
  0xe3, 0x18, 0xff, 0xe3, 0x18, 0xff, 0xe3, 0x18, 0xff, 0xe3, 0x18, 0xff, 0xe3, 0x18, 0xff, 0xe3, 0x18, 0xff, 0xe3, 0x18, 0xff, 0xe3, 0x18, 0xff, 0xe3, 0x18, 0xff, 0xe3, 0x18, 0xff, 0xe3, 0x18, 0xff, 0xe3, 0x18, 0xff,
  0xe3, 0x18, 0xff, 0xe3, 0x18, 0xff, 0xe3, 0x18, 0xff, 0xe3, 0x18, 0xff, 0xe3, 0x18, 0xff, 0xe3, 0x18, 0xff, 0xe3, 0x18, 0xff, 0xe3, 0x18, 0xff, 0xe3, 0x18, 0xff, 0xe3, 0x18, 0xff, 0xe3, 0x18, 0xff, 0xe3, 0x18, 0xff,
  0xe3, 0x18, 0xff, 0xe3, 0x18, 0xff, 0xe3, 0x18, 0xff, 0xe3, 0x18, 0xff, 0xe3, 0x18, 0xff, 0xbf, 0xf7, 0xeb, 0xbf, 0xf7, 0xeb, 0xbf, 0xf7, 0xeb, 0xbf, 0xf7, 0xeb, 0xbf, 0xf7, 0xeb, 0xbf, 0xf7, 0xeb, 0xbf, 0xf7, 0xeb,
  0xdf, 0x23, 0xff, 0xdf, 0x23, 0xff, 0xdf, 0x23, 0xff, 0xdf, 0x23, 0xff, 0xdf, 0x23, 0xff, 0xdf, 0x23, 0xff, 0xdf, 0x23, 0xff, 0xdf, 0x23, 0xff, 0xdf, 0x23, 0xff, 0xdf, 0x23, 0xff, 0xdf, 0x23, 0xff, 0xdf, 0x23, 0xff,
  0xdf, 0x23, 0xff, 0xdf, 0x23, 0xff, 0xdf, 0x23, 0xff, 0xdf, 0x23, 0xff, 0xde, 0x23, 0xff, 0xde, 0x23, 0xff, 0xde, 0x23, 0xff, 0xde, 0x23, 0xff, 0xde, 0x23, 0xff, 0xde, 0x23, 0xff, 0xde, 0x23, 0xff, 0xde, 0x23, 0xff,
  0xde, 0x23, 0xff, 0xde, 0x23, 0xff, 0xde, 0x23, 0xff, 0xde, 0x23, 0xff, 0xde, 0x23, 0xff, 0xde, 0x23, 0xff, 0xde, 0x23, 0xff, 0xde, 0x23, 0xff, 0xbf, 0xf7, 0xeb, 0xbf, 0xf7, 0xeb, 0xbf, 0xf7, 0xeb, 0xbf, 0xf7, 0xeb,
  0xbf, 0xf7, 0xeb, 0xbf, 0xf7, 0xeb, 0xbf, 0xf7, 0xeb, 0xe3, 0x18, 0xff, 0xe3, 0x18, 0xff, 0xe3, 0x18, 0xff, 0xe3, 0x18, 0xff, 0xe3, 0x18, 0xff, 0xe3, 0x18, 0xff, 0xe3, 0x18, 0xff, 0xe3, 0x18, 0xff, 0xe3, 0x18, 0xff,
  0xe3, 0x18, 0xff, 0xe3, 0x18, 0xff, 0xe3, 0x18, 0xff, 0xe3, 0x18, 0xff, 0xe3, 0x18, 0xff, 0xe3, 0x18, 0xff, 0xe3, 0x18, 0xff, 0xe3, 0x18, 0xff, 0xe3, 0x18, 0xff, 0xe3, 0x18, 0xff, 0xe3, 0x18, 0xff, 0xe3, 0x18, 0xff,
  0xe3, 0x18, 0xff, 0xe3, 0x18, 0xff, 0xe3, 0x18, 0xff, 0xe3, 0x18, 0xff, 0xe3, 0x18, 0xff, 0xe3, 0x18, 0xff, 0xe3, 0x18, 0xff, 0xe3, 0x18, 0xff, 0xe3, 0x18, 0xff, 0xe3, 0x18, 0xff, 0xe3, 0x18, 0xff, 0xe3, 0x18, 0xff,
  0xe3, 0x18, 0xff, 0xe3, 0x18, 0xff, 0xe3, 0x18, 0xff, 0xe3, 0x18, 0xff, 0xe3, 0x18, 0xff, 0xe3, 0x18, 0xff, 0xe3, 0x18, 0xff, 0xe3, 0x18, 0xff, 0xe3, 0x18, 0xff, 0xe3, 0x18, 0xff, 0xe3, 0x18, 0xff, 0xe3, 0x18, 0xff,
  0xe3, 0x18, 0xff, 0xe3, 0x18, 0xff, 0xe3, 0x18, 0xff, 0xe3, 0x18, 0xff, 0xe3, 0x18, 0xff, 0xe3, 0x18, 0xff, 0xe3, 0x18, 0xff, 0xe3, 0x18, 0xff, 0xe3, 0x18, 0xff, 0xe3, 0x18, 0xff, 0xe3, 0x18, 0xff, 0xe3, 0x18, 0xff,
  0xe3, 0x18, 0xff, 0xe3, 0x18, 0xff, 0xe3, 0x18, 0xff, 0xe3, 0x18, 0xff, 0xe3, 0x18, 0xff, 0xe3, 0x18, 0xff, 0xe3, 0x18, 0xff, 0xe3, 0x18, 0xff, 0xe3, 0x18, 0xff, 0xbf, 0xf7, 0xeb, 0xbf, 0xf7, 0xeb, 0xbf, 0xf7, 0xeb,
  0xbf, 0xf7, 0xeb, 0xbf, 0xf7, 0xeb, 0xbf, 0xf7, 0xeb, 0xbf, 0xf7, 0xeb, 0xde, 0x23, 0xff, 0xde, 0x23, 0xff, 0xde, 0x23, 0xff, 0xde, 0x23, 0xff, 0xde, 0x23, 0xff, 0xde, 0x23, 0xff, 0xde, 0x23, 0xff, 0xde, 0x23, 0xff,
  0xde, 0x23, 0xff, 0xde, 0x23, 0xff, 0xde, 0x23, 0xff, 0xde, 0x23, 0xff, 0xde, 0x23, 0xff, 0xde, 0x23, 0xff, 0xde, 0x23, 0xff, 0xde, 0x23, 0xff, 0xbe, 0x23, 0xff, 0xbe, 0x23, 0xff, 0xbe, 0x23, 0xff, 0xbe, 0x23, 0xff,
  0xbe, 0x23, 0xff, 0xbe, 0x23, 0xff, 0xbe, 0x23, 0xff, 0xbe, 0x23, 0xff, 0xbe, 0x23, 0xff, 0xbe, 0x23, 0xff, 0xbe, 0x23, 0xff, 0xbe, 0x23, 0xff, 0xbe, 0x23, 0xff, 0xbe, 0x23, 0xff, 0xbe, 0x23, 0xff, 0xbe, 0x23, 0xff,
  0xbf, 0xf7, 0xeb, 0xbf, 0xf7, 0xeb, 0xbf, 0xf7, 0xeb, 0xbf, 0xf7, 0xeb, 0xbf, 0xf7, 0xeb, 0xbf, 0xf7, 0xeb, 0xbf, 0xf7, 0xeb, 0xe3, 0x18, 0xff, 0xe3, 0x18, 0xff, 0xe3, 0x18, 0xff, 0xe3, 0x18, 0xff, 0xe3, 0x18, 0xff,
  0xe3, 0x18, 0xff, 0xe3, 0x18, 0xff, 0xe3, 0x18, 0xff, 0xe3, 0x18, 0xff, 0xe3, 0x18, 0xff, 0xe3, 0x18, 0xff, 0xe3, 0x18, 0xff, 0xe3, 0x18, 0xff, 0xe3, 0x18, 0xff, 0xe3, 0x18, 0xff, 0xe3, 0x18, 0xff, 0xe3, 0x18, 0xff,
  0xe3, 0x18, 0xff, 0xe3, 0x18, 0xff, 0xe3, 0x18, 0xff, 0xe3, 0x18, 0xff, 0xe3, 0x18, 0xff, 0xe3, 0x18, 0xff, 0xe3, 0x18, 0xff, 0xe3, 0x18, 0xff, 0xe3, 0x18, 0xff, 0xe3, 0x18, 0xff, 0xe3, 0x18, 0xff, 0xe3, 0x18, 0xff,
  0xe3, 0x18, 0xff, 0xe3, 0x18, 0xff, 0xe3, 0x18, 0xff, 0xe3, 0x18, 0xff, 0xe3, 0x18, 0xff, 0xe3, 0x18, 0xff, 0xe3, 0x18, 0xff, 0xe3, 0x18, 0xff, 0xe3, 0x18, 0xff, 0xe3, 0x18, 0xff, 0xe3, 0x18, 0xff, 0xe3, 0x18, 0xff,
  0xe3, 0x18, 0xff, 0xe3, 0x18, 0xff, 0xe3, 0x18, 0xff, 0xe3, 0x18, 0xff, 0xe3, 0x18, 0xff, 0xe3, 0x18, 0xff, 0xe3, 0x18, 0xff, 0xe3, 0x18, 0xff, 0xe3, 0x18, 0xff, 0xe3, 0x18, 0xff, 0xe3, 0x18, 0xff, 0xe3, 0x18, 0xff,
  0xe3, 0x18, 0xff, 0xe3, 0x18, 0xff, 0xe3, 0x18, 0xff, 0xe3, 0x18, 0xff, 0xe3, 0x18, 0xff, 0xe3, 0x18, 0xff, 0xe3, 0x18, 0xff, 0xe3, 0x18, 0xff, 0xe3, 0x18, 0xff, 0xe3, 0x18, 0xff, 0xe3, 0x18, 0xff, 0xe3, 0x18, 0xff,
  0xe3, 0x18, 0xff, 0xbf, 0xf7, 0xeb, 0xbf, 0xf7, 0xeb, 0xbf, 0xf7, 0xeb, 0xbf, 0xf7, 0xeb, 0xbf, 0xf7, 0xeb, 0xbf, 0xf7, 0xeb, 0xbf, 0xf7, 0xeb, 0xbe, 0x23, 0xff, 0xbe, 0x23, 0xff, 0xbe, 0x23, 0xff, 0xbe, 0x23, 0xff,
  0xbe, 0x23, 0xff, 0xbe, 0x23, 0xff, 0xbe, 0x23, 0xff, 0xbe, 0x23, 0xff, 0xbe, 0x23, 0xff, 0xbe, 0x23, 0xff, 0xbe, 0x23, 0xff, 0xbe, 0x23, 0xff, 0xbe, 0x23, 0xff, 0xbe, 0x23, 0xff, 0xbe, 0x23, 0xff, 0xbe, 0x23, 0xff,
  0xbe, 0x23, 0xff, 0xbe, 0x23, 0xff, 0xbe, 0x23, 0xff, 0xbe, 0x23, 0xff, 0xbe, 0x23, 0xff, 0xbe, 0x23, 0xff, 0xbe, 0x23, 0xff, 0xbe, 0x23, 0xff, 0xbe, 0x23, 0xff, 0xbe, 0x23, 0xff, 0xbe, 0x23, 0xff, 0xbe, 0x23, 0xff,
  0xbe, 0x23, 0xff, 0xbe, 0x23, 0xff, 0xbe, 0x23, 0xff, 0xbe, 0x23, 0xff, 0xbf, 0xf7, 0xeb, 0xbf, 0xf7, 0xeb, 0xbf, 0xf7, 0xeb, 0xbf, 0xf7, 0xeb, 0xbf, 0xf7, 0xeb, 0xbf, 0xf7, 0xeb, 0xbf, 0xf7, 0xeb, 0xe3, 0x18, 0xff,
  0xe3, 0x18, 0xff, 0xe3, 0x18, 0xff, 0xe3, 0x18, 0xff, 0xe3, 0x18, 0xff, 0xe3, 0x18, 0xff, 0xe3, 0x18, 0xff, 0xe3, 0x18, 0xff, 0xe3, 0x18, 0xff, 0xe3, 0x18, 0xff, 0xe3, 0x18, 0xff, 0xe3, 0x18, 0xff, 0xe3, 0x18, 0xff,
  0xe3, 0x18, 0xff, 0xe3, 0x18, 0xff, 0xe3, 0x18, 0xff, 0xe3, 0x18, 0xff, 0xe3, 0x18, 0xff, 0xe3, 0x18, 0xff, 0xe3, 0x18, 0xff, 0xe3, 0x18, 0xff, 0xe3, 0x18, 0xff, 0xe3, 0x18, 0xff, 0xe3, 0x18, 0xff, 0xe3, 0x18, 0xff,
  0xe3, 0x18, 0xff, 0xe3, 0x18, 0xff, 0xe3, 0x18, 0xff, 0xe3, 0x18, 0xff, 0xe3, 0x18, 0xff, 0xe3, 0x18, 0xff, 0xe3, 0x18, 0xff, 0xe3, 0x18, 0xff, 0xe3, 0x18, 0xff, 0xe3, 0x18, 0xff, 0xe3, 0x18, 0xff, 0xe3, 0x18, 0xff,
  0xe3, 0x18, 0xff, 0xe3, 0x18, 0xff, 0xe3, 0x18, 0xff, 0xe3, 0x18, 0xff, 0xe3, 0x18, 0xff, 0xe3, 0x18, 0xff, 0xe3, 0x18, 0xff, 0xe3, 0x18, 0xff, 0xe3, 0x18, 0xff, 0xe3, 0x18, 0xff, 0xe3, 0x18, 0xff, 0xe3, 0x18, 0xff,
  0xe3, 0x18, 0xff, 0xe3, 0x18, 0xff, 0xe3, 0x18, 0xff, 0xe3, 0x18, 0xff, 0xe3, 0x18, 0xff, 0xe3, 0x18, 0xff, 0xe3, 0x18, 0xff, 0xe3, 0x18, 0xff, 0xe3, 0x18, 0xff, 0xe3, 0x18, 0xff, 0xe3, 0x18, 0xff, 0xe3, 0x18, 0xff,
  0xe3, 0x18, 0xff, 0xe3, 0x18, 0xff, 0xe3, 0x18, 0xff, 0xe3, 0x18, 0xff, 0xe3, 0x18, 0xff, 0xbf, 0xf7, 0xeb, 0xbf, 0xf7, 0xeb, 0xbf, 0xf7, 0xeb, 0xbf, 0xf7, 0xeb, 0xbf, 0xf7, 0xeb, 0xbf, 0xf7, 0xeb, 0xbf, 0xf7, 0xeb,
  0xbe, 0x23, 0xff, 0xbe, 0x23, 0xff, 0xbe, 0x23, 0xff, 0xbe, 0x23, 0xff, 0xbe, 0x23, 0xff, 0xbe, 0x23, 0xff, 0xbe, 0x23, 0xff, 0xbe, 0x23, 0xff, 0xbe, 0x23, 0xff, 0xbe, 0x23, 0xff, 0xbe, 0x23, 0xff, 0xbe, 0x23, 0xff,
  0xbe, 0x23, 0xff, 0xbe, 0x23, 0xff, 0xbe, 0x23, 0xff, 0xbe, 0x23, 0xff, 0xbe, 0x23, 0xff, 0xbe, 0x23, 0xff, 0xbe, 0x23, 0xff, 0xbe, 0x23, 0xff, 0xbe, 0x23, 0xff, 0xbe, 0x23, 0xff, 0xbe, 0x23, 0xff, 0xbe, 0x23, 0xff,
  0xbe, 0x23, 0xff, 0xbe, 0x23, 0xff, 0xbe, 0x23, 0xff, 0xbe, 0x23, 0xff, 0xbe, 0x23, 0xff, 0xbe, 0x23, 0xff, 0xbe, 0x23, 0xff, 0xbe, 0x23, 0xff, 0xbf, 0xf7, 0xeb, 0xbf, 0xf7, 0xeb, 0xbf, 0xf7, 0xeb, 0xbf, 0xf7, 0xeb,
  0xbf, 0xf7, 0xeb, 0xbf, 0xf7, 0xeb, 0xbf, 0xf7, 0xeb, 0xe3, 0x18, 0xff, 0xe3, 0x18, 0xff, 0xe3, 0x18, 0xff, 0xe3, 0x18, 0xff, 0xe3, 0x18, 0xff, 0xe3, 0x18, 0xff, 0xe3, 0x18, 0xff, 0xe3, 0x18, 0xff, 0xe3, 0x18, 0xff,
  0xe3, 0x18, 0xff, 0xe3, 0x18, 0xff, 0xe3, 0x18, 0xff, 0xe3, 0x18, 0xff, 0xe3, 0x18, 0xff, 0xe3, 0x18, 0xff, 0xe3, 0x18, 0xff, 0xe3, 0x18, 0xff, 0xe3, 0x18, 0xff, 0xe3, 0x18, 0xff, 0xe3, 0x18, 0xff, 0xe3, 0x18, 0xff,
  0xe3, 0x18, 0xff, 0xe3, 0x18, 0xff, 0x8b, 0x36, 0xff, 0xe3, 0x18, 0xff, 0xe3, 0x18, 0xff, 0xe3, 0x18, 0xff, 0xe3, 0x18, 0xff, 0xe3, 0x18, 0xff, 0xe3, 0x18, 0xff, 0xe3, 0x18, 0xff, 0xe3, 0x18, 0xff, 0xe3, 0x18, 0xff,
  0xe3, 0x18, 0xff, 0xe3, 0x18, 0xff, 0xe3, 0x18, 0xff, 0xe3, 0x18, 0xff, 0xe3, 0x18, 0xff, 0xe3, 0x18, 0xff, 0xe3, 0x18, 0xff, 0xe3, 0x18, 0xff, 0xe3, 0x18, 0xff, 0xe3, 0x18, 0xff, 0xe3, 0x18, 0xff, 0xe3, 0x18, 0xff,
  0xe3, 0x18, 0xff, 0xe3, 0x18, 0xff, 0xe3, 0x18, 0xff, 0xe3, 0x18, 0xff, 0xe3, 0x18, 0xff, 0xe3, 0x18, 0xff, 0xe3, 0x18, 0xff, 0xe3, 0x18, 0xff, 0xe3, 0x18, 0xff, 0xe3, 0x18, 0xff, 0xe3, 0x18, 0xff, 0xe3, 0x18, 0xff,
  0xe3, 0x18, 0xff, 0xe3, 0x18, 0xff, 0xe3, 0x18, 0xff, 0xe3, 0x18, 0xff, 0xe3, 0x18, 0xff, 0xe3, 0x18, 0xff, 0xe3, 0x18, 0xff, 0xe3, 0x18, 0xff, 0xe3, 0x18, 0xff, 0xbf, 0xf7, 0xeb, 0xbf, 0xf7, 0xeb, 0xbf, 0xf7, 0xeb,
  0xbf, 0xf7, 0xeb, 0xbf, 0xf7, 0xeb, 0xbf, 0xf7, 0xeb, 0xbf, 0xf7, 0xeb, 0xbe, 0x23, 0xff, 0xbe, 0x23, 0xff, 0xbe, 0x23, 0xff, 0xbe, 0x23, 0xff, 0xbe, 0x23, 0xff, 0xbe, 0x23, 0xff, 0xbe, 0x23, 0xff, 0xbe, 0x23, 0xff,
  0xbe, 0x23, 0xff, 0xbe, 0x23, 0xff, 0xbe, 0x23, 0xff, 0xbe, 0x23, 0xff, 0xbe, 0x23, 0xff, 0xbe, 0x23, 0xff, 0xbe, 0x23, 0xff, 0xbe, 0x23, 0xff, 0xbe, 0x23, 0xff, 0xbe, 0x23, 0xff, 0xbe, 0x23, 0xff, 0xbe, 0x23, 0xff,
  0xbe, 0x23, 0xff, 0xbe, 0x23, 0xff, 0xbe, 0x23, 0xff, 0xbe, 0x23, 0xff, 0xbe, 0x23, 0xff, 0xbe, 0x23, 0xff, 0xbe, 0x23, 0xff, 0xbe, 0x23, 0xff, 0xbe, 0x23, 0xff, 0xbe, 0x23, 0xff, 0xbe, 0x23, 0xff, 0xbe, 0x23, 0xff,
  0xbf, 0xf7, 0xeb, 0xbf, 0xf7, 0xeb, 0xbf, 0xf7, 0xeb, 0xbf, 0xf7, 0xeb, 0xbf, 0xf7, 0xeb, 0xbf, 0xf7, 0xeb, 0xbf, 0xf7, 0xeb, 0xe3, 0x18, 0xff, 0xe3, 0x18, 0xff, 0xe3, 0x18, 0xff, 0xe3, 0x18, 0xff, 0xe3, 0x18, 0xff,
  0xe3, 0x18, 0xff, 0xe3, 0x18, 0xff, 0xe3, 0x18, 0xff, 0xe3, 0x18, 0xff, 0xe3, 0x18, 0xff, 0xe3, 0x18, 0xff, 0xe3, 0x18, 0xff, 0xe3, 0x18, 0xff, 0xe3, 0x18, 0xff, 0xe3, 0x18, 0xff, 0xe3, 0x18, 0xff, 0xe3, 0x18, 0xff,
  0xe3, 0x18, 0xff, 0xe3, 0x18, 0xff, 0xe3, 0x18, 0xff, 0xe3, 0x18, 0xff, 0xe3, 0x18, 0xff, 0x8b, 0x36, 0xff, 0x8b, 0x36, 0xff, 0x8b, 0x36, 0xff, 0xe3, 0x18, 0xff, 0xe3, 0x18, 0xff, 0xe3, 0x18, 0xff, 0xe3, 0x18, 0xff,
  0xe3, 0x18, 0xff, 0xe3, 0x18, 0xff, 0xe3, 0x18, 0xff, 0xe3, 0x18, 0xff, 0xe3, 0x18, 0xff, 0xe3, 0x18, 0xff, 0xe3, 0x18, 0xff, 0xe3, 0x18, 0xff, 0xe3, 0x18, 0xff, 0xe3, 0x18, 0xff, 0xe3, 0x18, 0xff, 0xe3, 0x18, 0xff,
  0xe3, 0x18, 0xff, 0xe3, 0x18, 0xff, 0xe3, 0x18, 0xff, 0xe3, 0x18, 0xff, 0xe3, 0x18, 0xff, 0xe3, 0x18, 0xff, 0xe3, 0x18, 0xff, 0xe3, 0x18, 0xff, 0xe3, 0x18, 0xff, 0xe3, 0x18, 0xff, 0xe3, 0x18, 0xff, 0xe3, 0x18, 0xff,
  0xe3, 0x18, 0xff, 0xe3, 0x18, 0xff, 0xe3, 0x18, 0xff, 0xe3, 0x18, 0xff, 0xe3, 0x18, 0xff, 0xe3, 0x18, 0xff, 0xe3, 0x18, 0xff, 0xe3, 0x18, 0xff, 0xe3, 0x18, 0xff, 0xe3, 0x18, 0xff, 0xe3, 0x18, 0xff, 0xe3, 0x18, 0xff,
  0xe3, 0x18, 0xff, 0xbf, 0xf7, 0xeb, 0xbf, 0xf7, 0xeb, 0xbf, 0xf7, 0xeb, 0xbf, 0xf7, 0xeb, 0xbf, 0xf7, 0xeb, 0xbf, 0xf7, 0xeb, 0xbf, 0xf7, 0xeb, 0xbe, 0x23, 0xff, 0xbe, 0x23, 0xff, 0xbe, 0x23, 0xff, 0xbe, 0x23, 0xff,
  0xbe, 0x23, 0xff, 0xbe, 0x23, 0xff, 0xbe, 0x23, 0xff, 0xbe, 0x23, 0xff, 0xbe, 0x23, 0xff, 0xbe, 0x23, 0xff, 0xbe, 0x23, 0xff, 0xbe, 0x23, 0xff, 0xbe, 0x23, 0xff, 0xbe, 0x23, 0xff, 0xbe, 0x23, 0xff, 0xbe, 0x23, 0xff,
  0xbe, 0x2b, 0xff, 0xbe, 0x2b, 0xff, 0xbe, 0x2b, 0xff, 0xbe, 0x2b, 0xff, 0xbe, 0x2b, 0xff, 0xbe, 0x2b, 0xff, 0xbe, 0x2b, 0xff, 0xbe, 0x2b, 0xff, 0xbe, 0x2b, 0xff, 0xbe, 0x2b, 0xff, 0xbe, 0x2b, 0xff, 0xbe, 0x2b, 0xff,
  0xbe, 0x2b, 0xff, 0xbe, 0x2b, 0xff, 0xbe, 0x2b, 0xff, 0xbe, 0x2b, 0xff, 0xbf, 0xf7, 0xeb, 0xbf, 0xf7, 0xeb, 0xbf, 0xf7, 0xeb, 0xbf, 0xf7, 0xeb, 0xbf, 0xf7, 0xeb, 0xbf, 0xf7, 0xeb, 0xbf, 0xf7, 0xeb, 0xe3, 0x18, 0xff,
  0xe3, 0x18, 0xff, 0xe3, 0x18, 0xff, 0xe3, 0x18, 0xff, 0xe3, 0x18, 0xff, 0xe3, 0x18, 0xff, 0xe3, 0x18, 0xff, 0xe3, 0x18, 0xff, 0xe3, 0x18, 0xff, 0xe3, 0x18, 0xff, 0xe3, 0x18, 0xff, 0xe3, 0x18, 0xff, 0xe3, 0x18, 0xff,
  0xe3, 0x18, 0xff, 0xe3, 0x18, 0xff, 0xe3, 0x18, 0xff, 0xe3, 0x18, 0xff, 0xe3, 0x18, 0xff, 0xe3, 0x18, 0xff, 0xe3, 0x18, 0xff, 0xe3, 0x18, 0xff, 0x8b, 0x36, 0xff, 0x8b, 0x36, 0xff, 0x8b, 0x36, 0xff, 0x8b, 0x36, 0xff,
  0x8b, 0x36, 0xff, 0xe3, 0x18, 0xff, 0xe3, 0x18, 0xff, 0xe3, 0x18, 0xff, 0xe3, 0x18, 0xff, 0xe3, 0x18, 0xff, 0xe3, 0x18, 0xff, 0xe3, 0x18, 0xff, 0xe3, 0x18, 0xff, 0xe3, 0x18, 0xff, 0xe3, 0x18, 0xff, 0xe3, 0x18, 0xff,
  0xe3, 0x18, 0xff, 0xe3, 0x18, 0xff, 0xe3, 0x18, 0xff, 0xe3, 0x18, 0xff, 0xe3, 0x18, 0xff, 0xe3, 0x18, 0xff, 0xe3, 0x18, 0xff, 0xe3, 0x18, 0xff, 0xe3, 0x18, 0xff, 0xe3, 0x18, 0xff, 0xe3, 0x18, 0xff, 0xe3, 0x18, 0xff,
  0xe3, 0x18, 0xff, 0xe3, 0x18, 0xff, 0xe3, 0x18, 0xff, 0xe3, 0x18, 0xff, 0xe3, 0x18, 0xff, 0xe3, 0x18, 0xff, 0xe3, 0x18, 0xff, 0xe3, 0x18, 0xff, 0xe3, 0x18, 0xff, 0xe3, 0x18, 0xff, 0xe3, 0x18, 0xff, 0xe3, 0x18, 0xff,
  0xe3, 0x18, 0xff, 0xe3, 0x18, 0xff, 0xe3, 0x18, 0xff, 0xe3, 0x18, 0xff, 0xe3, 0x18, 0xff, 0xbf, 0xf7, 0xeb, 0xbf, 0xf7, 0xeb, 0xbf, 0xf7, 0xeb, 0xbf, 0xf7, 0xeb, 0xbf, 0xf7, 0xeb, 0xbf, 0xf7, 0xeb, 0xbf, 0xf7, 0xeb,
  0xbe, 0x2b, 0xff, 0xbe, 0x2b, 0xff, 0xbe, 0x2b, 0xff, 0xbe, 0x2b, 0xff, 0xbe, 0x2b, 0xff, 0xbe, 0x2b, 0xff, 0xbe, 0x2b, 0xff, 0xbe, 0x2b, 0xff, 0xbe, 0x2b, 0xff, 0xbe, 0x2b, 0xff, 0xbe, 0x2b, 0xff, 0xbe, 0x2b, 0xff,
  0xbe, 0x2b, 0xff, 0xbe, 0x2b, 0xff, 0xbe, 0x2b, 0xff, 0xbe, 0x2b, 0xff, 0xbe, 0x2b, 0xff, 0xbe, 0x2b, 0xff, 0xbe, 0x2b, 0xff, 0xbe, 0x2b, 0xff, 0xbe, 0x2b, 0xff, 0xbe, 0x2b, 0xff, 0xbe, 0x2b, 0xff, 0xbe, 0x2b, 0xff,
  0xbe, 0x2b, 0xff, 0xbe, 0x2b, 0xff, 0xbe, 0x2b, 0xff, 0xbe, 0x2b, 0xff, 0xbe, 0x2b, 0xff, 0xbe, 0x2b, 0xff, 0xbe, 0x2b, 0xff, 0xbe, 0x2b, 0xff, 0xbf, 0xf7, 0xeb, 0xbf, 0xf7, 0xeb, 0xbf, 0xf7, 0xeb, 0xbf, 0xf7, 0xeb,
  0xbf, 0xf7, 0xeb, 0xbf, 0xf7, 0xeb, 0xbf, 0xf7, 0xeb, 0xe3, 0x18, 0xff, 0xe3, 0x18, 0xff, 0xe3, 0x18, 0xff, 0xe3, 0x18, 0xff, 0xe3, 0x18, 0xff, 0xe3, 0x18, 0xff, 0xe3, 0x18, 0xff, 0xe3, 0x18, 0xff, 0xe3, 0x18, 0xff,
  0xe3, 0x18, 0xff, 0xe3, 0x18, 0xff, 0xe3, 0x18, 0xff, 0xe3, 0x18, 0xff, 0xe3, 0x18, 0xff, 0xe3, 0x18, 0xff, 0xe3, 0x18, 0xff, 0xe3, 0x18, 0xff, 0xe3, 0x18, 0xff, 0xe3, 0x18, 0xff, 0xe3, 0x18, 0xff, 0xe3, 0x18, 0xff,
  0x8b, 0x36, 0xff, 0x8b, 0x36, 0xff, 0x8b, 0x36, 0xff, 0x8b, 0x36, 0xff, 0x8b, 0x36, 0xff, 0xe3, 0x18, 0xff, 0xe3, 0x18, 0xff, 0xe3, 0x18, 0xff, 0xe3, 0x18, 0xff, 0xe3, 0x18, 0xff, 0xe3, 0x18, 0xff, 0xe3, 0x18, 0xff,
  0xe3, 0x18, 0xff, 0xe3, 0x18, 0xff, 0xe3, 0x18, 0xff, 0xe3, 0x18, 0xff, 0xe3, 0x18, 0xff, 0xe3, 0x18, 0xff, 0xe3, 0x18, 0xff, 0xe3, 0x18, 0xff, 0xe3, 0x18, 0xff, 0xe3, 0x18, 0xff, 0xe3, 0x18, 0xff, 0xe3, 0x18, 0xff,
  0xe3, 0x18, 0xff, 0xe3, 0x18, 0xff, 0xe3, 0x18, 0xff, 0xe3, 0x18, 0xff, 0xe3, 0x18, 0xff, 0xe3, 0x18, 0xff, 0xe3, 0x18, 0xff, 0xe3, 0x18, 0xff, 0xe3, 0x18, 0xff, 0xe3, 0x18, 0xff, 0xe3, 0x18, 0xff, 0xe3, 0x18, 0xff,
  0xe3, 0x18, 0xff, 0xe3, 0x18, 0xff, 0xe3, 0x18, 0xff, 0xe3, 0x18, 0xff, 0xe3, 0x18, 0xff, 0xe3, 0x18, 0xff, 0xe3, 0x18, 0xff, 0xe3, 0x18, 0xff, 0xe3, 0x18, 0xff, 0xbf, 0xf7, 0xeb, 0xbf, 0xf7, 0xeb, 0xbf, 0xf7, 0xeb,
  0xbf, 0xf7, 0xeb, 0xbf, 0xf7, 0xeb, 0xbf, 0xf7, 0xeb, 0xbf, 0xf7, 0xeb, 0xbe, 0x2b, 0xff, 0xbe, 0x2b, 0xff, 0xbe, 0x2b, 0xff, 0xbe, 0x2b, 0xff, 0xbe, 0x2b, 0xff, 0xbe, 0x2b, 0xff, 0xbe, 0x2b, 0xff, 0xbe, 0x2b, 0xff,
  0xbe, 0x2b, 0xff, 0xbe, 0x2b, 0xff, 0xbe, 0x2b, 0xff, 0xbe, 0x2b, 0xff, 0xbe, 0x2b, 0xff, 0xbe, 0x2b, 0xff, 0xbe, 0x2b, 0xff, 0xbe, 0x2b, 0xff, 0xbe, 0x2b, 0xff, 0xbe, 0x2b, 0xff, 0xbe, 0x2b, 0xff, 0xbe, 0x2b, 0xff,
  0xbe, 0x2b, 0xff, 0xbe, 0x2b, 0xff, 0xbe, 0x2b, 0xff, 0xbe, 0x2b, 0xff, 0xbe, 0x2b, 0xff, 0xbe, 0x2b, 0xff, 0xbe, 0x2b, 0xff, 0xbe, 0x2b, 0xff, 0xbe, 0x2b, 0xff, 0xbe, 0x2b, 0xff, 0xbe, 0x2b, 0xff, 0xbe, 0x2b, 0xff,
  0xbf, 0xf7, 0xeb, 0xbf, 0xf7, 0xeb, 0xbf, 0xf7, 0xeb, 0xbf, 0xf7, 0xeb, 0xbf, 0xf7, 0xeb, 0xbf, 0xf7, 0xeb, 0xbf, 0xf7, 0xeb, 0xe3, 0x18, 0xff, 0xe3, 0x18, 0xff, 0xe3, 0x18, 0xff, 0xe3, 0x18, 0xff, 0xe3, 0x18, 0xff,
  0xe3, 0x18, 0xff, 0xe3, 0x18, 0xff, 0xe3, 0x18, 0xff, 0xe3, 0x18, 0xff, 0xe3, 0x18, 0xff, 0xe3, 0x18, 0xff, 0xe3, 0x18, 0xff, 0xe3, 0x18, 0xff, 0xe3, 0x18, 0xff, 0xe3, 0x18, 0xff, 0xe3, 0x18, 0xff, 0xe3, 0x18, 0xff,
  0xe3, 0x18, 0xff, 0xe3, 0x18, 0xff, 0xe3, 0x18, 0xff, 0x8b, 0x36, 0xff, 0x8b, 0x36, 0xff, 0x8b, 0x36, 0xff, 0xe3, 0x18, 0xff, 0x8b, 0x36, 0xff, 0x8b, 0x36, 0xff, 0x8b, 0x36, 0xff, 0xe3, 0x18, 0xff, 0xe3, 0x18, 0xff,
  0xe3, 0x18, 0xff, 0xe3, 0x18, 0xff, 0xe3, 0x18, 0xff, 0xe3, 0x18, 0xff, 0xe3, 0x18, 0xff, 0xe3, 0x18, 0xff, 0xe3, 0x18, 0xff, 0xe3, 0x18, 0xff, 0xe3, 0x18, 0xff, 0xe3, 0x18, 0xff, 0xe3, 0x18, 0xff, 0xe3, 0x18, 0xff,
  0xe3, 0x18, 0xff, 0xe3, 0x18, 0xff, 0xe3, 0x18, 0xff, 0xe3, 0x18, 0xff, 0xe3, 0x18, 0xff, 0xe3, 0x18, 0xff, 0xe3, 0x18, 0xff, 0xe3, 0x18, 0xff, 0xe3, 0x18, 0xff, 0xe3, 0x18, 0xff, 0xe3, 0x18, 0xff, 0xe3, 0x18, 0xff,
  0xe3, 0x18, 0xff, 0xe3, 0x18, 0xff, 0xe3, 0x18, 0xff, 0xe3, 0x18, 0xff, 0xe3, 0x18, 0xff, 0xe3, 0x18, 0xff, 0xe3, 0x18, 0xff, 0xe3, 0x18, 0xff, 0xe3, 0x18, 0xff, 0xe3, 0x18, 0xff, 0xe3, 0x18, 0xff, 0xe3, 0x18, 0xff,
  0xe3, 0x18, 0xff, 0xbf, 0xf7, 0xeb, 0xbf, 0xf7, 0xeb, 0xbf, 0xf7, 0xeb, 0xbf, 0xf7, 0xeb, 0xbf, 0xf7, 0xeb, 0xbf, 0xf7, 0xeb, 0xbf, 0xf7, 0xeb, 0xbe, 0x2b, 0xff, 0xbe, 0x2b, 0xff, 0xbe, 0x2b, 0xff, 0xbe, 0x2b, 0xff,
  0xbe, 0x2b, 0xff, 0xbe, 0x2b, 0xff, 0xbe, 0x2b, 0xff, 0xbe, 0x2b, 0xff, 0xbe, 0x2b, 0xff, 0xbe, 0x2b, 0xff, 0xbe, 0x2b, 0xff, 0xbe, 0x2b, 0xff, 0xbe, 0x2b, 0xff, 0xbe, 0x2b, 0xff, 0xbe, 0x2b, 0xff, 0xbe, 0x2b, 0xff,
  0xbe, 0x2b, 0xff, 0xbe, 0x2b, 0xff, 0xbe, 0x2b, 0xff, 0xbe, 0x2b, 0xff, 0xbe, 0x2b, 0xff, 0xbe, 0x2b, 0xff, 0xbe, 0x2b, 0xff, 0xbe, 0x2b, 0xff, 0xbe, 0x2b, 0xff, 0xbe, 0x2b, 0xff, 0xbe, 0x2b, 0xff, 0xbe, 0x2b, 0xff,
  0xbe, 0x2b, 0xff, 0xbe, 0x2b, 0xff, 0xbe, 0x2b, 0xff, 0xbe, 0x2b, 0xff, 0xbf, 0xf7, 0xeb, 0xbf, 0xf7, 0xeb, 0xbf, 0xf7, 0xeb, 0xbf, 0xf7, 0xeb, 0xbf, 0xf7, 0xeb, 0xbf, 0xf7, 0xeb, 0xbf, 0xf7, 0xeb, 0xe3, 0x18, 0xff,
  0xe3, 0x18, 0xff, 0xe3, 0x18, 0xff, 0xe3, 0x18, 0xff, 0xe3, 0x18, 0xff, 0xe3, 0x18, 0xff, 0xe3, 0x18, 0xff, 0xe3, 0x18, 0xff, 0xe3, 0x18, 0xff, 0xe3, 0x18, 0xff, 0xe3, 0x18, 0xff, 0xe3, 0x18, 0xff, 0xe3, 0x18, 0xff,
  0xe3, 0x18, 0xff, 0xe3, 0x18, 0xff, 0xe3, 0x18, 0xff, 0xe3, 0x18, 0xff, 0xe3, 0x18, 0xff, 0xe3, 0x18, 0xff, 0xe3, 0x18, 0xff, 0x8b, 0x36, 0xff, 0x8b, 0x36, 0xff, 0x8b, 0x36, 0xff, 0xe3, 0x18, 0xff, 0x8b, 0x36, 0xff,
  0x8b, 0x36, 0xff, 0x8b, 0x36, 0xff, 0xe3, 0x18, 0xff, 0xe3, 0x18, 0xff, 0xe3, 0x18, 0xff, 0xe3, 0x18, 0xff, 0xe3, 0x18, 0xff, 0xe3, 0x18, 0xff, 0xe3, 0x18, 0xff, 0xe3, 0x18, 0xff, 0xe3, 0x18, 0xff, 0xe3, 0x18, 0xff,
  0xe3, 0x18, 0xff, 0xe3, 0x18, 0xff, 0xe3, 0x18, 0xff, 0xe3, 0x18, 0xff, 0xe3, 0x18, 0xff, 0xe3, 0x18, 0xff, 0xe3, 0x18, 0xff, 0xe3, 0x18, 0xff, 0xe3, 0x18, 0xff, 0xe3, 0x18, 0xff, 0xe3, 0x18, 0xff, 0xe3, 0x18, 0xff,
  0xe3, 0x18, 0xff, 0xe3, 0x18, 0xff, 0xe3, 0x18, 0xff, 0xe3, 0x18, 0xff, 0xe3, 0x18, 0xff, 0xe3, 0x18, 0xff, 0xe3, 0x18, 0xff, 0xe3, 0x18, 0xff, 0xe3, 0x18, 0xff, 0xe3, 0x18, 0xff, 0xe3, 0x18, 0xff, 0xe3, 0x18, 0xff,
  0xe3, 0x18, 0xff, 0xe3, 0x18, 0xff, 0xe3, 0x18, 0xff, 0xe3, 0x18, 0xff, 0xe3, 0x18, 0xff, 0xbf, 0xf7, 0xeb, 0xbf, 0xf7, 0xeb, 0xbf, 0xf7, 0xeb, 0xbf, 0xf7, 0xeb, 0xbf, 0xf7, 0xeb, 0xbf, 0xf7, 0xeb, 0xbf, 0xf7, 0xeb,
  0xbe, 0x2b, 0xff, 0xbe, 0x2b, 0xff, 0xbe, 0x2b, 0xff, 0xbe, 0x2b, 0xff, 0xbe, 0x2b, 0xff, 0xbe, 0x2b, 0xff, 0xbe, 0x2b, 0xff, 0xbe, 0x2b, 0xff, 0xbe, 0x2b, 0xff, 0xbe, 0x2b, 0xff, 0xbe, 0x2b, 0xff, 0xbe, 0x2b, 0xff,
  0xbe, 0x2b, 0xff, 0xbe, 0x2b, 0xff, 0xbe, 0x2b, 0xff, 0xbe, 0x2b, 0xff, 0xbe, 0x2b, 0xff, 0xbe, 0x2b, 0xff, 0xbe, 0x2b, 0xff, 0xbe, 0x2b, 0xff, 0xbe, 0x2b, 0xff, 0xbe, 0x2b, 0xff, 0xbe, 0x2b, 0xff, 0xbe, 0x2b, 0xff,
  0xbe, 0x2b, 0xff, 0xbe, 0x2b, 0xff, 0xbe, 0x2b, 0xff, 0xbe, 0x2b, 0xff, 0xbe, 0x2b, 0xff, 0xbe, 0x2b, 0xff, 0xbe, 0x2b, 0xff, 0xbe, 0x2b, 0xff, 0xbf, 0xf7, 0xeb, 0xbf, 0xf7, 0xeb, 0xbf, 0xf7, 0xeb, 0xbf, 0xf7, 0xeb,
  0xbf, 0xf7, 0xeb, 0xbf, 0xf7, 0xeb, 0xbf, 0xf7, 0xeb, 0xe3, 0x18, 0xff, 0xe3, 0x18, 0xff, 0xe3, 0x18, 0xff, 0xe3, 0x18, 0xff, 0xe3, 0x18, 0xff, 0xe3, 0x18, 0xff, 0xe3, 0x18, 0xff, 0xe3, 0x18, 0xff, 0xe3, 0x18, 0xff,
  0xe3, 0x18, 0xff, 0xe3, 0x18, 0xff, 0xe3, 0x18, 0xff, 0xe3, 0x18, 0xff, 0xe3, 0x18, 0xff, 0xe3, 0x18, 0xff, 0xe3, 0x18, 0xff, 0xe3, 0x18, 0xff, 0xe3, 0x18, 0xff, 0xe3, 0x18, 0xff, 0x8b, 0x36, 0xff, 0x8b, 0x36, 0xff,
  0x8b, 0x36, 0xff, 0xe3, 0x18, 0xff, 0xe3, 0x18, 0xff, 0xe3, 0x18, 0xff, 0x8b, 0x36, 0xff, 0x8b, 0x36, 0xff, 0x8b, 0x36, 0xff, 0xe3, 0x18, 0xff, 0xe3, 0x18, 0xff, 0xe3, 0x18, 0xff, 0xe3, 0x18, 0xff, 0xe3, 0x18, 0xff,
  0xe3, 0x18, 0xff, 0xe3, 0x18, 0xff, 0xe3, 0x18, 0xff, 0xe3, 0x18, 0xff, 0xe3, 0x18, 0xff, 0xe3, 0x18, 0xff, 0xe3, 0x18, 0xff, 0xe3, 0x18, 0xff, 0x8b, 0x36, 0xff, 0xe3, 0x18, 0xff, 0xe3, 0x18, 0xff, 0xe3, 0x18, 0xff,
  0xe3, 0x18, 0xff, 0xe3, 0x18, 0xff, 0xe3, 0x18, 0xff, 0xe3, 0x18, 0xff, 0xe3, 0x18, 0xff, 0xe3, 0x18, 0xff, 0xe3, 0x18, 0xff, 0xe3, 0x18, 0xff, 0xe3, 0x18, 0xff, 0xe3, 0x18, 0xff, 0xe3, 0x18, 0xff, 0xe3, 0x18, 0xff,
  0xe3, 0x18, 0xff, 0xe3, 0x18, 0xff, 0xe3, 0x18, 0xff, 0xe3, 0x18, 0xff, 0xe3, 0x18, 0xff, 0xe3, 0x18, 0xff, 0xe3, 0x18, 0xff, 0xe3, 0x18, 0xff, 0xe3, 0x18, 0xff, 0xbf, 0xf7, 0xeb, 0xbf, 0xf7, 0xeb, 0xbf, 0xf7, 0xeb,
  0xbf, 0xf7, 0xeb, 0xbf, 0xf7, 0xeb, 0xbf, 0xf7, 0xeb, 0xbf, 0xf7, 0xeb, 0xbe, 0x2b, 0xff, 0xbe, 0x2b, 0xff, 0xbe, 0x2b, 0xff, 0xbe, 0x2b, 0xff, 0xbe, 0x2b, 0xff, 0xbe, 0x2b, 0xff, 0xbe, 0x2b, 0xff, 0xbe, 0x2b, 0xff,
  0xbe, 0x2b, 0xff, 0xbe, 0x2b, 0xff, 0xbe, 0x2b, 0xff, 0xbe, 0x2b, 0xff, 0xbe, 0x2b, 0xff, 0xbe, 0x2b, 0xff, 0xbe, 0x2b, 0xff, 0xbe, 0x2b, 0xff, 0xbe, 0x2b, 0xff, 0xbe, 0x2b, 0xff, 0xbe, 0x2b, 0xff, 0xbe, 0x2b, 0xff,
  0xbe, 0x2b, 0xff, 0xbe, 0x2b, 0xff, 0xbe, 0x2b, 0xff, 0xbe, 0x2b, 0xff, 0xbe, 0x2b, 0xff, 0xbe, 0x2b, 0xff, 0xbe, 0x2b, 0xff, 0xbe, 0x2b, 0xff, 0xbe, 0x2b, 0xff, 0xbe, 0x2b, 0xff, 0xbe, 0x2b, 0xff, 0xbe, 0x2b, 0xff,
  0xbf, 0xf7, 0xeb, 0xbf, 0xf7, 0xeb, 0xbf, 0xf7, 0xeb, 0xbf, 0xf7, 0xeb, 0xbf, 0xf7, 0xeb, 0xbf, 0xf7, 0xeb, 0xbf, 0xf7, 0xeb, 0xe3, 0x18, 0xff, 0xe3, 0x18, 0xff, 0xe3, 0x18, 0xff, 0xe3, 0x18, 0xff, 0xe3, 0x18, 0xff,
  0xe3, 0x18, 0xff, 0xe3, 0x18, 0xff, 0xe3, 0x18, 0xff, 0xe3, 0x18, 0xff, 0xe3, 0x18, 0xff, 0xe3, 0x18, 0xff, 0xe3, 0x18, 0xff, 0xe3, 0x18, 0xff, 0xe3, 0x18, 0xff, 0xe3, 0x18, 0xff, 0xe3, 0x18, 0xff, 0xe3, 0x18, 0xff,
  0xe3, 0x18, 0xff, 0xe3, 0x18, 0xff, 0x8b, 0x36, 0xff, 0x8b, 0x36, 0xff, 0x8b, 0x36, 0xff, 0xe3, 0x18, 0xff, 0xe3, 0x18, 0xff, 0xe3, 0x18, 0xff, 0x8b, 0x36, 0xff, 0x8b, 0x36, 0xff, 0x8b, 0x36, 0xff, 0xe3, 0x18, 0xff,
  0xe3, 0x18, 0xff, 0xe3, 0x18, 0xff, 0xe3, 0x18, 0xff, 0xe3, 0x18, 0xff, 0xe3, 0x18, 0xff, 0xe3, 0x18, 0xff, 0xe3, 0x18, 0xff, 0xe3, 0x18, 0xff, 0xe3, 0x18, 0xff, 0xe3, 0x18, 0xff, 0xe3, 0x18, 0xff, 0x8b, 0x36, 0xff,
  0x8b, 0x36, 0xff, 0x8b, 0x36, 0xff, 0xe3, 0x18, 0xff, 0xe3, 0x18, 0xff, 0xe3, 0x18, 0xff, 0xe3, 0x18, 0xff, 0xe3, 0x18, 0xff, 0xe3, 0x18, 0xff, 0xe3, 0x18, 0xff, 0xe3, 0x18, 0xff, 0xe3, 0x18, 0xff, 0xe3, 0x18, 0xff,
  0xe3, 0x18, 0xff, 0xe3, 0x18, 0xff, 0xe3, 0x18, 0xff, 0xe3, 0x18, 0xff, 0xe3, 0x18, 0xff, 0xe3, 0x18, 0xff, 0xe3, 0x18, 0xff, 0xe3, 0x18, 0xff, 0xe3, 0x18, 0xff, 0xe3, 0x18, 0xff, 0xe3, 0x18, 0xff, 0xe3, 0x18, 0xff,
  0xe3, 0x18, 0xff, 0xbf, 0xf7, 0xeb, 0xbf, 0xf7, 0xeb, 0xbf, 0xf7, 0xeb, 0xbf, 0xf7, 0xeb, 0xbf, 0xf7, 0xeb, 0xbf, 0xf7, 0xeb, 0xbf, 0xf7, 0xeb, 0xbe, 0x2b, 0xff, 0xbe, 0x2b, 0xff, 0xbe, 0x2b, 0xff, 0xbe, 0x2b, 0xff,
  0xbe, 0x2b, 0xff, 0xbe, 0x2b, 0xff, 0xbe, 0x2b, 0xff, 0xbe, 0x2b, 0xff, 0xbe, 0x2b, 0xff, 0xbe, 0x2b, 0xff, 0xbe, 0x2b, 0xff, 0xbe, 0x2b, 0xff, 0xbe, 0x2b, 0xff, 0xbe, 0x2b, 0xff, 0xbe, 0x2b, 0xff, 0xbe, 0x2b, 0xff,
  0xbe, 0x2b, 0xff, 0xbe, 0x2b, 0xff, 0xbe, 0x2b, 0xff, 0xbe, 0x2b, 0xff, 0xbe, 0x2b, 0xff, 0xbe, 0x2b, 0xff, 0xbe, 0x2b, 0xff, 0xbe, 0x2b, 0xff, 0xbe, 0x2b, 0xff, 0xbe, 0x2b, 0xff, 0xbe, 0x2b, 0xff, 0xbe, 0x2b, 0xff,
  0xbe, 0x2b, 0xff, 0xbe, 0x2b, 0xff, 0xbe, 0x2b, 0xff, 0xbe, 0x2b, 0xff, 0xbf, 0xf7, 0xeb, 0xbf, 0xf7, 0xeb, 0xbf, 0xf7, 0xeb, 0xbf, 0xf7, 0xeb, 0xbf, 0xf7, 0xeb, 0xbf, 0xf7, 0xeb, 0xbf, 0xf7, 0xeb, 0xe3, 0x18, 0xff,
  0xe3, 0x18, 0xff, 0xe3, 0x18, 0xff, 0xe3, 0x18, 0xff, 0xe3, 0x18, 0xff, 0xe3, 0x18, 0xff, 0xe3, 0x18, 0xff, 0xe3, 0x18, 0xff, 0xe3, 0x18, 0xff, 0xe3, 0x18, 0xff, 0xe3, 0x18, 0xff, 0xe3, 0x18, 0xff, 0xe3, 0x18, 0xff,
  0xe3, 0x18, 0xff, 0xe3, 0x18, 0xff, 0xe3, 0x18, 0xff, 0xe3, 0x18, 0xff, 0xe3, 0x18, 0xff, 0x8b, 0x36, 0xff, 0x8b, 0x36, 0xff, 0x8b, 0x36, 0xff, 0xe3, 0x18, 0xff, 0xe3, 0x18, 0xff, 0xe3, 0x18, 0xff, 0xe3, 0x18, 0xff,
  0xe3, 0x18, 0xff, 0x8b, 0x36, 0xff, 0x8b, 0x36, 0xff, 0x8b, 0x36, 0xff, 0xe3, 0x18, 0xff, 0xe3, 0x18, 0xff, 0xe3, 0x18, 0xff, 0xe3, 0x18, 0xff, 0xe3, 0x18, 0xff, 0xe3, 0x18, 0xff, 0xe3, 0x18, 0xff, 0xe3, 0x18, 0xff,
  0xe3, 0x18, 0xff, 0xe3, 0x18, 0xff, 0x8b, 0x36, 0xff, 0x8b, 0x36, 0xff, 0x8b, 0x36, 0xff, 0x8b, 0x36, 0xff, 0x8b, 0x36, 0xff, 0x8b, 0x36, 0xff, 0xe3, 0x18, 0xff, 0xe3, 0x18, 0xff, 0xe3, 0x18, 0xff, 0xe3, 0x18, 0xff,
  0xe3, 0x18, 0xff, 0xe3, 0x18, 0xff, 0xe3, 0x18, 0xff, 0xe3, 0x18, 0xff, 0xe3, 0x18, 0xff, 0xe3, 0x18, 0xff, 0xe3, 0x18, 0xff, 0xe3, 0x18, 0xff, 0xe3, 0x18, 0xff, 0xe3, 0x18, 0xff, 0xe3, 0x18, 0xff, 0xe3, 0x18, 0xff,
  0xe3, 0x18, 0xff, 0xe3, 0x18, 0xff, 0xe3, 0x18, 0xff, 0xe3, 0x18, 0xff, 0xe3, 0x18, 0xff, 0xbf, 0xf7, 0xeb, 0xbf, 0xf7, 0xeb, 0xbf, 0xf7, 0xeb, 0xbf, 0xf7, 0xeb, 0xbf, 0xf7, 0xeb, 0xbf, 0xf7, 0xeb, 0xbf, 0xf7, 0xeb,
  0xbe, 0x2b, 0xff, 0xbe, 0x2b, 0xff, 0xbe, 0x2b, 0xff, 0xbe, 0x2b, 0xff, 0xbe, 0x2b, 0xff, 0xbe, 0x2b, 0xff, 0xbe, 0x2b, 0xff, 0xbe, 0x2b, 0xff, 0xbe, 0x2b, 0xff, 0xbe, 0x2b, 0xff, 0xbe, 0x2b, 0xff, 0xbe, 0x2b, 0xff,
  0xbe, 0x2b, 0xff, 0xbe, 0x2b, 0xff, 0xbe, 0x2b, 0xff, 0xbe, 0x2b, 0xff, 0x9e, 0x2b, 0xff, 0x9e, 0x2b, 0xff, 0x9e, 0x2b, 0xff, 0x9e, 0x2b, 0xff, 0x9e, 0x2b, 0xff, 0x9e, 0x2b, 0xff, 0x9e, 0x2b, 0xff, 0x9e, 0x2b, 0xff,
  0x9e, 0x2b, 0xff, 0x9e, 0x2b, 0xff, 0x9e, 0x2b, 0xff, 0x9e, 0x2b, 0xff, 0x9e, 0x2b, 0xff, 0x9e, 0x2b, 0xff, 0x9e, 0x2b, 0xff, 0x9e, 0x2b, 0xff, 0xbf, 0xf7, 0xeb, 0xbf, 0xf7, 0xeb, 0xbf, 0xf7, 0xeb, 0xbf, 0xf7, 0xeb,
  0xbf, 0xf7, 0xeb, 0xbf, 0xf7, 0xeb, 0xbf, 0xf7, 0xeb, 0xe3, 0x18, 0xff, 0xe3, 0x18, 0xff, 0xe3, 0x18, 0xff, 0xe3, 0x18, 0xff, 0xe3, 0x18, 0xff, 0xe3, 0x18, 0xff, 0xe3, 0x18, 0xff, 0xe3, 0x18, 0xff, 0xe3, 0x18, 0xff,
  0xe3, 0x18, 0xff, 0xe3, 0x18, 0xff, 0xe3, 0x18, 0xff, 0xe3, 0x18, 0xff, 0xe3, 0x18, 0xff, 0xe3, 0x18, 0xff, 0xe3, 0x18, 0xff, 0xe3, 0x18, 0xff, 0x8b, 0x36, 0xff, 0x8b, 0x36, 0xff, 0x8b, 0x36, 0xff, 0xe3, 0x18, 0xff,
  0xe3, 0x18, 0xff, 0xe3, 0x18, 0xff, 0xe3, 0x18, 0xff, 0xe3, 0x18, 0xff, 0xe3, 0x18, 0xff, 0x8b, 0x36, 0xff, 0x8b, 0x36, 0xff, 0x8b, 0x36, 0xff, 0xe3, 0x18, 0xff, 0xe3, 0x18, 0xff, 0xe3, 0x18, 0xff, 0xe3, 0x18, 0xff,
  0xe3, 0x18, 0xff, 0xe3, 0x18, 0xff, 0xe3, 0x18, 0xff, 0xe3, 0x18, 0xff, 0xe3, 0x18, 0xff, 0xe3, 0x18, 0xff, 0x8b, 0x36, 0xff, 0x8b, 0x36, 0xff, 0x8b, 0x36, 0xff, 0x8b, 0x36, 0xff, 0x8b, 0x36, 0xff, 0x8b, 0x36, 0xff,
  0x8b, 0x36, 0xff, 0xe3, 0x18, 0xff, 0xe3, 0x18, 0xff, 0xe3, 0x18, 0xff, 0xe3, 0x18, 0xff, 0xe3, 0x18, 0xff, 0xe3, 0x18, 0xff, 0xe3, 0x18, 0xff, 0xe3, 0x18, 0xff, 0xe3, 0x18, 0xff, 0xe3, 0x18, 0xff, 0xe3, 0x18, 0xff,
  0xe3, 0x18, 0xff, 0xe3, 0x18, 0xff, 0xe3, 0x18, 0xff, 0xe3, 0x18, 0xff, 0xe3, 0x18, 0xff, 0xe3, 0x18, 0xff, 0xe3, 0x18, 0xff, 0xe3, 0x18, 0xff, 0xe3, 0x18, 0xff, 0xbf, 0xf7, 0xeb, 0xbf, 0xf7, 0xeb, 0xbf, 0xf7, 0xeb,
  0xbf, 0xf7, 0xeb, 0xbf, 0xf7, 0xeb, 0xbf, 0xf7, 0xeb, 0xbf, 0xf7, 0xeb, 0x9e, 0x2b, 0xff, 0x9e, 0x2b, 0xff, 0x9e, 0x2b, 0xff, 0x9e, 0x2b, 0xff, 0x9e, 0x2b, 0xff, 0x9e, 0x2b, 0xff, 0x9e, 0x2b, 0xff, 0x9e, 0x2b, 0xff,
  0x9e, 0x2b, 0xff, 0x9e, 0x2b, 0xff, 0x9e, 0x2b, 0xff, 0x9e, 0x2b, 0xff, 0x9e, 0x2b, 0xff, 0x9e, 0x2b, 0xff, 0x9e, 0x2b, 0xff, 0x9e, 0x2b, 0xff, 0x9e, 0x2b, 0xff, 0x9e, 0x2b, 0xff, 0x9e, 0x2b, 0xff, 0x9e, 0x2b, 0xff,
  0x9e, 0x2b, 0xff, 0x9e, 0x2b, 0xff, 0x9e, 0x2b, 0xff, 0x9e, 0x2b, 0xff, 0x9e, 0x2b, 0xff, 0x9e, 0x2b, 0xff, 0x9e, 0x2b, 0xff, 0x9e, 0x2b, 0xff, 0x9e, 0x2b, 0xff, 0x9e, 0x2b, 0xff, 0x9e, 0x2b, 0xff, 0x9e, 0x2b, 0xff,
  0xbf, 0xf7, 0xeb, 0xbf, 0xf7, 0xeb, 0xbf, 0xf7, 0xeb, 0xbf, 0xf7, 0xeb, 0xbf, 0xf7, 0xeb, 0xbf, 0xf7, 0xeb, 0xbf, 0xf7, 0xeb, 0xe3, 0x18, 0xff, 0xe3, 0x18, 0xff, 0xe3, 0x18, 0xff, 0xe3, 0x18, 0xff, 0xe3, 0x18, 0xff,
  0xe3, 0x18, 0xff, 0xe3, 0x18, 0xff, 0xe3, 0x18, 0xff, 0xe3, 0x18, 0xff, 0xe3, 0x18, 0xff, 0xe3, 0x18, 0xff, 0xe3, 0x18, 0xff, 0xe3, 0x18, 0xff, 0xe3, 0x18, 0xff, 0xe3, 0x18, 0xff, 0xe3, 0x18, 0xff, 0xe3, 0x18, 0xff,
  0x8b, 0x36, 0xff, 0x8b, 0x36, 0xff, 0x8b, 0x36, 0xff, 0xe3, 0x18, 0xff, 0xe3, 0x18, 0xff, 0xe3, 0x18, 0xff, 0xe3, 0x18, 0xff, 0xe3, 0x18, 0xff, 0xe3, 0x18, 0xff, 0xe3, 0x18, 0xff, 0x8b, 0x36, 0xff, 0x8b, 0x36, 0xff,
  0x8b, 0x36, 0xff, 0xe3, 0x18, 0xff, 0xe3, 0x18, 0xff, 0xe3, 0x18, 0xff, 0xe3, 0x18, 0xff, 0xe3, 0x18, 0xff, 0xe3, 0x18, 0xff, 0xe3, 0x18, 0xff, 0xe3, 0x18, 0xff, 0x8b, 0x36, 0xff, 0x8b, 0x36, 0xff, 0x8b, 0x36, 0xff,
  0xe3, 0x18, 0xff, 0xe3, 0x18, 0xff, 0x8b, 0x36, 0xff, 0x8b, 0x36, 0xff, 0x8b, 0x36, 0xff, 0x8b, 0x36, 0xff, 0xe3, 0x18, 0xff, 0xe3, 0x18, 0xff, 0xe3, 0x18, 0xff, 0xe3, 0x18, 0xff, 0xe3, 0x18, 0xff, 0xe3, 0x18, 0xff,
  0xe3, 0x18, 0xff, 0xe3, 0x18, 0xff, 0xe3, 0x18, 0xff, 0xe3, 0x18, 0xff, 0xe3, 0x18, 0xff, 0xe3, 0x18, 0xff, 0xe3, 0x18, 0xff, 0xe3, 0x18, 0xff, 0xe3, 0x18, 0xff, 0xe3, 0x18, 0xff, 0xe3, 0x18, 0xff, 0xe3, 0x18, 0xff,
  0xe3, 0x18, 0xff, 0xbf, 0xf7, 0xeb, 0xbf, 0xf7, 0xeb, 0xbf, 0xf7, 0xeb, 0xbf, 0xf7, 0xeb, 0xbf, 0xf7, 0xeb, 0xbf, 0xf7, 0xeb, 0xbf, 0xf7, 0xeb, 0x9e, 0x2b, 0xff, 0x9e, 0x2b, 0xff, 0x9e, 0x2b, 0xff, 0x9e, 0x2b, 0xff,
  0x9e, 0x2b, 0xff, 0x9e, 0x2b, 0xff, 0x9e, 0x2b, 0xff, 0x9e, 0x2b, 0xff, 0x9e, 0x2b, 0xff, 0x9e, 0x2b, 0xff, 0x9e, 0x2b, 0xff, 0x9e, 0x2b, 0xff, 0x9e, 0x2b, 0xff, 0x9e, 0x2b, 0xff, 0x9e, 0x2b, 0xff, 0x9e, 0x2b, 0xff,
  0x9e, 0x2b, 0xff, 0x9e, 0x2b, 0xff, 0x9e, 0x2b, 0xff, 0x9e, 0x2b, 0xff, 0x9e, 0x2b, 0xff, 0x9e, 0x2b, 0xff, 0x9e, 0x2b, 0xff, 0x9e, 0x2b, 0xff, 0x9e, 0x2b, 0xff, 0x9e, 0x2b, 0xff, 0x9e, 0x2b, 0xff, 0x9e, 0x2b, 0xff,
  0x9e, 0x2b, 0xff, 0x9e, 0x2b, 0xff, 0x9e, 0x2b, 0xff, 0x9e, 0x2b, 0xff, 0xbf, 0xf7, 0xeb, 0xbf, 0xf7, 0xeb, 0xbf, 0xf7, 0xeb, 0xbf, 0xf7, 0xeb, 0xbf, 0xf7, 0xeb, 0xbf, 0xf7, 0xeb, 0xbf, 0xf7, 0xeb, 0xe3, 0x18, 0xff,
  0xe3, 0x18, 0xff, 0xe3, 0x18, 0xff, 0xe3, 0x18, 0xff, 0xe3, 0x18, 0xff, 0xe3, 0x18, 0xff, 0xe3, 0x18, 0xff, 0xe3, 0x18, 0xff, 0xe3, 0x18, 0xff, 0xe3, 0x18, 0xff, 0xe3, 0x18, 0xff, 0xe3, 0x18, 0xff, 0xe3, 0x18, 0xff,
  0xe3, 0x18, 0xff, 0xe3, 0x18, 0xff, 0xe3, 0x18, 0xff, 0x8b, 0x36, 0xff, 0x8b, 0x36, 0xff, 0x8b, 0x36, 0xff, 0xe3, 0x18, 0xff, 0xe3, 0x18, 0xff, 0xe3, 0x18, 0xff, 0xe3, 0x18, 0xff, 0xe3, 0x18, 0xff, 0xe3, 0x18, 0xff,
  0xe3, 0x18, 0xff, 0xe3, 0x18, 0xff, 0x8b, 0x36, 0xff, 0x8b, 0x36, 0xff, 0x8b, 0x36, 0xff, 0xe3, 0x18, 0xff, 0xe3, 0x18, 0xff, 0xe3, 0x18, 0xff, 0xe3, 0x18, 0xff, 0xe3, 0x18, 0xff, 0xe3, 0x18, 0xff, 0xe3, 0x18, 0xff,
  0xe3, 0x18, 0xff, 0x8b, 0x36, 0xff, 0x8b, 0x36, 0xff, 0x8b, 0x36, 0xff, 0xe3, 0x18, 0xff, 0xe3, 0x18, 0xff, 0xe3, 0x18, 0xff, 0xe3, 0x18, 0xff, 0x8b, 0x36, 0xff, 0x8b, 0x36, 0xff, 0x8b, 0x36, 0xff, 0xe3, 0x18, 0xff,
  0xe3, 0x18, 0xff, 0xe3, 0x18, 0xff, 0xe3, 0x18, 0xff, 0xe3, 0x18, 0xff, 0xe3, 0x18, 0xff, 0xe3, 0x18, 0xff, 0xe3, 0x18, 0xff, 0xe3, 0x18, 0xff, 0xe3, 0x18, 0xff, 0xe3, 0x18, 0xff, 0xe3, 0x18, 0xff, 0xe3, 0x18, 0xff,
  0xe3, 0x18, 0xff, 0xe3, 0x18, 0xff, 0xe3, 0x18, 0xff, 0xe3, 0x18, 0xff, 0xe3, 0x18, 0xff, 0xbf, 0xf7, 0xeb, 0xbf, 0xf7, 0xeb, 0xbf, 0xf7, 0xeb, 0xbf, 0xf7, 0xeb, 0xbf, 0xf7, 0xeb, 0xbf, 0xf7, 0xeb, 0xbf, 0xf7, 0xeb,
  0x9e, 0x2b, 0xff, 0x9e, 0x2b, 0xff, 0x9e, 0x2b, 0xff, 0x9e, 0x2b, 0xff, 0x9e, 0x2b, 0xff, 0x9e, 0x2b, 0xff, 0x9e, 0x2b, 0xff, 0x9e, 0x2b, 0xff, 0x9e, 0x2b, 0xff, 0x9e, 0x2b, 0xff, 0x9e, 0x2b, 0xff, 0x9e, 0x2b, 0xff,
  0x9e, 0x2b, 0xff, 0x9e, 0x2b, 0xff, 0x9e, 0x2b, 0xff, 0x9e, 0x2b, 0xff, 0x9e, 0x2b, 0xff, 0x9e, 0x2b, 0xff, 0x9e, 0x2b, 0xff, 0x9e, 0x2b, 0xff, 0x9e, 0x2b, 0xff, 0x9e, 0x2b, 0xff, 0x9e, 0x2b, 0xff, 0x9e, 0x2b, 0xff,
  0x9e, 0x2b, 0xff, 0x9e, 0x2b, 0xff, 0x9e, 0x2b, 0xff, 0x9e, 0x2b, 0xff, 0x9e, 0x2b, 0xff, 0x9e, 0x2b, 0xff, 0x9e, 0x2b, 0xff, 0x9e, 0x2b, 0xff, 0xbf, 0xf7, 0xeb, 0xbf, 0xf7, 0xeb, 0xbf, 0xf7, 0xeb, 0xbf, 0xf7, 0xeb,
  0xbf, 0xf7, 0xeb, 0xbf, 0xf7, 0xeb, 0xbf, 0xf7, 0xeb, 0xe3, 0x18, 0xff, 0xe3, 0x18, 0xff, 0xe3, 0x18, 0xff, 0xe3, 0x18, 0xff, 0xe3, 0x18, 0xff, 0xe3, 0x18, 0xff, 0xe3, 0x18, 0xff, 0xe3, 0x18, 0xff, 0xe3, 0x18, 0xff,
  0xe3, 0x18, 0xff, 0xe3, 0x18, 0xff, 0xe3, 0x18, 0xff, 0xe3, 0x18, 0xff, 0xe3, 0x18, 0xff, 0xe3, 0x18, 0xff, 0xe3, 0x18, 0xff, 0x8b, 0x36, 0xff, 0x8b, 0x36, 0xff, 0x8b, 0x36, 0xff, 0xe3, 0x18, 0xff, 0xe3, 0x18, 0xff,
  0xe3, 0x18, 0xff, 0xe3, 0x18, 0xff, 0xe3, 0x18, 0xff, 0xe3, 0x18, 0xff, 0xe3, 0x18, 0xff, 0xe3, 0x18, 0xff, 0xe3, 0x18, 0xff, 0x8b, 0x36, 0xff, 0x8b, 0x36, 0xff, 0x8b, 0x36, 0xff, 0xe3, 0x18, 0xff, 0xe3, 0x18, 0xff,
  0xe3, 0x18, 0xff, 0xe3, 0x18, 0xff, 0xe3, 0x18, 0xff, 0xe3, 0x18, 0xff, 0x8b, 0x36, 0xff, 0x8b, 0x36, 0xff, 0x8b, 0x36, 0xff, 0xe3, 0x18, 0xff, 0xe3, 0x18, 0xff, 0xe3, 0x18, 0xff, 0xe3, 0x18, 0xff, 0xe3, 0x18, 0xff,
  0xe3, 0x18, 0xff, 0x8b, 0x36, 0xff, 0x8b, 0x36, 0xff, 0x8b, 0x36, 0xff, 0x8b, 0x36, 0xff, 0xe3, 0x18, 0xff, 0xe3, 0x18, 0xff, 0xe3, 0x18, 0xff, 0xe3, 0x18, 0xff, 0xe3, 0x18, 0xff, 0xe3, 0x18, 0xff, 0xe3, 0x18, 0xff,
  0xe3, 0x18, 0xff, 0xe3, 0x18, 0xff, 0xe3, 0x18, 0xff, 0xe3, 0x18, 0xff, 0xe3, 0x18, 0xff, 0xe3, 0x18, 0xff, 0xe3, 0x18, 0xff, 0xe3, 0x18, 0xff, 0xe3, 0x18, 0xff, 0xbf, 0xf7, 0xeb, 0xbf, 0xf7, 0xeb, 0xbf, 0xf7, 0xeb,
  0xbf, 0xf7, 0xeb, 0xbf, 0xf7, 0xeb, 0xbf, 0xf7, 0xeb, 0xbf, 0xf7, 0xeb, 0x9e, 0x2b, 0xff, 0x9e, 0x2b, 0xff, 0x9e, 0x2b, 0xff, 0x9e, 0x2b, 0xff, 0x9e, 0x2b, 0xff, 0x9e, 0x2b, 0xff, 0x9e, 0x2b, 0xff, 0x9e, 0x2b, 0xff,
  0x9e, 0x2b, 0xff, 0x9e, 0x2b, 0xff, 0x9e, 0x2b, 0xff, 0x9e, 0x2b, 0xff, 0x9e, 0x2b, 0xff, 0x9e, 0x2b, 0xff, 0x9e, 0x2b, 0xff, 0x9e, 0x2b, 0xff, 0x9e, 0x33, 0xff, 0x9e, 0x33, 0xff, 0x9e, 0x33, 0xff, 0x9e, 0x33, 0xff,
  0x9e, 0x33, 0xff, 0x9e, 0x33, 0xff, 0x9e, 0x33, 0xff, 0x9e, 0x33, 0xff, 0x9e, 0x33, 0xff, 0x9e, 0x33, 0xff, 0x9e, 0x33, 0xff, 0x9e, 0x33, 0xff, 0x9e, 0x33, 0xff, 0x9e, 0x33, 0xff, 0x9e, 0x33, 0xff, 0x9e, 0x33, 0xff,
  0xbf, 0xf7, 0xeb, 0xbf, 0xf7, 0xeb, 0xbf, 0xf7, 0xeb, 0xbf, 0xf7, 0xeb, 0xbf, 0xf7, 0xeb, 0xbf, 0xf7, 0xeb, 0xbf, 0xf7, 0xeb, 0xe3, 0x18, 0xff, 0xe3, 0x18, 0xff, 0xe3, 0x18, 0xff, 0xe3, 0x18, 0xff, 0xe3, 0x18, 0xff,
  0xe3, 0x18, 0xff, 0xe3, 0x18, 0xff, 0xe3, 0x18, 0xff, 0xe3, 0x18, 0xff, 0xe3, 0x18, 0xff, 0xe3, 0x18, 0xff, 0xe3, 0x18, 0xff, 0xe3, 0x18, 0xff, 0xe3, 0x18, 0xff, 0xe3, 0x18, 0xff, 0x8b, 0x36, 0xff, 0x8b, 0x36, 0xff,
  0x8b, 0x36, 0xff, 0xe3, 0x18, 0xff, 0xe3, 0x18, 0xff, 0xe3, 0x18, 0xff, 0xe3, 0x18, 0xff, 0xe3, 0x18, 0xff, 0xe3, 0x18, 0xff, 0xe3, 0x18, 0xff, 0xe3, 0x18, 0xff, 0xe3, 0x18, 0xff, 0xe3, 0x18, 0xff, 0x8b, 0x36, 0xff,
  0x8b, 0x36, 0xff, 0x8b, 0x36, 0xff, 0xe3, 0x18, 0xff, 0xe3, 0x18, 0xff, 0xe3, 0x18, 0xff, 0xe3, 0x18, 0xff, 0xe3, 0x18, 0xff, 0xe3, 0x18, 0xff, 0x8b, 0x36, 0xff, 0x8b, 0x36, 0xff, 0x8b, 0x36, 0xff, 0xe3, 0x18, 0xff,
  0xe3, 0x18, 0xff, 0xe3, 0x18, 0xff, 0xe3, 0x18, 0xff, 0xe3, 0x18, 0xff, 0xe3, 0x18, 0xff, 0xe3, 0x18, 0xff, 0x8b, 0x36, 0xff, 0x8b, 0x36, 0xff, 0x8b, 0x36, 0xff, 0x8b, 0x36, 0xff, 0xe3, 0x18, 0xff, 0xe3, 0x18, 0xff,
  0xe3, 0x18, 0xff, 0xe3, 0x18, 0xff, 0xe3, 0x18, 0xff, 0xe3, 0x18, 0xff, 0xe3, 0x18, 0xff, 0xe3, 0x18, 0xff, 0xe3, 0x18, 0xff, 0xe3, 0x18, 0xff, 0xe3, 0x18, 0xff, 0xe3, 0x18, 0xff, 0xe3, 0x18, 0xff, 0xe3, 0x18, 0xff,
  0xe3, 0x18, 0xff, 0xbf, 0xf7, 0xeb, 0xbf, 0xf7, 0xeb, 0xbf, 0xf7, 0xeb, 0xbf, 0xf7, 0xeb, 0xbf, 0xf7, 0xeb, 0xbf, 0xf7, 0xeb, 0xbf, 0xf7, 0xeb, 0x9e, 0x33, 0xff, 0x9e, 0x33, 0xff, 0x9e, 0x33, 0xff, 0x9e, 0x33, 0xff,
  0x9e, 0x33, 0xff, 0x9e, 0x33, 0xff, 0x9e, 0x33, 0xff, 0x9e, 0x33, 0xff, 0x9e, 0x33, 0xff, 0x9e, 0x33, 0xff, 0x9e, 0x33, 0xff, 0x9e, 0x33, 0xff, 0x9e, 0x33, 0xff, 0x9e, 0x33, 0xff, 0x9e, 0x33, 0xff, 0x9e, 0x33, 0xff,
  0x9e, 0x33, 0xff, 0x9e, 0x33, 0xff, 0x9e, 0x33, 0xff, 0x9e, 0x33, 0xff, 0x9e, 0x33, 0xff, 0x9e, 0x33, 0xff, 0x9e, 0x33, 0xff, 0x9e, 0x33, 0xff, 0x9e, 0x33, 0xff, 0x9e, 0x33, 0xff, 0x9e, 0x33, 0xff, 0x9e, 0x33, 0xff,
  0x9e, 0x33, 0xff, 0x9e, 0x33, 0xff, 0x9e, 0x33, 0xff, 0x9e, 0x33, 0xff, 0xbf, 0xf7, 0xeb, 0xbf, 0xf7, 0xeb, 0xbf, 0xf7, 0xeb, 0xbf, 0xf7, 0xeb, 0xbf, 0xf7, 0xeb, 0xbf, 0xf7, 0xeb, 0xbf, 0xf7, 0xeb, 0xe3, 0x18, 0xff,
  0xe3, 0x18, 0xff, 0xe3, 0x18, 0xff, 0x8b, 0x36, 0xff, 0x8b, 0x36, 0xff, 0x8b, 0x36, 0xff, 0x8b, 0x36, 0xff, 0x8b, 0x36, 0xff, 0x8b, 0x36, 0xff, 0x8b, 0x36, 0xff, 0x8b, 0x36, 0xff, 0x8b, 0x36, 0xff, 0x8b, 0x36, 0xff,
  0x8b, 0x36, 0xff, 0x8b, 0x36, 0xff, 0x8b, 0x36, 0xff, 0x8b, 0x36, 0xff, 0x8b, 0x36, 0xff, 0xe3, 0x18, 0xff, 0xe3, 0x18, 0xff, 0xe3, 0x18, 0xff, 0xe3, 0x18, 0xff, 0xe3, 0x18, 0xff, 0xe3, 0x18, 0xff, 0xe3, 0x18, 0xff,
  0xe3, 0x18, 0xff, 0xe3, 0x18, 0xff, 0xe3, 0x18, 0xff, 0xe3, 0x18, 0xff, 0x8b, 0x36, 0xff, 0x8b, 0x36, 0xff, 0x8b, 0x36, 0xff, 0xe3, 0x18, 0xff, 0xe3, 0x18, 0xff, 0xe3, 0x18, 0xff, 0xe3, 0x18, 0xff, 0x8b, 0x36, 0xff,
  0x8b, 0x36, 0xff, 0x8b, 0x36, 0xff, 0xe3, 0x18, 0xff, 0xe3, 0x18, 0xff, 0xe3, 0x18, 0xff, 0xe3, 0x18, 0xff, 0xe3, 0x18, 0xff, 0xe3, 0x18, 0xff, 0xe3, 0x18, 0xff, 0xe3, 0x18, 0xff, 0xe3, 0x18, 0xff, 0x8b, 0x36, 0xff,
  0x8b, 0x36, 0xff, 0x8b, 0x36, 0xff, 0x8b, 0x36, 0xff, 0x8b, 0x36, 0xff, 0x8b, 0x36, 0xff, 0x8b, 0x36, 0xff, 0x8b, 0x36, 0xff, 0x8b, 0x36, 0xff, 0x8b, 0x36, 0xff, 0x8b, 0x36, 0xff, 0x8b, 0x36, 0xff, 0x8b, 0x36, 0xff,
  0x8b, 0x36, 0xff, 0x8b, 0x36, 0xff, 0xe3, 0x18, 0xff, 0xe3, 0x18, 0xff, 0xe3, 0x18, 0xff, 0xbf, 0xf7, 0xeb, 0xbf, 0xf7, 0xeb, 0xbf, 0xf7, 0xeb, 0xbf, 0xf7, 0xeb, 0xbf, 0xf7, 0xeb, 0xbf, 0xf7, 0xeb, 0xbf, 0xf7, 0xeb,
  0x9e, 0x33, 0xff, 0x9e, 0x33, 0xff, 0x9e, 0x33, 0xff, 0x9e, 0x33, 0xff, 0x9e, 0x33, 0xff, 0x9e, 0x33, 0xff, 0x9e, 0x33, 0xff, 0x9e, 0x33, 0xff, 0x9e, 0x33, 0xff, 0x9e, 0x33, 0xff, 0x9e, 0x33, 0xff, 0x9e, 0x33, 0xff,
  0x9e, 0x33, 0xff, 0x9e, 0x33, 0xff, 0x9e, 0x33, 0xff, 0x9e, 0x33, 0xff, 0x9e, 0x33, 0xff, 0x9e, 0x33, 0xff, 0x9e, 0x33, 0xff, 0x9e, 0x33, 0xff, 0x9e, 0x33, 0xff, 0x9e, 0x33, 0xff, 0x9e, 0x33, 0xff, 0x9e, 0x33, 0xff,
  0x9e, 0x33, 0xff, 0x9e, 0x33, 0xff, 0x9e, 0x33, 0xff, 0x9e, 0x33, 0xff, 0x9e, 0x33, 0xff, 0x9e, 0x33, 0xff, 0x9e, 0x33, 0xff, 0x9e, 0x33, 0xff, 0xbf, 0xf7, 0xeb, 0xbf, 0xf7, 0xeb, 0xbf, 0xf7, 0xeb, 0xbf, 0xf7, 0xeb,
  0xbf, 0xf7, 0xeb, 0xbf, 0xf7, 0xeb, 0xbf, 0xf7, 0xeb, 0xe3, 0x18, 0xff, 0xe3, 0x18, 0xff, 0x8b, 0x36, 0xff, 0x8b, 0x36, 0xff, 0x8b, 0x36, 0xff, 0x8b, 0x36, 0xff, 0x8b, 0x36, 0xff, 0x8b, 0x36, 0xff, 0x8b, 0x36, 0xff,
  0x8b, 0x36, 0xff, 0x8b, 0x36, 0xff, 0x8b, 0x36, 0xff, 0x8b, 0x36, 0xff, 0x8b, 0x36, 0xff, 0x8b, 0x36, 0xff, 0x8b, 0x36, 0xff, 0x8b, 0x36, 0xff, 0xe3, 0x18, 0xff, 0xe3, 0x18, 0xff, 0xe3, 0x18, 0xff, 0xe3, 0x18, 0xff,
  0xe3, 0x18, 0xff, 0xe3, 0x18, 0xff, 0xe3, 0x18, 0xff, 0xe3, 0x18, 0xff, 0xe3, 0x18, 0xff, 0xe3, 0x18, 0xff, 0xe3, 0x18, 0xff, 0xe3, 0x18, 0xff, 0x8b, 0x36, 0xff, 0x8b, 0x36, 0xff, 0x8b, 0x36, 0xff, 0xe3, 0x18, 0xff,
  0xe3, 0x18, 0xff, 0xe3, 0x18, 0xff, 0x8b, 0x36, 0xff, 0x8b, 0x36, 0xff, 0x8b, 0x36, 0xff, 0xe3, 0x18, 0xff, 0xe3, 0x18, 0xff, 0xe3, 0x18, 0xff, 0xe3, 0x18, 0xff, 0xe3, 0x18, 0xff, 0xe3, 0x18, 0xff, 0xe3, 0x18, 0xff,
  0xe3, 0x18, 0xff, 0xe3, 0x18, 0xff, 0xe3, 0x18, 0xff, 0xe3, 0x18, 0xff, 0xe3, 0x18, 0xff, 0x8b, 0x36, 0xff, 0x8b, 0x36, 0xff, 0x8b, 0x36, 0xff, 0x8b, 0x36, 0xff, 0x8b, 0x36, 0xff, 0x8b, 0x36, 0xff, 0x8b, 0x36, 0xff,
  0x8b, 0x36, 0xff, 0x8b, 0x36, 0xff, 0x8b, 0x36, 0xff, 0x8b, 0x36, 0xff, 0x8b, 0x36, 0xff, 0x8b, 0x36, 0xff, 0x8b, 0x36, 0xff, 0xe3, 0x18, 0xff, 0xe3, 0x18, 0xff, 0xbf, 0xf7, 0xeb, 0xbf, 0xf7, 0xeb, 0xbf, 0xf7, 0xeb,
  0xbf, 0xf7, 0xeb, 0xbf, 0xf7, 0xeb, 0xbf, 0xf7, 0xeb, 0xbf, 0xf7, 0xeb, 0x9e, 0x33, 0xff, 0x9e, 0x33, 0xff, 0x9e, 0x33, 0xff, 0x9e, 0x33, 0xff, 0x9e, 0x33, 0xff, 0x9e, 0x33, 0xff, 0x9e, 0x33, 0xff, 0x9e, 0x33, 0xff,
  0x9e, 0x33, 0xff, 0x9e, 0x33, 0xff, 0x9e, 0x33, 0xff, 0x9e, 0x33, 0xff, 0x9e, 0x33, 0xff, 0x9e, 0x33, 0xff, 0x9e, 0x33, 0xff, 0x9e, 0x33, 0xff, 0x9e, 0x33, 0xff, 0x9e, 0x33, 0xff, 0x9e, 0x33, 0xff, 0x9e, 0x33, 0xff,
  0x9e, 0x33, 0xff, 0x9e, 0x33, 0xff, 0x9e, 0x33, 0xff, 0x9e, 0x33, 0xff, 0x9e, 0x33, 0xff, 0x9e, 0x33, 0xff, 0x9e, 0x33, 0xff, 0x9e, 0x33, 0xff, 0x9e, 0x33, 0xff, 0x9e, 0x33, 0xff, 0x9e, 0x33, 0xff, 0x9e, 0x33, 0xff,
  0xbf, 0xf7, 0xeb, 0xbf, 0xf7, 0xeb, 0xbf, 0xf7, 0xeb, 0xbf, 0xf7, 0xeb, 0xbf, 0xf7, 0xeb, 0xbf, 0xf7, 0xeb, 0xbf, 0xf7, 0xeb, 0xe3, 0x18, 0xff, 0xe3, 0x18, 0xff, 0xe3, 0x18, 0xff, 0x8b, 0x36, 0xff, 0x8b, 0x36, 0xff,
  0x8b, 0x36, 0xff, 0x8b, 0x36, 0xff, 0x8b, 0x36, 0xff, 0x8b, 0x36, 0xff, 0x8b, 0x36, 0xff, 0x8b, 0x36, 0xff, 0x8b, 0x36, 0xff, 0x8b, 0x36, 0xff, 0x8b, 0x36, 0xff, 0x8b, 0x36, 0xff, 0x8b, 0x36, 0xff, 0xe3, 0x18, 0xff,
  0xe3, 0x18, 0xff, 0xe3, 0x18, 0xff, 0xe3, 0x18, 0xff, 0xe3, 0x18, 0xff, 0xe3, 0x18, 0xff, 0xe3, 0x18, 0xff, 0xe3, 0x18, 0xff, 0xe3, 0x18, 0xff, 0xe3, 0x18, 0xff, 0xe3, 0x18, 0xff, 0xe3, 0x18, 0xff, 0xe3, 0x18, 0xff,
  0xe3, 0x18, 0xff, 0x8b, 0x36, 0xff, 0x8b, 0x36, 0xff, 0x8b, 0x36, 0xff, 0xe3, 0x18, 0xff, 0xe3, 0x18, 0xff, 0x8b, 0x36, 0xff, 0x8b, 0x36, 0xff, 0x8b, 0x36, 0xff, 0xe3, 0x18, 0xff, 0xe3, 0x18, 0xff, 0xe3, 0x18, 0xff,
  0xe3, 0x18, 0xff, 0xe3, 0x18, 0xff, 0xe3, 0x18, 0xff, 0xe3, 0x18, 0xff, 0xe3, 0x18, 0xff, 0xe3, 0x18, 0xff, 0xe3, 0x18, 0xff, 0xe3, 0x18, 0xff, 0xe3, 0x18, 0xff, 0xe3, 0x18, 0xff, 0x8b, 0x36, 0xff, 0x8b, 0x36, 0xff,
  0x8b, 0x36, 0xff, 0x8b, 0x36, 0xff, 0x8b, 0x36, 0xff, 0x8b, 0x36, 0xff, 0x8b, 0x36, 0xff, 0x8b, 0x36, 0xff, 0x8b, 0x36, 0xff, 0x8b, 0x36, 0xff, 0x8b, 0x36, 0xff, 0x8b, 0x36, 0xff, 0xe3, 0x18, 0xff, 0xe3, 0x18, 0xff,
  0xe3, 0x18, 0xff, 0xbf, 0xf7, 0xeb, 0xbf, 0xf7, 0xeb, 0xbf, 0xf7, 0xeb, 0xbf, 0xf7, 0xeb, 0xbf, 0xf7, 0xeb, 0xbf, 0xf7, 0xeb, 0xbf, 0xf7, 0xeb, 0x9e, 0x33, 0xff, 0x9e, 0x33, 0xff, 0x9e, 0x33, 0xff, 0x9e, 0x33, 0xff,
  0x9e, 0x33, 0xff, 0x9e, 0x33, 0xff, 0x9e, 0x33, 0xff, 0x9e, 0x33, 0xff, 0x9e, 0x33, 0xff, 0x9e, 0x33, 0xff, 0x9e, 0x33, 0xff, 0x9e, 0x33, 0xff, 0x9e, 0x33, 0xff, 0x9e, 0x33, 0xff, 0x9e, 0x33, 0xff, 0x9e, 0x33, 0xff,
  0x9e, 0x33, 0xff, 0x9e, 0x33, 0xff, 0x9e, 0x33, 0xff, 0x9e, 0x33, 0xff, 0x9e, 0x33, 0xff, 0x9e, 0x33, 0xff, 0x9e, 0x33, 0xff, 0x9e, 0x33, 0xff, 0x9e, 0x33, 0xff, 0x9e, 0x33, 0xff, 0x9e, 0x33, 0xff, 0x9e, 0x33, 0xff,
  0x9e, 0x33, 0xff, 0x9e, 0x33, 0xff, 0x9e, 0x33, 0xff, 0x9e, 0x33, 0xff, 0xbf, 0xf7, 0xeb, 0xbf, 0xf7, 0xeb, 0xbf, 0xf7, 0xeb, 0xbf, 0xf7, 0xeb, 0xbf, 0xf7, 0xeb, 0xbf, 0xf7, 0xeb, 0xbf, 0xf7, 0xeb, 0xe3, 0x18, 0xff,
  0xe3, 0x18, 0xff, 0xe3, 0x18, 0xff, 0xe3, 0x18, 0xff, 0xe3, 0x18, 0xff, 0xe3, 0x18, 0xff, 0xe3, 0x18, 0xff, 0xe3, 0x18, 0xff, 0xe3, 0x18, 0xff, 0xe3, 0x18, 0xff, 0xe3, 0x18, 0xff, 0xe3, 0x18, 0xff, 0xe3, 0x18, 0xff,
  0xe3, 0x18, 0xff, 0xe3, 0x18, 0xff, 0xe3, 0x18, 0xff, 0xe3, 0x18, 0xff, 0xe3, 0x18, 0xff, 0xe3, 0x18, 0xff, 0xe3, 0x18, 0xff, 0xe3, 0x18, 0xff, 0xe3, 0x18, 0xff, 0xe3, 0x18, 0xff, 0xe3, 0x18, 0xff, 0xe3, 0x18, 0xff,
  0xe3, 0x18, 0xff, 0xe3, 0x18, 0xff, 0xe3, 0x18, 0xff, 0xe3, 0x18, 0xff, 0xe3, 0x18, 0xff, 0x8b, 0x36, 0xff, 0x8b, 0x36, 0xff, 0x8b, 0x36, 0xff, 0xe3, 0x18, 0xff, 0x8b, 0x36, 0xff, 0x8b, 0x36, 0xff, 0x8b, 0x36, 0xff,
  0xe3, 0x18, 0xff, 0xe3, 0x18, 0xff, 0xe3, 0x18, 0xff, 0xe3, 0x18, 0xff, 0xe3, 0x18, 0xff, 0xe3, 0x18, 0xff, 0xe3, 0x18, 0xff, 0xe3, 0x18, 0xff, 0xe3, 0x18, 0xff, 0xe3, 0x18, 0xff, 0xe3, 0x18, 0xff, 0xe3, 0x18, 0xff,
  0xe3, 0x18, 0xff, 0xe3, 0x18, 0xff, 0xe3, 0x18, 0xff, 0xe3, 0x18, 0xff, 0xe3, 0x18, 0xff, 0xe3, 0x18, 0xff, 0xe3, 0x18, 0xff, 0xe3, 0x18, 0xff, 0xe3, 0x18, 0xff, 0xe3, 0x18, 0xff, 0xe3, 0x18, 0xff, 0xe3, 0x18, 0xff,
  0xe3, 0x18, 0xff, 0xe3, 0x18, 0xff, 0xe3, 0x18, 0xff, 0xe3, 0x18, 0xff, 0xe3, 0x18, 0xff, 0xbf, 0xf7, 0xeb, 0xbf, 0xf7, 0xeb, 0xbf, 0xf7, 0xeb, 0xbf, 0xf7, 0xeb, 0xbf, 0xf7, 0xeb, 0xbf, 0xf7, 0xeb, 0xbf, 0xf7, 0xeb,
  0x9e, 0x33, 0xff, 0x9e, 0x33, 0xff, 0x9e, 0x33, 0xff, 0x9e, 0x33, 0xff, 0x9e, 0x33, 0xff, 0x9e, 0x33, 0xff, 0x9e, 0x33, 0xff, 0x9e, 0x33, 0xff, 0x9e, 0x33, 0xff, 0x9e, 0x33, 0xff, 0x9e, 0x33, 0xff, 0x9e, 0x33, 0xff,
  0x9e, 0x33, 0xff, 0x9e, 0x33, 0xff, 0x9e, 0x33, 0xff, 0x9e, 0x33, 0xff, 0x9e, 0x33, 0xff, 0x9e, 0x33, 0xff, 0x9e, 0x33, 0xff, 0x9e, 0x33, 0xff, 0x9e, 0x33, 0xff, 0x9e, 0x33, 0xff, 0x9e, 0x33, 0xff, 0x9e, 0x33, 0xff,
  0x9e, 0x33, 0xff, 0x9e, 0x33, 0xff, 0x9e, 0x33, 0xff, 0x9e, 0x33, 0xff, 0x9e, 0x33, 0xff, 0x9e, 0x33, 0xff, 0x9e, 0x33, 0xff, 0x9e, 0x33, 0xff, 0xbf, 0xf7, 0xeb, 0xbf, 0xf7, 0xeb, 0xbf, 0xf7, 0xeb, 0xbf, 0xf7, 0xeb,
  0xbf, 0xf7, 0xeb, 0xbf, 0xf7, 0xeb, 0xbf, 0xf7, 0xeb, 0xe3, 0x18, 0xff, 0xe3, 0x18, 0xff, 0xe3, 0x18, 0xff, 0xe3, 0x18, 0xff, 0xe3, 0x18, 0xff, 0xe3, 0x18, 0xff, 0xe3, 0x18, 0xff, 0xe3, 0x18, 0xff, 0xe3, 0x18, 0xff,
  0xe3, 0x18, 0xff, 0xe3, 0x18, 0xff, 0xe3, 0x18, 0xff, 0xe3, 0x18, 0xff, 0xe3, 0x18, 0xff, 0xe3, 0x18, 0xff, 0xe3, 0x18, 0xff, 0xe3, 0x18, 0xff, 0xe3, 0x18, 0xff, 0xe3, 0x18, 0xff, 0xe3, 0x18, 0xff, 0xe3, 0x18, 0xff,
  0xe3, 0x18, 0xff, 0xe3, 0x18, 0xff, 0xe3, 0x18, 0xff, 0xe3, 0x18, 0xff, 0xe3, 0x18, 0xff, 0xe3, 0x18, 0xff, 0xe3, 0x18, 0xff, 0xe3, 0x18, 0xff, 0xe3, 0x18, 0xff, 0xe3, 0x18, 0xff, 0x8b, 0x36, 0xff, 0x8b, 0x36, 0xff,
  0x8b, 0x36, 0xff, 0x8b, 0x36, 0xff, 0x8b, 0x36, 0xff, 0x8b, 0x36, 0xff, 0xe3, 0x18, 0xff, 0xe3, 0x18, 0xff, 0xe3, 0x18, 0xff, 0xe3, 0x18, 0xff, 0xe3, 0x18, 0xff, 0xe3, 0x18, 0xff, 0xe3, 0x18, 0xff, 0xe3, 0x18, 0xff,
  0xe3, 0x18, 0xff, 0xe3, 0x18, 0xff, 0xe3, 0x18, 0xff, 0xe3, 0x18, 0xff, 0xe3, 0x18, 0xff, 0xe3, 0x18, 0xff, 0xe3, 0x18, 0xff, 0xe3, 0x18, 0xff, 0xe3, 0x18, 0xff, 0xe3, 0x18, 0xff, 0xe3, 0x18, 0xff, 0xe3, 0x18, 0xff,
  0xe3, 0x18, 0xff, 0xe3, 0x18, 0xff, 0xe3, 0x18, 0xff, 0xe3, 0x18, 0xff, 0xe3, 0x18, 0xff, 0xe3, 0x18, 0xff, 0xe3, 0x18, 0xff, 0xe3, 0x18, 0xff, 0xe3, 0x18, 0xff, 0xbf, 0xf7, 0xeb, 0xbf, 0xf7, 0xeb, 0xbf, 0xf7, 0xeb,
  0xbf, 0xf7, 0xeb, 0xbf, 0xf7, 0xeb, 0xbf, 0xf7, 0xeb, 0xbf, 0xf7, 0xeb, 0x9e, 0x33, 0xff, 0x9e, 0x33, 0xff, 0x9e, 0x33, 0xff, 0x9e, 0x33, 0xff, 0x9e, 0x33, 0xff, 0x9e, 0x33, 0xff, 0x9e, 0x33, 0xff, 0x9e, 0x33, 0xff,
  0x9e, 0x33, 0xff, 0x9e, 0x33, 0xff, 0x9e, 0x33, 0xff, 0x9e, 0x33, 0xff, 0x9e, 0x33, 0xff, 0x9e, 0x33, 0xff, 0x9e, 0x33, 0xff, 0x9e, 0x33, 0xff, 0x9e, 0x33, 0xff, 0x9e, 0x33, 0xff, 0x9e, 0x33, 0xff, 0x9e, 0x33, 0xff,
  0x9e, 0x33, 0xff, 0x9e, 0x33, 0xff, 0x9e, 0x33, 0xff, 0x9e, 0x33, 0xff, 0x9e, 0x33, 0xff, 0x9e, 0x33, 0xff, 0x9e, 0x33, 0xff, 0x9e, 0x33, 0xff, 0x9e, 0x33, 0xff, 0x9e, 0x33, 0xff, 0x9e, 0x33, 0xff, 0x9e, 0x33, 0xff,
  0xbf, 0xf7, 0xeb, 0xbf, 0xf7, 0xeb, 0xbf, 0xf7, 0xeb, 0xbf, 0xf7, 0xeb, 0xbf, 0xf7, 0xeb, 0xbf, 0xf7, 0xeb, 0xbf, 0xf7, 0xeb, 0xe3, 0x18, 0xff, 0xe3, 0x18, 0xff, 0xe3, 0x18, 0xff, 0xe3, 0x18, 0xff, 0xe3, 0x18, 0xff,
  0xe3, 0x18, 0xff, 0xe3, 0x18, 0xff, 0xe3, 0x18, 0xff, 0xe3, 0x18, 0xff, 0xe3, 0x18, 0xff, 0xe3, 0x18, 0xff, 0xe3, 0x18, 0xff, 0xe3, 0x18, 0xff, 0xe3, 0x18, 0xff, 0xe3, 0x18, 0xff, 0xe3, 0x18, 0xff, 0xe3, 0x18, 0xff,
  0xe3, 0x18, 0xff, 0xe3, 0x18, 0xff, 0xe3, 0x18, 0xff, 0xe3, 0x18, 0xff, 0xe3, 0x18, 0xff, 0xe3, 0x18, 0xff, 0xe3, 0x18, 0xff, 0xe3, 0x18, 0xff, 0xe3, 0x18, 0xff, 0xe3, 0x18, 0xff, 0xe3, 0x18, 0xff, 0xe3, 0x18, 0xff,
  0xe3, 0x18, 0xff, 0xe3, 0x18, 0xff, 0x8b, 0x36, 0xff, 0x8b, 0x36, 0xff, 0x8b, 0x36, 0xff, 0x8b, 0x36, 0xff, 0x8b, 0x36, 0xff, 0xe3, 0x18, 0xff, 0xe3, 0x18, 0xff, 0xe3, 0x18, 0xff, 0xe3, 0x18, 0xff, 0xe3, 0x18, 0xff,
  0xe3, 0x18, 0xff, 0xe3, 0x18, 0xff, 0xe3, 0x18, 0xff, 0xe3, 0x18, 0xff, 0xe3, 0x18, 0xff, 0xe3, 0x18, 0xff, 0xe3, 0x18, 0xff, 0xe3, 0x18, 0xff, 0xe3, 0x18, 0xff, 0xe3, 0x18, 0xff, 0xe3, 0x18, 0xff, 0xe3, 0x18, 0xff,
  0xe3, 0x18, 0xff, 0xe3, 0x18, 0xff, 0xe3, 0x18, 0xff, 0xe3, 0x18, 0xff, 0xe3, 0x18, 0xff, 0xe3, 0x18, 0xff, 0xe3, 0x18, 0xff, 0xe3, 0x18, 0xff, 0xe3, 0x18, 0xff, 0xe3, 0x18, 0xff, 0xe3, 0x18, 0xff, 0xe3, 0x18, 0xff,
  0xe3, 0x18, 0xff, 0xbf, 0xf7, 0xeb, 0xbf, 0xf7, 0xeb, 0xbf, 0xf7, 0xeb, 0xbf, 0xf7, 0xeb, 0xbf, 0xf7, 0xeb, 0xbf, 0xf7, 0xeb, 0xbf, 0xf7, 0xeb, 0x9e, 0x33, 0xff, 0x9e, 0x33, 0xff, 0x9e, 0x33, 0xff, 0x9e, 0x33, 0xff,
  0x9e, 0x33, 0xff, 0x9e, 0x33, 0xff, 0x9e, 0x33, 0xff, 0x9e, 0x33, 0xff, 0x9e, 0x33, 0xff, 0x9e, 0x33, 0xff, 0x9e, 0x33, 0xff, 0x9e, 0x33, 0xff, 0x9e, 0x33, 0xff, 0x9e, 0x33, 0xff, 0x9e, 0x33, 0xff, 0x9e, 0x33, 0xff,
  0x7e, 0x33, 0xff, 0x7e, 0x33, 0xff, 0x7e, 0x33, 0xff, 0x7e, 0x33, 0xff, 0x7e, 0x33, 0xff, 0x7e, 0x33, 0xff, 0x7e, 0x33, 0xff, 0x7e, 0x33, 0xff, 0x7e, 0x33, 0xff, 0x7e, 0x33, 0xff, 0x7e, 0x33, 0xff, 0x7e, 0x33, 0xff,
  0x7e, 0x33, 0xff, 0x7e, 0x33, 0xff, 0x7e, 0x33, 0xff, 0x7e, 0x33, 0xff, 0xbf, 0xf7, 0xeb, 0xbf, 0xf7, 0xeb, 0xbf, 0xf7, 0xeb, 0xbf, 0xf7, 0xeb, 0xbf, 0xf7, 0xeb, 0xbf, 0xf7, 0xeb, 0xbf, 0xf7, 0xeb, 0xe3, 0x18, 0xff,
  0xe3, 0x18, 0xff, 0xe3, 0x18, 0xff, 0xe3, 0x18, 0xff, 0xe3, 0x18, 0xff, 0xe3, 0x18, 0xff, 0xe3, 0x18, 0xff, 0xe3, 0x18, 0xff, 0xe3, 0x18, 0xff, 0xe3, 0x18, 0xff, 0xe3, 0x18, 0xff, 0xe3, 0x18, 0xff, 0xe3, 0x18, 0xff,
  0xe3, 0x18, 0xff, 0xe3, 0x18, 0xff, 0xe3, 0x18, 0xff, 0xe3, 0x18, 0xff, 0xe3, 0x18, 0xff, 0xe3, 0x18, 0xff, 0xe3, 0x18, 0xff, 0xe3, 0x18, 0xff, 0xe3, 0x18, 0xff, 0xe3, 0x18, 0xff, 0xe3, 0x18, 0xff, 0xe3, 0x18, 0xff,
  0xe3, 0x18, 0xff, 0xe3, 0x18, 0xff, 0xe3, 0x18, 0xff, 0xe3, 0x18, 0xff, 0xe3, 0x18, 0xff, 0xe3, 0x18, 0xff, 0xe3, 0x18, 0xff, 0x8b, 0x36, 0xff, 0x8b, 0x36, 0xff, 0x8b, 0x36, 0xff, 0x8b, 0x36, 0xff, 0xe3, 0x18, 0xff,
  0xe3, 0x18, 0xff, 0xe3, 0x18, 0xff, 0xe3, 0x18, 0xff, 0xe3, 0x18, 0xff, 0xe3, 0x18, 0xff, 0xe3, 0x18, 0xff, 0xe3, 0x18, 0xff, 0xe3, 0x18, 0xff, 0xe3, 0x18, 0xff, 0xe3, 0x18, 0xff, 0xe3, 0x18, 0xff, 0xe3, 0x18, 0xff,
  0xe3, 0x18, 0xff, 0xe3, 0x18, 0xff, 0xe3, 0x18, 0xff, 0xe3, 0x18, 0xff, 0xe3, 0x18, 0xff, 0xe3, 0x18, 0xff, 0xe3, 0x18, 0xff, 0xe3, 0x18, 0xff, 0xe3, 0x18, 0xff, 0xe3, 0x18, 0xff, 0xe3, 0x18, 0xff, 0xe3, 0x18, 0xff,
  0xe3, 0x18, 0xff, 0xe3, 0x18, 0xff, 0xe3, 0x18, 0xff, 0xe3, 0x18, 0xff, 0xe3, 0x18, 0xff, 0xbf, 0xf7, 0xeb, 0xbf, 0xf7, 0xeb, 0xbf, 0xf7, 0xeb, 0xbf, 0xf7, 0xeb, 0xbf, 0xf7, 0xeb, 0xbf, 0xf7, 0xeb, 0xbf, 0xf7, 0xeb,
  0x7e, 0x33, 0xff, 0x7e, 0x33, 0xff, 0x7e, 0x33, 0xff, 0x7e, 0x33, 0xff, 0x7e, 0x33, 0xff, 0x7e, 0x33, 0xff, 0x7e, 0x33, 0xff, 0x7e, 0x33, 0xff, 0x7e, 0x33, 0xff, 0x7e, 0x33, 0xff, 0x7e, 0x33, 0xff, 0x7e, 0x33, 0xff,
  0x7e, 0x33, 0xff, 0x7e, 0x33, 0xff, 0x7e, 0x33, 0xff, 0x7e, 0x33, 0xff, 0x7e, 0x33, 0xff, 0x7e, 0x33, 0xff, 0x7e, 0x33, 0xff, 0x7e, 0x33, 0xff, 0x7e, 0x33, 0xff, 0x7e, 0x33, 0xff, 0x7e, 0x33, 0xff, 0x7e, 0x33, 0xff,
  0x7e, 0x33, 0xff, 0x7e, 0x33, 0xff, 0x7e, 0x33, 0xff, 0x7e, 0x33, 0xff, 0x7e, 0x33, 0xff, 0x7e, 0x33, 0xff, 0x7e, 0x33, 0xff, 0x7e, 0x33, 0xff, 0xbf, 0xf7, 0xeb, 0xbf, 0xf7, 0xeb, 0xbf, 0xf7, 0xeb, 0xbf, 0xf7, 0xeb,
  0xbf, 0xf7, 0xeb, 0xbf, 0xf7, 0xeb, 0xbf, 0xf7, 0xeb, 0xe3, 0x18, 0xff, 0xe3, 0x18, 0xff, 0xe3, 0x18, 0xff, 0xe3, 0x18, 0xff, 0xe3, 0x18, 0xff, 0xe3, 0x18, 0xff, 0xe3, 0x18, 0xff, 0xe3, 0x18, 0xff, 0xe3, 0x18, 0xff,
  0xe3, 0x18, 0xff, 0xe3, 0x18, 0xff, 0xe3, 0x18, 0xff, 0xe3, 0x18, 0xff, 0xe3, 0x18, 0xff, 0xe3, 0x18, 0xff, 0xe3, 0x18, 0xff, 0xe3, 0x18, 0xff, 0xe3, 0x18, 0xff, 0xe3, 0x18, 0xff, 0xe3, 0x18, 0xff, 0xe3, 0x18, 0xff,
  0xe3, 0x18, 0xff, 0xe3, 0x18, 0xff, 0xe3, 0x18, 0xff, 0xe3, 0x18, 0xff, 0xe3, 0x18, 0xff, 0xe3, 0x18, 0xff, 0xe3, 0x18, 0xff, 0xe3, 0x18, 0xff, 0xe3, 0x18, 0xff, 0xe3, 0x18, 0xff, 0xe3, 0x18, 0xff, 0x8b, 0x36, 0xff,
  0x8b, 0x36, 0xff, 0x8b, 0x36, 0xff, 0xe3, 0x18, 0xff, 0xe3, 0x18, 0xff, 0xe3, 0x18, 0xff, 0xe3, 0x18, 0xff, 0xe3, 0x18, 0xff, 0xe3, 0x18, 0xff, 0xe3, 0x18, 0xff, 0xe3, 0x18, 0xff, 0xe3, 0x18, 0xff, 0xe3, 0x18, 0xff,
  0xe3, 0x18, 0xff, 0xe3, 0x18, 0xff, 0xe3, 0x18, 0xff, 0xe3, 0x18, 0xff, 0xe3, 0x18, 0xff, 0xe3, 0x18, 0xff, 0xe3, 0x18, 0xff, 0xe3, 0x18, 0xff, 0xe3, 0x18, 0xff, 0xe3, 0x18, 0xff, 0xe3, 0x18, 0xff, 0xe3, 0x18, 0xff,
  0xe3, 0x18, 0xff, 0xe3, 0x18, 0xff, 0xe3, 0x18, 0xff, 0xe3, 0x18, 0xff, 0xe3, 0x18, 0xff, 0xe3, 0x18, 0xff, 0xe3, 0x18, 0xff, 0xe3, 0x18, 0xff, 0xe3, 0x18, 0xff, 0xbf, 0xf7, 0xeb, 0xbf, 0xf7, 0xeb, 0xbf, 0xf7, 0xeb,
  0xbf, 0xf7, 0xeb, 0xbf, 0xf7, 0xeb, 0xbf, 0xf7, 0xeb, 0xbf, 0xf7, 0xeb, 0x7e, 0x33, 0xff, 0x7e, 0x33, 0xff, 0x7e, 0x33, 0xff, 0x7e, 0x33, 0xff, 0x7e, 0x33, 0xff, 0x7e, 0x33, 0xff, 0x7e, 0x33, 0xff, 0x7e, 0x33, 0xff,
  0x7e, 0x33, 0xff, 0x7e, 0x33, 0xff, 0x7e, 0x33, 0xff, 0x7e, 0x33, 0xff, 0x7e, 0x33, 0xff, 0x7e, 0x33, 0xff, 0x7e, 0x33, 0xff, 0x7e, 0x33, 0xff, 0x7e, 0x33, 0xff, 0x7e, 0x33, 0xff, 0x7e, 0x33, 0xff, 0x7e, 0x33, 0xff,
  0x7e, 0x33, 0xff, 0x7e, 0x33, 0xff, 0x7e, 0x33, 0xff, 0x7e, 0x33, 0xff, 0x7e, 0x33, 0xff, 0x7e, 0x33, 0xff, 0x7e, 0x33, 0xff, 0x7e, 0x33, 0xff, 0x7e, 0x33, 0xff, 0x7e, 0x33, 0xff, 0x7e, 0x33, 0xff, 0x7e, 0x33, 0xff,
  0xbf, 0xf7, 0xeb, 0xbf, 0xf7, 0xeb, 0xbf, 0xf7, 0xeb, 0xbf, 0xf7, 0xeb, 0xbf, 0xf7, 0xeb, 0xbf, 0xf7, 0xeb, 0xbf, 0xf7, 0xeb, 0xbf, 0xf7, 0xeb, 0xe3, 0x18, 0xff, 0xe3, 0x18, 0xff, 0xe3, 0x18, 0xff, 0xe3, 0x18, 0xff,
  0xe3, 0x18, 0xff, 0xe3, 0x18, 0xff, 0xe3, 0x18, 0xff, 0xe3, 0x18, 0xff, 0xe3, 0x18, 0xff, 0xe3, 0x18, 0xff, 0xe3, 0x18, 0xff, 0xe3, 0x18, 0xff, 0xe3, 0x18, 0xff, 0xe3, 0x18, 0xff, 0xe3, 0x18, 0xff, 0xe3, 0x18, 0xff,
  0xe3, 0x18, 0xff, 0xe3, 0x18, 0xff, 0xe3, 0x18, 0xff, 0xe3, 0x18, 0xff, 0xe3, 0x18, 0xff, 0xe3, 0x18, 0xff, 0xe3, 0x18, 0xff, 0xe3, 0x18, 0xff, 0xe3, 0x18, 0xff, 0xe3, 0x18, 0xff, 0xe3, 0x18, 0xff, 0xe3, 0x18, 0xff,
  0xe3, 0x18, 0xff, 0xe3, 0x18, 0xff, 0xe3, 0x18, 0xff, 0xe3, 0x18, 0xff, 0x8b, 0x36, 0xff, 0xe3, 0x18, 0xff, 0xe3, 0x18, 0xff, 0xe3, 0x18, 0xff, 0xe3, 0x18, 0xff, 0xe3, 0x18, 0xff, 0xe3, 0x18, 0xff, 0xe3, 0x18, 0xff,
  0xe3, 0x18, 0xff, 0xe3, 0x18, 0xff, 0xe3, 0x18, 0xff, 0xe3, 0x18, 0xff, 0xe3, 0x18, 0xff, 0xe3, 0x18, 0xff, 0xe3, 0x18, 0xff, 0xe3, 0x18, 0xff, 0xe3, 0x18, 0xff, 0xe3, 0x18, 0xff, 0xe3, 0x18, 0xff, 0xe3, 0x18, 0xff,
  0xe3, 0x18, 0xff, 0xe3, 0x18, 0xff, 0xe3, 0x18, 0xff, 0xe3, 0x18, 0xff, 0xe3, 0x18, 0xff, 0xe3, 0x18, 0xff, 0xe3, 0x18, 0xff, 0xe3, 0x18, 0xff, 0xe3, 0x18, 0xff, 0xe3, 0x18, 0xff, 0xe3, 0x18, 0xff, 0xe3, 0x18, 0xff,
  0xbf, 0xf7, 0xeb, 0xbf, 0xf7, 0xeb, 0xbf, 0xf7, 0xeb, 0xbf, 0xf7, 0xeb, 0xbf, 0xf7, 0xeb, 0xbf, 0xf7, 0xeb, 0xbf, 0xf7, 0xeb, 0xbf, 0xf7, 0xeb, 0x7e, 0x33, 0xff, 0x7e, 0x33, 0xff, 0x7e, 0x33, 0xff, 0x7e, 0x33, 0xff,
  0x7e, 0x33, 0xff, 0x7e, 0x33, 0xff, 0x7e, 0x33, 0xff, 0x7e, 0x33, 0xff, 0x7e, 0x33, 0xff, 0x7e, 0x33, 0xff, 0x7e, 0x33, 0xff, 0x7e, 0x33, 0xff, 0x7e, 0x33, 0xff, 0x7e, 0x33, 0xff, 0x7e, 0x33, 0xff, 0x7e, 0x33, 0xff,
  0x7e, 0x33, 0xff, 0x7e, 0x33, 0xff, 0x7e, 0x33, 0xff, 0x7e, 0x33, 0xff, 0x7e, 0x33, 0xff, 0x7e, 0x33, 0xff, 0x7e, 0x33, 0xff, 0x7e, 0x33, 0xff, 0x7e, 0x33, 0xff, 0x7e, 0x33, 0xff, 0x7e, 0x33, 0xff, 0x7e, 0x33, 0xff,
  0x7e, 0x33, 0xff, 0x7e, 0x33, 0xff, 0x7e, 0x33, 0xff, 0x7e, 0x33, 0xff, 0xbf, 0xf7, 0xeb, 0xbf, 0xf7, 0xeb, 0xbf, 0xf7, 0xeb, 0xbf, 0xf7, 0xeb, 0xbf, 0xf7, 0xeb, 0xbf, 0xf7, 0xeb, 0xbf, 0xf7, 0xeb, 0xbf, 0xf7, 0xeb,
  0xe3, 0x18, 0xff, 0xe3, 0x18, 0xff, 0xe3, 0x18, 0xff, 0xe3, 0x18, 0xff, 0xe3, 0x18, 0xff, 0xe3, 0x18, 0xff, 0xe3, 0x18, 0xff, 0xe3, 0x18, 0xff, 0xe3, 0x18, 0xff, 0xe3, 0x18, 0xff, 0xe3, 0x18, 0xff, 0xe3, 0x18, 0xff,
  0xe3, 0x18, 0xff, 0xe3, 0x18, 0xff, 0xe3, 0x18, 0xff, 0xe3, 0x18, 0xff, 0xe3, 0x18, 0xff, 0xe3, 0x18, 0xff, 0xe3, 0x18, 0xff, 0xe3, 0x18, 0xff, 0xe3, 0x18, 0xff, 0xe3, 0x18, 0xff, 0xe3, 0x18, 0xff, 0xe3, 0x18, 0xff,
  0xe3, 0x18, 0xff, 0xe3, 0x18, 0xff, 0xe3, 0x18, 0xff, 0xe3, 0x18, 0xff, 0xe3, 0x18, 0xff, 0xe3, 0x18, 0xff, 0xe3, 0x18, 0xff, 0xe3, 0x18, 0xff, 0xe3, 0x18, 0xff, 0xe3, 0x18, 0xff, 0xe3, 0x18, 0xff, 0xe3, 0x18, 0xff,
  0xe3, 0x18, 0xff, 0xe3, 0x18, 0xff, 0xe3, 0x18, 0xff, 0xe3, 0x18, 0xff, 0xe3, 0x18, 0xff, 0xe3, 0x18, 0xff, 0xe3, 0x18, 0xff, 0xe3, 0x18, 0xff, 0xe3, 0x18, 0xff, 0xe3, 0x18, 0xff, 0xe3, 0x18, 0xff, 0xe3, 0x18, 0xff,
  0xe3, 0x18, 0xff, 0xe3, 0x18, 0xff, 0xe3, 0x18, 0xff, 0xe3, 0x18, 0xff, 0xe3, 0x18, 0xff, 0xe3, 0x18, 0xff, 0xe3, 0x18, 0xff, 0xe3, 0x18, 0xff, 0xe3, 0x18, 0xff, 0xe3, 0x18, 0xff, 0xe3, 0x18, 0xff, 0xe3, 0x18, 0xff,
  0xe3, 0x18, 0xff, 0xe3, 0x18, 0xff, 0xe3, 0x18, 0xff, 0xe3, 0x18, 0xff, 0xbf, 0xf7, 0xeb, 0xbf, 0xf7, 0xeb, 0xbf, 0xf7, 0xeb, 0xbf, 0xf7, 0xeb, 0xbf, 0xf7, 0xeb, 0xbf, 0xf7, 0xeb, 0xbf, 0xf7, 0xeb, 0xbf, 0xf7, 0xeb,
  0x7e, 0x33, 0xff, 0x7e, 0x33, 0xff, 0x7e, 0x33, 0xff, 0x7e, 0x33, 0xff, 0x7e, 0x33, 0xff, 0x7e, 0x33, 0xff, 0x7e, 0x33, 0xff, 0x7e, 0x33, 0xff, 0x7e, 0x33, 0xff, 0x7e, 0x33, 0xff, 0x7e, 0x33, 0xff, 0x7e, 0x33, 0xff,
  0x7e, 0x33, 0xff, 0x7e, 0x33, 0xff, 0x7e, 0x33, 0xff, 0x7e, 0x33, 0xff, 0x7e, 0x3b, 0xff, 0x7e, 0x3b, 0xff, 0x7e, 0x3b, 0xff, 0x7e, 0x3b, 0xff, 0x7e, 0x3b, 0xff, 0x7e, 0x3b, 0xff, 0x7e, 0x3b, 0xff, 0x7e, 0x3b, 0xff,
  0x7e, 0x3b, 0xff, 0x7e, 0x3b, 0xff, 0x7e, 0x3b, 0xff, 0x7e, 0x3b, 0xff, 0x7e, 0x3b, 0xff, 0x7e, 0x3b, 0xff, 0x7e, 0x3b, 0xff, 0x7e, 0x3b, 0xff, 0xbf, 0xf7, 0xeb, 0xbf, 0xf7, 0xeb, 0xbf, 0xf7, 0xeb, 0xbf, 0xf7, 0xeb,
  0xbf, 0xf7, 0xeb, 0xbf, 0xf7, 0xeb, 0xbf, 0xf7, 0xeb, 0xbf, 0xf7, 0xeb, 0xbf, 0xf7, 0xeb, 0xe3, 0x18, 0xff, 0xe3, 0x18, 0xff, 0xe3, 0x18, 0xff, 0xe3, 0x18, 0xff, 0xe3, 0x18, 0xff, 0xe3, 0x18, 0xff, 0xe3, 0x18, 0xff,
  0xe3, 0x18, 0xff, 0xe3, 0x18, 0xff, 0xe3, 0x18, 0xff, 0xe3, 0x18, 0xff, 0xe3, 0x18, 0xff, 0xe3, 0x18, 0xff, 0xe3, 0x18, 0xff, 0xe3, 0x18, 0xff, 0xe3, 0x18, 0xff, 0xe3, 0x18, 0xff, 0xe3, 0x18, 0xff, 0xe3, 0x18, 0xff,
  0xe3, 0x18, 0xff, 0xe3, 0x18, 0xff, 0xe3, 0x18, 0xff, 0xe3, 0x18, 0xff, 0xe3, 0x18, 0xff, 0xe3, 0x18, 0xff, 0xe3, 0x18, 0xff, 0xe3, 0x18, 0xff, 0xe3, 0x18, 0xff, 0xe3, 0x18, 0xff, 0xe3, 0x18, 0xff, 0xe3, 0x18, 0xff,
  0xe3, 0x18, 0xff, 0xe3, 0x18, 0xff, 0xe3, 0x18, 0xff, 0xe3, 0x18, 0xff, 0xe3, 0x18, 0xff, 0xe3, 0x18, 0xff, 0xe3, 0x18, 0xff, 0xe3, 0x18, 0xff, 0xe3, 0x18, 0xff, 0xe3, 0x18, 0xff, 0xe3, 0x18, 0xff, 0xe3, 0x18, 0xff,
  0xe3, 0x18, 0xff, 0xe3, 0x18, 0xff, 0xe3, 0x18, 0xff, 0xe3, 0x18, 0xff, 0xe3, 0x18, 0xff, 0xe3, 0x18, 0xff, 0xe3, 0x18, 0xff, 0xe3, 0x18, 0xff, 0xe3, 0x18, 0xff, 0xe3, 0x18, 0xff, 0xe3, 0x18, 0xff, 0xe3, 0x18, 0xff,
  0xe3, 0x18, 0xff, 0xe3, 0x18, 0xff, 0xe3, 0x18, 0xff, 0xe3, 0x18, 0xff, 0xe3, 0x18, 0xff, 0xe3, 0x18, 0xff, 0xe3, 0x18, 0xff, 0xbf, 0xf7, 0xeb, 0xbf, 0xf7, 0xeb, 0xbf, 0xf7, 0xeb, 0xbf, 0xf7, 0xeb, 0xbf, 0xf7, 0xeb,
  0xbf, 0xf7, 0xeb, 0xbf, 0xf7, 0xeb, 0xbf, 0xf7, 0xeb, 0xbf, 0xf7, 0xeb, 0x7e, 0x3b, 0xff, 0x7e, 0x3b, 0xff, 0x7e, 0x3b, 0xff, 0x7e, 0x3b, 0xff, 0x7e, 0x3b, 0xff, 0x7e, 0x3b, 0xff, 0x7e, 0x3b, 0xff, 0x7e, 0x3b, 0xff,
  0x7e, 0x3b, 0xff, 0x7e, 0x3b, 0xff, 0x7e, 0x3b, 0xff, 0x7e, 0x3b, 0xff, 0x7e, 0x3b, 0xff, 0x7e, 0x3b, 0xff, 0x7e, 0x3b, 0xff, 0x7e, 0x3b, 0xff, 0x7e, 0x3b, 0xff, 0x7e, 0x3b, 0xff, 0x7e, 0x3b, 0xff, 0x7e, 0x3b, 0xff,
  0x7e, 0x3b, 0xff, 0x7e, 0x3b, 0xff, 0x7e, 0x3b, 0xff, 0x7e, 0x3b, 0xff, 0x7e, 0x3b, 0xff, 0x7e, 0x3b, 0xff, 0x7e, 0x3b, 0xff, 0x7e, 0x3b, 0xff, 0x7e, 0x3b, 0xff, 0x7e, 0x3b, 0xff, 0x7e, 0x3b, 0xff, 0x7e, 0x3b, 0xff,
  0xbf, 0xf7, 0xeb, 0xbf, 0xf7, 0xeb, 0xbf, 0xf7, 0xeb, 0xbf, 0xf7, 0xeb, 0xbf, 0xf7, 0xeb, 0xbf, 0xf7, 0xeb, 0xbf, 0xf7, 0xeb, 0xbf, 0xf7, 0xeb, 0xbf, 0xf7, 0xeb, 0xbf, 0xf7, 0xeb, 0xbf, 0xf7, 0xeb, 0xe3, 0x18, 0xff,
  0xe3, 0x18, 0xff, 0xe3, 0x18, 0xff, 0xe3, 0x18, 0xff, 0xe3, 0x18, 0xff, 0xe3, 0x18, 0xff, 0xe3, 0x18, 0xff, 0xe3, 0x18, 0xff, 0xe3, 0x18, 0xff, 0xe3, 0x18, 0xff, 0xe3, 0x18, 0xff, 0xe3, 0x18, 0xff, 0xe3, 0x18, 0xff,
  0xe3, 0x18, 0xff, 0xe3, 0x18, 0xff, 0xe3, 0x18, 0xff, 0xe3, 0x18, 0xff, 0xe3, 0x18, 0xff, 0xe3, 0x18, 0xff, 0xe3, 0x18, 0xff, 0xe3, 0x18, 0xff, 0xe3, 0x18, 0xff, 0xe3, 0x18, 0xff, 0xe3, 0x18, 0xff, 0xe3, 0x18, 0xff,
  0xe3, 0x18, 0xff, 0xe3, 0x18, 0xff, 0xe3, 0x18, 0xff, 0xe3, 0x18, 0xff, 0xe3, 0x18, 0xff, 0xe3, 0x18, 0xff, 0xe3, 0x18, 0xff, 0xe3, 0x18, 0xff, 0xe3, 0x18, 0xff, 0xe3, 0x18, 0xff, 0xe3, 0x18, 0xff, 0xe3, 0x18, 0xff,
  0xe3, 0x18, 0xff, 0xe3, 0x18, 0xff, 0xe3, 0x18, 0xff, 0xe3, 0x18, 0xff, 0xe3, 0x18, 0xff, 0xe3, 0x18, 0xff, 0xe3, 0x18, 0xff, 0xe3, 0x18, 0xff, 0xe3, 0x18, 0xff, 0xe3, 0x18, 0xff, 0xe3, 0x18, 0xff, 0xe3, 0x18, 0xff,
  0xe3, 0x18, 0xff, 0xe3, 0x18, 0xff, 0xe3, 0x18, 0xff, 0xe3, 0x18, 0xff, 0xe3, 0x18, 0xff, 0xe3, 0x18, 0xff, 0xe3, 0x18, 0xff, 0xe3, 0x18, 0xff, 0xe3, 0x18, 0xff, 0xbf, 0xf7, 0xeb, 0xbf, 0xf7, 0xeb, 0xbf, 0xf7, 0xeb,
  0xbf, 0xf7, 0xeb, 0xbf, 0xf7, 0xeb, 0xbf, 0xf7, 0xeb, 0xbf, 0xf7, 0xeb, 0xbf, 0xf7, 0xeb, 0xbf, 0xf7, 0xeb, 0xbf, 0xf7, 0xeb, 0xbf, 0xf7, 0xeb, 0x7e, 0x3b, 0xff, 0x7e, 0x3b, 0xff, 0x7e, 0x3b, 0xff, 0x7e, 0x3b, 0xff,
  0x7e, 0x3b, 0xff, 0x7e, 0x3b, 0xff, 0x7e, 0x3b, 0xff, 0x7e, 0x3b, 0xff, 0x7e, 0x3b, 0xff, 0x7e, 0x3b, 0xff, 0x7e, 0x3b, 0xff, 0x7e, 0x3b, 0xff, 0x7e, 0x3b, 0xff, 0x7e, 0x3b, 0xff, 0x7e, 0x3b, 0xff, 0x7e, 0x3b, 0xff,
  0x7e, 0x3b, 0xff, 0x7e, 0x3b, 0xff, 0x7e, 0x3b, 0xff, 0x7e, 0x3b, 0xff, 0x7e, 0x3b, 0xff, 0x7e, 0x3b, 0xff, 0x7e, 0x3b, 0xff, 0x7e, 0x3b, 0xff, 0x7e, 0x3b, 0xff, 0x7e, 0x3b, 0xff, 0x7e, 0x3b, 0xff, 0x7e, 0x3b, 0xff,
  0x7e, 0x3b, 0xff, 0x7e, 0x3b, 0xff, 0x7e, 0x3b, 0xff, 0x7e, 0x3b, 0xff, 0xbf, 0xf7, 0xeb, 0xbf, 0xf7, 0xeb, 0xbf, 0xf7, 0xeb, 0xbf, 0xf7, 0xeb, 0xbf, 0xf7, 0xeb, 0xbf, 0xf7, 0xeb, 0xbf, 0xf7, 0xeb, 0xbf, 0xf7, 0xeb,
  0xbf, 0xf7, 0xeb, 0xbf, 0xf7, 0xeb, 0xbf, 0xf7, 0xeb, 0xbf, 0xf7, 0xeb, 0xbf, 0xf7, 0xeb, 0xbf, 0xf7, 0xeb, 0xbf, 0xf7, 0xeb, 0xbf, 0xf7, 0xeb, 0xbf, 0xf7, 0xeb, 0xbf, 0xf7, 0xeb, 0xbf, 0xf7, 0xeb, 0xbf, 0xf7, 0xeb,
  0xbf, 0xf7, 0xeb, 0xbf, 0xf7, 0xeb, 0xbf, 0xf7, 0xeb, 0xbf, 0xf7, 0xeb, 0xbf, 0xf7, 0xeb, 0xbf, 0xf7, 0xeb, 0xbf, 0xf7, 0xeb, 0xbf, 0xf7, 0xeb, 0xbf, 0xf7, 0xeb, 0xbf, 0xf7, 0xeb, 0xbf, 0xf7, 0xeb, 0xbf, 0xf7, 0xeb,
  0xbf, 0xf7, 0xeb, 0xbf, 0xf7, 0xeb, 0xbf, 0xf7, 0xeb, 0xbf, 0xf7, 0xeb, 0xbf, 0xf7, 0xeb, 0xbf, 0xf7, 0xeb, 0xbf, 0xf7, 0xeb, 0xbf, 0xf7, 0xeb, 0xbf, 0xf7, 0xeb, 0xbf, 0xf7, 0xeb, 0xbf, 0xf7, 0xeb, 0xbf, 0xf7, 0xeb,
  0xbf, 0xf7, 0xeb, 0xbf, 0xf7, 0xeb, 0xbf, 0xf7, 0xeb, 0xbf, 0xf7, 0xeb, 0xbf, 0xf7, 0xeb, 0xbf, 0xf7, 0xeb, 0xbf, 0xf7, 0xeb, 0xbf, 0xf7, 0xeb, 0xbf, 0xf7, 0xeb, 0xbf, 0xf7, 0xeb, 0xbf, 0xf7, 0xeb, 0xbf, 0xf7, 0xeb,
  0xbf, 0xf7, 0xeb, 0xbf, 0xf7, 0xeb, 0xbf, 0xf7, 0xeb, 0xbf, 0xf7, 0xeb, 0xbf, 0xf7, 0xeb, 0xbf, 0xf7, 0xeb, 0xbf, 0xf7, 0xeb, 0xbf, 0xf7, 0xeb, 0xbf, 0xf7, 0xeb, 0xbf, 0xf7, 0xeb, 0xbf, 0xf7, 0xeb, 0xbf, 0xf7, 0xeb,
  0xbf, 0xf7, 0xeb, 0xbf, 0xf7, 0xeb, 0xbf, 0xf7, 0xeb, 0xbf, 0xf7, 0xeb, 0xbf, 0xf7, 0xeb, 0xbf, 0xf7, 0xeb, 0xbf, 0xf7, 0xeb, 0xbf, 0xf7, 0xeb, 0xbf, 0xf7, 0xeb, 0xbf, 0xf7, 0xeb, 0xbf, 0xf7, 0xeb, 0xbf, 0xf7, 0xeb,
  0x7e, 0x3b, 0xff, 0x7e, 0x3b, 0xff, 0x7e, 0x3b, 0xff, 0x7e, 0x3b, 0xff, 0x7e, 0x3b, 0xff, 0x7e, 0x3b, 0xff, 0x7e, 0x3b, 0xff, 0x7e, 0x3b, 0xff, 0x7e, 0x3b, 0xff, 0x7e, 0x3b, 0xff, 0x7e, 0x3b, 0xff, 0x7e, 0x3b, 0xff,
  0x7e, 0x3b, 0xff, 0x7e, 0x3b, 0xff, 0x7e, 0x3b, 0xff, 0x7e, 0x3b, 0xff, 0x7e, 0x3b, 0xff, 0x7e, 0x3b, 0xff, 0x7e, 0x3b, 0xff, 0x7e, 0x3b, 0xff, 0x7e, 0x3b, 0xff, 0x7e, 0x3b, 0xff, 0x7e, 0x3b, 0xff, 0x7e, 0x3b, 0xff,
  0x7e, 0x3b, 0xff, 0x7e, 0x3b, 0xff, 0x7e, 0x3b, 0xff, 0x7e, 0x3b, 0xff, 0x7e, 0x3b, 0xff, 0x7e, 0x3b, 0xff, 0x7e, 0x3b, 0xff, 0x7e, 0x3b, 0xff, 0xbf, 0xf7, 0xeb, 0xbf, 0xf7, 0xeb, 0xbf, 0xf7, 0xeb, 0xbf, 0xf7, 0xeb,
  0xbf, 0xf7, 0xeb, 0xbf, 0xf7, 0xeb, 0xbf, 0xf7, 0xeb, 0xbf, 0xf7, 0xeb, 0xbf, 0xf7, 0xeb, 0xbf, 0xf7, 0xeb, 0xbf, 0xf7, 0xeb, 0xbf, 0xf7, 0xeb, 0xbf, 0xf7, 0xeb, 0xbf, 0xf7, 0xeb, 0xbf, 0xf7, 0xeb, 0xbf, 0xf7, 0xeb,
  0xbf, 0xf7, 0xeb, 0xbf, 0xf7, 0xeb, 0xbf, 0xf7, 0xeb, 0xbf, 0xf7, 0xeb, 0xbf, 0xf7, 0xeb, 0xbf, 0xf7, 0xeb, 0xbf, 0xf7, 0xeb, 0xbf, 0xf7, 0xeb, 0xbf, 0xf7, 0xeb, 0xbf, 0xf7, 0xeb, 0xbf, 0xf7, 0xeb, 0xbf, 0xf7, 0xeb,
  0xbf, 0xf7, 0xeb, 0xbf, 0xf7, 0xeb, 0xbf, 0xf7, 0xeb, 0xbf, 0xf7, 0xeb, 0xbf, 0xf7, 0xeb, 0xbf, 0xf7, 0xeb, 0xbf, 0xf7, 0xeb, 0xbf, 0xf7, 0xeb, 0xbf, 0xf7, 0xeb, 0xbf, 0xf7, 0xeb, 0xbf, 0xf7, 0xeb, 0xbf, 0xf7, 0xeb,
  0xbf, 0xf7, 0xeb, 0xbf, 0xf7, 0xeb, 0xbf, 0xf7, 0xeb, 0xbf, 0xf7, 0xeb, 0xbf, 0xf7, 0xeb, 0xbf, 0xf7, 0xeb, 0xbf, 0xf7, 0xeb, 0xbf, 0xf7, 0xeb, 0xbf, 0xf7, 0xeb, 0xbf, 0xf7, 0xeb, 0xbf, 0xf7, 0xeb, 0xbf, 0xf7, 0xeb,
  0xbf, 0xf7, 0xeb, 0xbf, 0xf7, 0xeb, 0xbf, 0xf7, 0xeb, 0xbf, 0xf7, 0xeb, 0xbf, 0xf7, 0xeb, 0xbf, 0xf7, 0xeb, 0xbf, 0xf7, 0xeb, 0xbf, 0xf7, 0xeb, 0xbf, 0xf7, 0xeb, 0xbf, 0xf7, 0xeb, 0xbf, 0xf7, 0xeb, 0xbf, 0xf7, 0xeb,
  0xbf, 0xf7, 0xeb, 0xbf, 0xf7, 0xeb, 0xbf, 0xf7, 0xeb, 0xbf, 0xf7, 0xeb, 0xbf, 0xf7, 0xeb, 0xbf, 0xf7, 0xeb, 0xbf, 0xf7, 0xeb, 0xbf, 0xf7, 0xeb, 0xbf, 0xf7, 0xeb, 0xbf, 0xf7, 0xeb, 0xbf, 0xf7, 0xeb, 0xbf, 0xf7, 0xeb,
  0xbf, 0xf7, 0xeb, 0xbf, 0xf7, 0xeb, 0xbf, 0xf7, 0xeb, 0xbf, 0xf7, 0xeb, 0x7e, 0x3b, 0xff, 0x7e, 0x3b, 0xff, 0x7e, 0x3b, 0xff, 0x7e, 0x3b, 0xff, 0x7e, 0x3b, 0xff, 0x7e, 0x3b, 0xff, 0x7e, 0x3b, 0xff, 0x7e, 0x3b, 0xff,
  0x7e, 0x3b, 0xff, 0x7e, 0x3b, 0xff, 0x7e, 0x3b, 0xff, 0x7e, 0x3b, 0xff, 0x7e, 0x3b, 0xff, 0x7e, 0x3b, 0xff, 0x7e, 0x3b, 0xff, 0x7e, 0x3b, 0xff, 0x7e, 0x3b, 0xff, 0x7e, 0x3b, 0xff, 0x7e, 0x3b, 0xff, 0x7e, 0x3b, 0xff,
  0x7e, 0x3b, 0xff, 0x7e, 0x3b, 0xff, 0x7e, 0x3b, 0xff, 0x7e, 0x3b, 0xff, 0x7e, 0x3b, 0xff, 0x7e, 0x3b, 0xff, 0x7e, 0x3b, 0xff, 0x7e, 0x3b, 0xff, 0x7e, 0x3b, 0xff, 0x7e, 0x3b, 0xff, 0x7e, 0x3b, 0xff, 0x7e, 0x3b, 0xff,
  0xbf, 0xf7, 0xeb, 0xbf, 0xf7, 0xeb, 0xbf, 0xf7, 0xeb, 0xbf, 0xf7, 0xeb, 0xbf, 0xf7, 0xeb, 0xbf, 0xf7, 0xeb, 0xbf, 0xf7, 0xeb, 0xbf, 0xf7, 0xeb, 0xbf, 0xf7, 0xeb, 0xbf, 0xf7, 0xeb, 0xbf, 0xf7, 0xeb, 0xbf, 0xf7, 0xeb,
  0xbf, 0xf7, 0xeb, 0xbf, 0xf7, 0xeb, 0xbf, 0xf7, 0xeb, 0xbf, 0xf7, 0xeb, 0xbf, 0xf7, 0xeb, 0xbf, 0xf7, 0xeb, 0xbf, 0xf7, 0xeb, 0xbf, 0xf7, 0xeb, 0xbf, 0xf7, 0xeb, 0xbf, 0xf7, 0xeb, 0xbf, 0xf7, 0xeb, 0xbf, 0xf7, 0xeb,
  0xbf, 0xf7, 0xeb, 0xbf, 0xf7, 0xeb, 0xbf, 0xf7, 0xeb, 0xbf, 0xf7, 0xeb, 0xbf, 0xf7, 0xeb, 0xbf, 0xf7, 0xeb, 0xbf, 0xf7, 0xeb, 0xbf, 0xf7, 0xeb, 0xbf, 0xf7, 0xeb, 0xbf, 0xf7, 0xeb, 0xbf, 0xf7, 0xeb, 0xbf, 0xf7, 0xeb,
  0xbf, 0xf7, 0xeb, 0xbf, 0xf7, 0xeb, 0xbf, 0xf7, 0xeb, 0xbf, 0xf7, 0xeb, 0xbf, 0xf7, 0xeb, 0xbf, 0xf7, 0xeb, 0xbf, 0xf7, 0xeb, 0xbf, 0xf7, 0xeb, 0xbf, 0xf7, 0xeb, 0xbf, 0xf7, 0xeb, 0xbf, 0xf7, 0xeb, 0xbf, 0xf7, 0xeb,
  0xbf, 0xf7, 0xeb, 0xbf, 0xf7, 0xeb, 0xbf, 0xf7, 0xeb, 0xbf, 0xf7, 0xeb, 0xbf, 0xf7, 0xeb, 0xbf, 0xf7, 0xeb, 0xbf, 0xf7, 0xeb, 0xbf, 0xf7, 0xeb, 0xbf, 0xf7, 0xeb, 0xbf, 0xf7, 0xeb, 0xbf, 0xf7, 0xeb, 0xbf, 0xf7, 0xeb,
  0xbf, 0xf7, 0xeb, 0xbf, 0xf7, 0xeb, 0xbf, 0xf7, 0xeb, 0xbf, 0xf7, 0xeb, 0xbf, 0xf7, 0xeb, 0xbf, 0xf7, 0xeb, 0xbf, 0xf7, 0xeb, 0xbf, 0xf7, 0xeb, 0xbf, 0xf7, 0xeb, 0xbf, 0xf7, 0xeb, 0xbf, 0xf7, 0xeb, 0xbf, 0xf7, 0xeb,
  0xbf, 0xf7, 0xeb, 0xbf, 0xf7, 0xeb, 0xbf, 0xf7, 0xeb, 0xbf, 0xf7, 0xeb, 0xbf, 0xf7, 0xeb, 0xbf, 0xf7, 0xeb, 0xbf, 0xf7, 0xeb, 0xbf, 0xf7, 0xeb, 0x7e, 0x3b, 0xff, 0x7e, 0x3b, 0xff, 0x7e, 0x3b, 0xff, 0x7e, 0x3b, 0xff,
  0x7e, 0x3b, 0xff, 0x7e, 0x3b, 0xff, 0x7e, 0x3b, 0xff, 0x7e, 0x3b, 0xff, 0x7e, 0x3b, 0xff, 0x7e, 0x3b, 0xff, 0x7e, 0x3b, 0xff, 0x7e, 0x3b, 0xff, 0x7e, 0x3b, 0xff, 0x7e, 0x3b, 0xff, 0x7e, 0x3b, 0xff, 0x7e, 0x3b, 0xff,
  0x7e, 0x3b, 0xff, 0x7e, 0x3b, 0xff, 0x7e, 0x3b, 0xff, 0x7e, 0x3b, 0xff, 0x7e, 0x3b, 0xff, 0x7e, 0x3b, 0xff, 0x7e, 0x3b, 0xff, 0x7e, 0x3b, 0xff, 0x7e, 0x3b, 0xff, 0x7e, 0x3b, 0xff, 0x7e, 0x3b, 0xff, 0x7e, 0x3b, 0xff,
  0x7e, 0x3b, 0xff, 0x7e, 0x3b, 0xff, 0x7e, 0x3b, 0xff, 0x7e, 0x3b, 0xff, 0xbf, 0xf7, 0xeb, 0xbf, 0xf7, 0xeb, 0xbf, 0xf7, 0xeb, 0xbf, 0xf7, 0xeb, 0xbf, 0xf7, 0xeb, 0xbf, 0xf7, 0xeb, 0xbf, 0xf7, 0xeb, 0xbf, 0xf7, 0xeb,
  0xbf, 0xf7, 0xeb, 0xbf, 0xf7, 0xeb, 0xbf, 0xf7, 0xeb, 0xbf, 0xf7, 0xeb, 0xbf, 0xf7, 0xeb, 0xbf, 0xf7, 0xeb, 0xbf, 0xf7, 0xeb, 0xbf, 0xf7, 0xeb, 0xbf, 0xf7, 0xeb, 0xbf, 0xf7, 0xeb, 0xbf, 0xf7, 0xeb, 0xbf, 0xf7, 0xeb,
  0xbf, 0xf7, 0xeb, 0xbf, 0xf7, 0xeb, 0xbf, 0xf7, 0xeb, 0xbf, 0xf7, 0xeb, 0xbf, 0xf7, 0xeb, 0xbf, 0xf7, 0xeb, 0xbf, 0xf7, 0xeb, 0xbf, 0xf7, 0xeb, 0xbf, 0xf7, 0xeb, 0xbf, 0xf7, 0xeb, 0xbf, 0xf7, 0xeb, 0xbf, 0xf7, 0xeb,
  0xbf, 0xf7, 0xeb, 0xbf, 0xf7, 0xeb, 0xbf, 0xf7, 0xeb, 0xbf, 0xf7, 0xeb, 0xbf, 0xf7, 0xeb, 0xbf, 0xf7, 0xeb, 0xbf, 0xf7, 0xeb, 0xbf, 0xf7, 0xeb, 0xbf, 0xf7, 0xeb, 0xbf, 0xf7, 0xeb, 0xbf, 0xf7, 0xeb, 0xbf, 0xf7, 0xeb,
  0xbf, 0xf7, 0xeb, 0xbf, 0xf7, 0xeb, 0xbf, 0xf7, 0xeb, 0xbf, 0xf7, 0xeb, 0xbf, 0xf7, 0xeb, 0xbf, 0xf7, 0xeb, 0xbf, 0xf7, 0xeb, 0xbf, 0xf7, 0xeb, 0xbf, 0xf7, 0xeb, 0xbf, 0xf7, 0xeb, 0xbf, 0xf7, 0xeb, 0xbf, 0xf7, 0xeb,
  0xbf, 0xf7, 0xeb, 0xbf, 0xf7, 0xeb, 0xbf, 0xf7, 0xeb, 0xbf, 0xf7, 0xeb, 0xbf, 0xf7, 0xeb, 0xbf, 0xf7, 0xeb, 0xbf, 0xf7, 0xeb, 0xbf, 0xf7, 0xeb, 0xbf, 0xf7, 0xeb, 0xbf, 0xf7, 0xeb, 0xbf, 0xf7, 0xeb, 0xbf, 0xf7, 0xeb,
  0xbf, 0xf7, 0xeb, 0xbf, 0xf7, 0xeb, 0xbf, 0xf7, 0xeb, 0xbf, 0xf7, 0xeb, 0xbf, 0xf7, 0xeb, 0xbf, 0xf7, 0xeb, 0xbf, 0xf7, 0xeb, 0xbf, 0xf7, 0xeb, 0xbf, 0xf7, 0xeb, 0xbf, 0xf7, 0xeb, 0xbf, 0xf7, 0xeb, 0xbf, 0xf7, 0xeb,
  0x7e, 0x3b, 0xff, 0x7e, 0x3b, 0xff, 0x7e, 0x3b, 0xff, 0x7e, 0x3b, 0xff, 0x7e, 0x3b, 0xff, 0x7e, 0x3b, 0xff, 0x7e, 0x3b, 0xff, 0x7e, 0x3b, 0xff, 0x7e, 0x3b, 0xff, 0x7e, 0x3b, 0xff, 0x7e, 0x3b, 0xff, 0x7e, 0x3b, 0xff,
  0x7e, 0x3b, 0xff, 0x7e, 0x3b, 0xff, 0x7e, 0x3b, 0xff, 0x7e, 0x3b, 0xff, 0x7e, 0x3b, 0xff, 0x7e, 0x3b, 0xff, 0x7e, 0x3b, 0xff, 0x7e, 0x3b, 0xff, 0x7e, 0x3b, 0xff, 0x7e, 0x3b, 0xff, 0x7e, 0x3b, 0xff, 0x7e, 0x3b, 0xff,
  0x7e, 0x3b, 0xff, 0x7e, 0x3b, 0xff, 0x7e, 0x3b, 0xff, 0x7e, 0x3b, 0xff, 0x7e, 0x3b, 0xff, 0x7e, 0x3b, 0xff, 0x7e, 0x3b, 0xff, 0x7e, 0x3b, 0xff, 0xbf, 0xf7, 0xeb, 0xbf, 0xf7, 0xeb, 0xbf, 0xf7, 0xeb, 0xbf, 0xf7, 0xeb,
  0xbf, 0xf7, 0xeb, 0xbf, 0xf7, 0xeb, 0xbf, 0xf7, 0xeb, 0xbf, 0xf7, 0xeb, 0xbf, 0xf7, 0xeb, 0xbf, 0xf7, 0xeb, 0xbf, 0xf7, 0xeb, 0xbf, 0xf7, 0xeb, 0xbf, 0xf7, 0xeb, 0xbf, 0xf7, 0xeb, 0xbf, 0xf7, 0xeb, 0xbf, 0xf7, 0xeb,
  0xbf, 0xf7, 0xeb, 0xbf, 0xf7, 0xeb, 0xbf, 0xf7, 0xeb, 0xbf, 0xf7, 0xeb, 0xbf, 0xf7, 0xeb, 0xbf, 0xf7, 0xeb, 0xbf, 0xf7, 0xeb, 0xbf, 0xf7, 0xeb, 0xbf, 0xf7, 0xeb, 0xbf, 0xf7, 0xeb, 0xbf, 0xf7, 0xeb, 0xbf, 0xf7, 0xeb,
  0xbf, 0xf7, 0xeb, 0xbf, 0xf7, 0xeb, 0xbf, 0xf7, 0xeb, 0xbf, 0xf7, 0xeb, 0xbf, 0xf7, 0xeb, 0xbf, 0xf7, 0xeb, 0xbf, 0xf7, 0xeb, 0xbf, 0xf7, 0xeb, 0xbf, 0xf7, 0xeb, 0xbf, 0xf7, 0xeb, 0xbf, 0xf7, 0xeb, 0xbf, 0xf7, 0xeb,
  0xbf, 0xf7, 0xeb, 0xbf, 0xf7, 0xeb, 0xbf, 0xf7, 0xeb, 0xbf, 0xf7, 0xeb, 0xbf, 0xf7, 0xeb, 0xbf, 0xf7, 0xeb, 0xbf, 0xf7, 0xeb, 0xbf, 0xf7, 0xeb, 0xbf, 0xf7, 0xeb, 0xbf, 0xf7, 0xeb, 0xbf, 0xf7, 0xeb, 0xbf, 0xf7, 0xeb,
  0xbf, 0xf7, 0xeb, 0xbf, 0xf7, 0xeb, 0xbf, 0xf7, 0xeb, 0xbf, 0xf7, 0xeb, 0xbf, 0xf7, 0xeb, 0xbf, 0xf7, 0xeb, 0xbf, 0xf7, 0xeb, 0xbf, 0xf7, 0xeb, 0xbf, 0xf7, 0xeb, 0xbf, 0xf7, 0xeb, 0xbf, 0xf7, 0xeb, 0xbf, 0xf7, 0xeb,
  0xbf, 0xf7, 0xeb, 0xbf, 0xf7, 0xeb, 0xbf, 0xf7, 0xeb, 0xbf, 0xf7, 0xeb, 0xbf, 0xf7, 0xeb, 0xbf, 0xf7, 0xeb, 0xbf, 0xf7, 0xeb, 0xbf, 0xf7, 0xeb, 0xbf, 0xf7, 0xeb, 0xbf, 0xf7, 0xeb, 0xbf, 0xf7, 0xeb, 0xbf, 0xf7, 0xeb,
  0xbf, 0xf7, 0xeb, 0xbf, 0xf7, 0xeb, 0xbf, 0xf7, 0xeb, 0xbf, 0xf7, 0xeb, 0x7e, 0x3b, 0xff, 0x7e, 0x3b, 0xff, 0x7e, 0x3b, 0xff, 0x7e, 0x3b, 0xff, 0x7e, 0x3b, 0xff, 0x7e, 0x3b, 0xff, 0x7e, 0x3b, 0xff, 0x7e, 0x3b, 0xff,
  0x7e, 0x3b, 0xff, 0x7e, 0x3b, 0xff, 0x7e, 0x3b, 0xff, 0x7e, 0x3b, 0xff, 0x7e, 0x3b, 0xff, 0x7e, 0x3b, 0xff, 0x7e, 0x3b, 0xff, 0x7e, 0x3b, 0xff, 0x5e, 0x3b, 0xff, 0x5e, 0x3b, 0xff, 0x5e, 0x3b, 0xff, 0x5e, 0x3b, 0xff,
  0x5e, 0x3b, 0xff, 0x5e, 0x3b, 0xff, 0x5e, 0x3b, 0xff, 0x5e, 0x3b, 0xff, 0x5e, 0x3b, 0xff, 0x5e, 0x3b, 0xff, 0x5e, 0x3b, 0xff, 0x5e, 0x3b, 0xff, 0x5e, 0x3b, 0xff, 0x5e, 0x3b, 0xff, 0x5e, 0x3b, 0xff, 0x5e, 0x3b, 0xff,
  0xbf, 0xf7, 0xeb, 0xbf, 0xf7, 0xeb, 0xbf, 0xf7, 0xeb, 0xbf, 0xf7, 0xeb, 0xbf, 0xf7, 0xeb, 0xbf, 0xf7, 0xeb, 0xbf, 0xf7, 0xeb, 0xbf, 0xf7, 0xeb, 0xbf, 0xf7, 0xeb, 0xbf, 0xf7, 0xeb, 0xbf, 0xf7, 0xeb, 0xbf, 0xf7, 0xeb,
  0xbf, 0xf7, 0xeb, 0xbf, 0xf7, 0xeb, 0xbf, 0xf7, 0xeb, 0xbf, 0xf7, 0xeb, 0xbf, 0xf7, 0xeb, 0xbf, 0xf7, 0xeb, 0xbf, 0xf7, 0xeb, 0xbf, 0xf7, 0xeb, 0xbf, 0xf7, 0xeb, 0xbf, 0xf7, 0xeb, 0xbf, 0xf7, 0xeb, 0xbf, 0xf7, 0xeb,
  0xbf, 0xf7, 0xeb, 0xbf, 0xf7, 0xeb, 0xbf, 0xf7, 0xeb, 0xbf, 0xf7, 0xeb, 0xbf, 0xf7, 0xeb, 0xbf, 0xf7, 0xeb, 0xbf, 0xf7, 0xeb, 0xbf, 0xf7, 0xeb, 0xbf, 0xf7, 0xeb, 0xbf, 0xf7, 0xeb, 0xbf, 0xf7, 0xeb, 0xbf, 0xf7, 0xeb,
  0xbf, 0xf7, 0xeb, 0xbf, 0xf7, 0xeb, 0xbf, 0xf7, 0xeb, 0xbf, 0xf7, 0xeb, 0xbf, 0xf7, 0xeb, 0xbf, 0xf7, 0xeb, 0xbf, 0xf7, 0xeb, 0xbf, 0xf7, 0xeb, 0xbf, 0xf7, 0xeb, 0xbf, 0xf7, 0xeb, 0xbf, 0xf7, 0xeb, 0xbf, 0xf7, 0xeb,
  0xbf, 0xf7, 0xeb, 0xbf, 0xf7, 0xeb, 0xbf, 0xf7, 0xeb, 0xbf, 0xf7, 0xeb, 0xbf, 0xf7, 0xeb, 0xbf, 0xf7, 0xeb, 0xbf, 0xf7, 0xeb, 0xbf, 0xf7, 0xeb, 0xbf, 0xf7, 0xeb, 0xbf, 0xf7, 0xeb, 0xbf, 0xf7, 0xeb, 0xbf, 0xf7, 0xeb,
  0xbf, 0xf7, 0xeb, 0xbf, 0xf7, 0xeb, 0xbf, 0xf7, 0xeb, 0xbf, 0xf7, 0xeb, 0xbf, 0xf7, 0xeb, 0xbf, 0xf7, 0xeb, 0xbf, 0xf7, 0xeb, 0xbf, 0xf7, 0xeb, 0xbf, 0xf7, 0xeb, 0xbf, 0xf7, 0xeb, 0xbf, 0xf7, 0xeb, 0xbf, 0xf7, 0xeb,
  0xbf, 0xf7, 0xeb, 0xbf, 0xf7, 0xeb, 0xbf, 0xf7, 0xeb, 0xbf, 0xf7, 0xeb, 0xbf, 0xf7, 0xeb, 0xbf, 0xf7, 0xeb, 0xbf, 0xf7, 0xeb, 0xbf, 0xf7, 0xeb, 0x5e, 0x3b, 0xff, 0x5e, 0x3b, 0xff, 0x5e, 0x3b, 0xff, 0x5e, 0x3b, 0xff,
  0x5e, 0x3b, 0xff, 0x5e, 0x3b, 0xff, 0x5e, 0x3b, 0xff, 0x5e, 0x3b, 0xff, 0x5e, 0x3b, 0xff, 0x5e, 0x3b, 0xff, 0x5e, 0x3b, 0xff, 0x5e, 0x3b, 0xff, 0x5e, 0x3b, 0xff, 0x5e, 0x3b, 0xff, 0x5e, 0x3b, 0xff, 0x5e, 0x3b, 0xff,
  0x5d, 0x3b, 0xff, 0x5d, 0x3b, 0xff, 0x5d, 0x3b, 0xff, 0x5d, 0x3b, 0xff, 0x5d, 0x3b, 0xff, 0x5d, 0x3b, 0xff, 0x5d, 0x3b, 0xff, 0x5d, 0x3b, 0xff, 0x5d, 0x3b, 0xff, 0x5d, 0x3b, 0xff, 0x5d, 0x3b, 0xff, 0x5d, 0x3b, 0xff,
  0x5d, 0x3b, 0xff, 0x5d, 0x3b, 0xff, 0x5d, 0x3b, 0xff, 0x5d, 0x3b, 0xff, 0xbf, 0xf7, 0xeb, 0xbf, 0xf7, 0xeb, 0xbf, 0xf7, 0xeb, 0xbf, 0xf7, 0xeb, 0xbf, 0xf7, 0xeb, 0xbf, 0xf7, 0xeb, 0xbf, 0xf7, 0xeb, 0xbf, 0xf7, 0xeb,
  0xbf, 0xf7, 0xeb, 0xbf, 0xf7, 0xeb, 0xbf, 0xf7, 0xeb, 0xbf, 0xf7, 0xeb, 0xbf, 0xf7, 0xeb, 0xbf, 0xf7, 0xeb, 0xbf, 0xf7, 0xeb, 0xbf, 0xf7, 0xeb, 0xbf, 0xf7, 0xeb, 0xbf, 0xf7, 0xeb, 0xbf, 0xf7, 0xeb, 0xbf, 0xf7, 0xeb,
  0xbf, 0xf7, 0xeb, 0xbf, 0xf7, 0xeb, 0xbf, 0xf7, 0xeb, 0xbf, 0xf7, 0xeb, 0xbf, 0xf7, 0xeb, 0xbf, 0xf7, 0xeb, 0xbf, 0xf7, 0xeb, 0xbf, 0xf7, 0xeb, 0xbf, 0xf7, 0xeb, 0xbf, 0xf7, 0xeb, 0xbf, 0xf7, 0xeb, 0xbf, 0xf7, 0xeb,
  0xbf, 0xf7, 0xeb, 0xbf, 0xf7, 0xeb, 0xbf, 0xf7, 0xeb, 0xbf, 0xf7, 0xeb, 0xbf, 0xf7, 0xeb, 0xbf, 0xf7, 0xeb, 0xbf, 0xf7, 0xeb, 0xbf, 0xf7, 0xeb, 0xbf, 0xf7, 0xeb, 0xbf, 0xf7, 0xeb, 0xbf, 0xf7, 0xeb, 0xbf, 0xf7, 0xeb,
  0xbf, 0xf7, 0xeb, 0xbf, 0xf7, 0xeb, 0xbf, 0xf7, 0xeb, 0xbf, 0xf7, 0xeb, 0xbf, 0xf7, 0xeb, 0xbf, 0xf7, 0xeb, 0xbf, 0xf7, 0xeb, 0xbf, 0xf7, 0xeb, 0xbf, 0xf7, 0xeb, 0xbf, 0xf7, 0xeb, 0xbf, 0xf7, 0xeb, 0xbf, 0xf7, 0xeb,
  0xbf, 0xf7, 0xeb, 0xbf, 0xf7, 0xeb, 0xbf, 0xf7, 0xeb, 0xbf, 0xf7, 0xeb, 0xbf, 0xf7, 0xeb, 0xbf, 0xf7, 0xeb, 0xbf, 0xf7, 0xeb, 0xbf, 0xf7, 0xeb, 0xbf, 0xf7, 0xeb, 0xbf, 0xf7, 0xeb, 0xbf, 0xf7, 0xeb, 0xbf, 0xf7, 0xeb,
  0xbf, 0xf7, 0xeb, 0xbf, 0xf7, 0xeb, 0xbf, 0xf7, 0xeb, 0xbf, 0xf7, 0xeb, 0xbf, 0xf7, 0xeb, 0xbf, 0xf7, 0xeb, 0xbf, 0xf7, 0xeb, 0xbf, 0xf7, 0xeb, 0xbf, 0xf7, 0xeb, 0xbf, 0xf7, 0xeb, 0xbf, 0xf7, 0xeb, 0xbf, 0xf7, 0xeb,
  0x5d, 0x3b, 0xff, 0x5d, 0x3b, 0xff, 0x5d, 0x3b, 0xff, 0x5d, 0x3b, 0xff, 0x5d, 0x3b, 0xff, 0x5d, 0x3b, 0xff, 0x5d, 0x3b, 0xff, 0x5d, 0x3b, 0xff, 0x5d, 0x3b, 0xff, 0x5d, 0x3b, 0xff, 0x5d, 0x3b, 0xff, 0x5d, 0x3b, 0xff,
  0x5d, 0x3b, 0xff, 0x5d, 0x3b, 0xff, 0x5d, 0x3b, 0xff, 0x5d, 0x3b, 0xff, 0x5d, 0x3b, 0xff, 0x5d, 0x3b, 0xff, 0x5d, 0x3b, 0xff, 0x5d, 0x3b, 0xff, 0x5d, 0x3b, 0xff, 0x5d, 0x3b, 0xff, 0x5d, 0x3b, 0xff, 0x5d, 0x3b, 0xff,
  0x5d, 0x3b, 0xff, 0x5d, 0x3b, 0xff, 0x5d, 0x3b, 0xff, 0x5d, 0x3b, 0xff, 0x5d, 0x3b, 0xff, 0x5d, 0x3b, 0xff, 0x5d, 0x3b, 0xff, 0x5d, 0x3b, 0xff, 0x5d, 0x3b, 0xff, 0xbf, 0xf7, 0xeb, 0xbf, 0xf7, 0xeb, 0xbf, 0xf7, 0xeb,
  0xbf, 0xf7, 0xeb, 0xbf, 0xf7, 0xeb, 0xbf, 0xf7, 0xeb, 0xbf, 0xf7, 0xeb, 0xbf, 0xf7, 0xeb, 0xbf, 0xf7, 0xeb, 0xbf, 0xf7, 0xeb, 0xbf, 0xf7, 0xeb, 0xbf, 0xf7, 0xeb, 0xbf, 0xf7, 0xeb, 0xbf, 0xf7, 0xeb, 0xbf, 0xf7, 0xeb,
  0xbf, 0xf7, 0xeb, 0xbf, 0xf7, 0xeb, 0xbf, 0xf7, 0xeb, 0xbf, 0xf7, 0xeb, 0xbf, 0xf7, 0xeb, 0xbf, 0xf7, 0xeb, 0xbf, 0xf7, 0xeb, 0xbf, 0xf7, 0xeb, 0xbf, 0xf7, 0xeb, 0xbf, 0xf7, 0xeb, 0xbf, 0xf7, 0xeb, 0xbf, 0xf7, 0xeb,
  0xbf, 0xf7, 0xeb, 0xbf, 0xf7, 0xeb, 0xbf, 0xf7, 0xeb, 0xbf, 0xf7, 0xeb, 0xbf, 0xf7, 0xeb, 0xbf, 0xf7, 0xeb, 0xbf, 0xf7, 0xeb, 0xbf, 0xf7, 0xeb, 0xbf, 0xf7, 0xeb, 0xbf, 0xf7, 0xeb, 0xbf, 0xf7, 0xeb, 0xbf, 0xf7, 0xeb,
  0xbf, 0xf7, 0xeb, 0xbf, 0xf7, 0xeb, 0xbf, 0xf7, 0xeb, 0xbf, 0xf7, 0xeb, 0xbf, 0xf7, 0xeb, 0xbf, 0xf7, 0xeb, 0xbf, 0xf7, 0xeb, 0xbf, 0xf7, 0xeb, 0xbf, 0xf7, 0xeb, 0xbf, 0xf7, 0xeb, 0xbf, 0xf7, 0xeb, 0xbf, 0xf7, 0xeb,
  0xbf, 0xf7, 0xeb, 0xbf, 0xf7, 0xeb, 0xbf, 0xf7, 0xeb, 0xbf, 0xf7, 0xeb, 0xbf, 0xf7, 0xeb, 0xbf, 0xf7, 0xeb, 0xbf, 0xf7, 0xeb, 0xbf, 0xf7, 0xeb, 0xbf, 0xf7, 0xeb, 0xbf, 0xf7, 0xeb, 0xbf, 0xf7, 0xeb, 0xbf, 0xf7, 0xeb,
  0xbf, 0xf7, 0xeb, 0xbf, 0xf7, 0xeb, 0xbf, 0xf7, 0xeb, 0xbf, 0xf7, 0xeb, 0xbf, 0xf7, 0xeb, 0xbf, 0xf7, 0xeb, 0xbf, 0xf7, 0xeb, 0xbf, 0xf7, 0xeb, 0xbf, 0xf7, 0xeb, 0xbf, 0xf7, 0xeb, 0xbf, 0xf7, 0xeb, 0xbf, 0xf7, 0xeb,
  0xbf, 0xf7, 0xeb, 0xbf, 0xf7, 0xeb, 0xbf, 0xf7, 0xeb, 0x5d, 0x3b, 0xff, 0x5d, 0x3b, 0xff, 0x5d, 0x3b, 0xff, 0x5d, 0x3b, 0xff, 0x5d, 0x3b, 0xff, 0x5d, 0x3b, 0xff, 0x5d, 0x3b, 0xff, 0x5d, 0x3b, 0xff, 0x5d, 0x3b, 0xff,
  0x5d, 0x3b, 0xff, 0x5d, 0x3b, 0xff, 0x5d, 0x3b, 0xff, 0x5d, 0x3b, 0xff, 0x5d, 0x3b, 0xff, 0x5d, 0x3b, 0xff, 0x5d, 0x3b, 0xff, 0x5d, 0x3b, 0xff, 0x5d, 0x43, 0xff, 0x5d, 0x43, 0xff, 0x5d, 0x43, 0xff, 0x5d, 0x43, 0xff,
  0x5d, 0x43, 0xff, 0x5d, 0x43, 0xff, 0x5d, 0x43, 0xff, 0x5d, 0x43, 0xff, 0x5d, 0x43, 0xff, 0x5d, 0x43, 0xff, 0x5d, 0x43, 0xff, 0x5d, 0x43, 0xff, 0x5d, 0x43, 0xff, 0x5d, 0x43, 0xff, 0x5d, 0x43, 0xff, 0x5d, 0x43, 0xff,
  0x5d, 0x43, 0xff, 0xbf, 0xf7, 0xeb, 0xbf, 0xf7, 0xeb, 0xbf, 0xf7, 0xeb, 0xbf, 0xf7, 0xeb, 0xbf, 0xf7, 0xeb, 0xbf, 0xf7, 0xeb, 0xbf, 0xf7, 0xeb, 0xbf, 0xf7, 0xeb, 0xbf, 0xf7, 0xeb, 0xbf, 0xf7, 0xeb, 0xbf, 0xf7, 0xeb,
  0xbf, 0xf7, 0xeb, 0xbf, 0xf7, 0xeb, 0xbf, 0xf7, 0xeb, 0xbf, 0xf7, 0xeb, 0xbf, 0xf7, 0xeb, 0xbf, 0xf7, 0xeb, 0xbf, 0xf7, 0xeb, 0xbf, 0xf7, 0xeb, 0xbf, 0xf7, 0xeb, 0xbf, 0xf7, 0xeb, 0xbf, 0xf7, 0xeb, 0xbf, 0xf7, 0xeb,
  0xbf, 0xf7, 0xeb, 0xbf, 0xf7, 0xeb, 0xbf, 0xf7, 0xeb, 0xbf, 0xf7, 0xeb, 0xbf, 0xf7, 0xeb, 0xbf, 0xf7, 0xeb, 0xbf, 0xf7, 0xeb, 0xbf, 0xf7, 0xeb, 0xbf, 0xf7, 0xeb, 0xbf, 0xf7, 0xeb, 0xbf, 0xf7, 0xeb, 0xbf, 0xf7, 0xeb,
  0xbf, 0xf7, 0xeb, 0xbf, 0xf7, 0xeb, 0xbf, 0xf7, 0xeb, 0xbf, 0xf7, 0xeb, 0xbf, 0xf7, 0xeb, 0xbf, 0xf7, 0xeb, 0xbf, 0xf7, 0xeb, 0xbf, 0xf7, 0xeb, 0xbf, 0xf7, 0xeb, 0xbf, 0xf7, 0xeb, 0xbf, 0xf7, 0xeb, 0xbf, 0xf7, 0xeb,
  0xbf, 0xf7, 0xeb, 0xbf, 0xf7, 0xeb, 0xbf, 0xf7, 0xeb, 0xbf, 0xf7, 0xeb, 0xbf, 0xf7, 0xeb, 0xbf, 0xf7, 0xeb, 0xbf, 0xf7, 0xeb, 0xbf, 0xf7, 0xeb, 0xbf, 0xf7, 0xeb, 0xbf, 0xf7, 0xeb, 0xbf, 0xf7, 0xeb, 0xbf, 0xf7, 0xeb,
  0xbf, 0xf7, 0xeb, 0xbf, 0xf7, 0xeb, 0xbf, 0xf7, 0xeb, 0xbf, 0xf7, 0xeb, 0xbf, 0xf7, 0xeb, 0xbf, 0xf7, 0xeb, 0xbf, 0xf7, 0xeb, 0xbf, 0xf7, 0xeb, 0xbf, 0xf7, 0xeb, 0xbf, 0xf7, 0xeb, 0xbf, 0xf7, 0xeb, 0xbf, 0xf7, 0xeb,
  0xbf, 0xf7, 0xeb, 0xbf, 0xf7, 0xeb, 0xbf, 0xf7, 0xeb, 0xbf, 0xf7, 0xeb, 0xbf, 0xf7, 0xeb, 0xbf, 0xf7, 0xeb, 0xbf, 0xf7, 0xeb, 0x5d, 0x43, 0xff, 0x5d, 0x43, 0xff, 0x5d, 0x43, 0xff, 0x5d, 0x43, 0xff, 0x5d, 0x43, 0xff,
  0x5d, 0x43, 0xff, 0x5d, 0x43, 0xff, 0x5d, 0x43, 0xff, 0x5d, 0x43, 0xff, 0x5d, 0x43, 0xff, 0x5d, 0x43, 0xff, 0x5d, 0x43, 0xff, 0x5d, 0x43, 0xff, 0x5d, 0x43, 0xff, 0x5d, 0x43, 0xff, 0x5d, 0x43, 0xff, 0x5d, 0x43, 0xff,
  0x5d, 0x43, 0xff, 0x5d, 0x43, 0xff, 0x5d, 0x43, 0xff, 0x5d, 0x43, 0xff, 0x5d, 0x43, 0xff, 0x5d, 0x43, 0xff, 0x5d, 0x43, 0xff, 0x5d, 0x43, 0xff, 0x5d, 0x43, 0xff, 0x5d, 0x43, 0xff, 0x5d, 0x43, 0xff, 0x5d, 0x43, 0xff,
  0x5d, 0x43, 0xff, 0x5d, 0x43, 0xff, 0x5d, 0x43, 0xff, 0x5d, 0x43, 0xff, 0x5d, 0x43, 0xff, 0x5d, 0x43, 0xff, 0xbf, 0xf7, 0xeb, 0xbf, 0xf7, 0xeb, 0xbf, 0xf7, 0xeb, 0xbf, 0xf7, 0xeb, 0xbf, 0xf7, 0xeb, 0xbf, 0xf7, 0xeb,
  0xbf, 0xf7, 0xeb, 0xbf, 0xf7, 0xeb, 0xbf, 0xf7, 0xeb, 0xbf, 0xf7, 0xeb, 0xbf, 0xf7, 0xeb, 0xbf, 0xf7, 0xeb, 0xbf, 0xf7, 0xeb, 0xbf, 0xf7, 0xeb, 0xbf, 0xf7, 0xeb, 0xbf, 0xf7, 0xeb, 0xbf, 0xf7, 0xeb, 0xbf, 0xf7, 0xeb,
  0xbf, 0xf7, 0xeb, 0xbf, 0xf7, 0xeb, 0xbf, 0xf7, 0xeb, 0xbf, 0xf7, 0xeb, 0xbf, 0xf7, 0xeb, 0xbf, 0xf7, 0xeb, 0xbf, 0xf7, 0xeb, 0xbf, 0xf7, 0xeb, 0xbf, 0xf7, 0xeb, 0xbf, 0xf7, 0xeb, 0xbf, 0xf7, 0xeb, 0xbf, 0xf7, 0xeb,
  0xbf, 0xf7, 0xeb, 0xbf, 0xf7, 0xeb, 0xbf, 0xf7, 0xeb, 0xbf, 0xf7, 0xeb, 0xbf, 0xf7, 0xeb, 0xbf, 0xf7, 0xeb, 0xbf, 0xf7, 0xeb, 0xbf, 0xf7, 0xeb, 0xbf, 0xf7, 0xeb, 0xbf, 0xf7, 0xeb, 0xbf, 0xf7, 0xeb, 0xbf, 0xf7, 0xeb,
  0xbf, 0xf7, 0xeb, 0xbf, 0xf7, 0xeb, 0xbf, 0xf7, 0xeb, 0xbf, 0xf7, 0xeb, 0xbf, 0xf7, 0xeb, 0xbf, 0xf7, 0xeb, 0xbf, 0xf7, 0xeb, 0xbf, 0xf7, 0xeb, 0xbf, 0xf7, 0xeb, 0xbf, 0xf7, 0xeb, 0xbf, 0xf7, 0xeb, 0xbf, 0xf7, 0xeb,
  0xbf, 0xf7, 0xeb, 0xbf, 0xf7, 0xeb, 0xbf, 0xf7, 0xeb, 0xbf, 0xf7, 0xeb, 0xbf, 0xf7, 0xeb, 0xbf, 0xf7, 0xeb, 0xbf, 0xf7, 0xeb, 0xbf, 0xf7, 0xeb, 0xbf, 0xf7, 0xeb, 0xbf, 0xf7, 0xeb, 0xbf, 0xf7, 0xeb, 0xbf, 0xf7, 0xeb,
  0xbf, 0xf7, 0xeb, 0xbf, 0xf7, 0xeb, 0xbf, 0xf7, 0xeb, 0xbf, 0xf7, 0xeb, 0xbf, 0xf7, 0xeb, 0xbf, 0xf7, 0xeb, 0xbf, 0xf7, 0xeb, 0xbf, 0xf7, 0xeb, 0xbf, 0xf7, 0xeb, 0xbf, 0xf7, 0xeb, 0x5d, 0x43, 0xff, 0x5d, 0x43, 0xff,
  0x5d, 0x43, 0xff, 0x5d, 0x43, 0xff, 0x5d, 0x43, 0xff, 0x5d, 0x43, 0xff, 0x5d, 0x43, 0xff, 0x5d, 0x43, 0xff, 0x5d, 0x43, 0xff, 0x5d, 0x43, 0xff, 0x5d, 0x43, 0xff, 0x5d, 0x43, 0xff, 0x5d, 0x43, 0xff, 0x5d, 0x43, 0xff,
  0x5d, 0x43, 0xff, 0x5d, 0x43, 0xff, 0x5d, 0x43, 0xff, 0x5d, 0x43, 0xff, 0x5d, 0x43, 0xff, 0x5d, 0x43, 0xff, 0x5d, 0x43, 0xff, 0x5d, 0x43, 0xff, 0x5d, 0x43, 0xff, 0x5d, 0x43, 0xff, 0x5d, 0x43, 0xff, 0x5d, 0x43, 0xff,
  0x5d, 0x43, 0xff, 0x5d, 0x43, 0xff, 0x5d, 0x43, 0xff, 0x5d, 0x43, 0xff, 0x5d, 0x43, 0xff, 0x5d, 0x43, 0xff, 0x5d, 0x43, 0xff, 0x5d, 0x43, 0xff, 0x5d, 0x43, 0xff, 0x5d, 0x43, 0xff, 0xbf, 0xf7, 0xeb, 0xbf, 0xf7, 0xeb,
  0xbf, 0xf7, 0xeb, 0xbf, 0xf7, 0xeb, 0xbf, 0xf7, 0xeb, 0xbf, 0xf7, 0xeb, 0xbf, 0xf7, 0xeb, 0xbf, 0xf7, 0xeb, 0xbf, 0xf7, 0xeb, 0xbf, 0xf7, 0xeb, 0xbf, 0xf7, 0xeb, 0xbf, 0xf7, 0xeb, 0xbf, 0xf7, 0xeb, 0xbf, 0xf7, 0xeb,
  0xbf, 0xf7, 0xeb, 0xbf, 0xf7, 0xeb, 0xbf, 0xf7, 0xeb, 0xbf, 0xf7, 0xeb, 0xbf, 0xf7, 0xeb, 0xbf, 0xf7, 0xeb, 0xbf, 0xf7, 0xeb, 0xbf, 0xf7, 0xeb, 0xbf, 0xf7, 0xeb, 0xbf, 0xf7, 0xeb, 0xbf, 0xf7, 0xeb, 0xbf, 0xf7, 0xeb,
  0xbf, 0xf7, 0xeb, 0xbf, 0xf7, 0xeb, 0xbf, 0xf7, 0xeb, 0xbf, 0xf7, 0xeb, 0xbf, 0xf7, 0xeb, 0xbf, 0xf7, 0xeb, 0xbf, 0xf7, 0xeb, 0xbf, 0xf7, 0xeb, 0xbf, 0xf7, 0xeb, 0xbf, 0xf7, 0xeb, 0xbf, 0xf7, 0xeb, 0xbf, 0xf7, 0xeb,
  0xbf, 0xf7, 0xeb, 0xbf, 0xf7, 0xeb, 0xbf, 0xf7, 0xeb, 0xbf, 0xf7, 0xeb, 0xbf, 0xf7, 0xeb, 0xbf, 0xf7, 0xeb, 0xbf, 0xf7, 0xeb, 0xbf, 0xf7, 0xeb, 0xbf, 0xf7, 0xeb, 0xbf, 0xf7, 0xeb, 0xbf, 0xf7, 0xeb, 0xbf, 0xf7, 0xeb,
  0xbf, 0xf7, 0xeb, 0xbf, 0xf7, 0xeb, 0xbf, 0xf7, 0xeb, 0xbf, 0xf7, 0xeb, 0xbf, 0xf7, 0xeb, 0xbf, 0xf7, 0xeb, 0xbf, 0xf7, 0xeb, 0xbf, 0xf7, 0xeb, 0xbf, 0xf7, 0xeb, 0xbf, 0xf7, 0xeb, 0xbf, 0xf7, 0xeb, 0xbf, 0xf7, 0xeb,
  0xbf, 0xf7, 0xeb, 0xbf, 0xf7, 0xeb, 0xbf, 0xf7, 0xeb, 0xbf, 0xf7, 0xeb, 0xbf, 0xf7, 0xeb, 0xbf, 0xf7, 0xeb, 0xbf, 0xf7, 0xeb, 0xbf, 0xf7, 0xeb, 0xbf, 0xf7, 0xeb, 0xbf, 0xf7, 0xeb, 0xbf, 0xf7, 0xeb, 0xbf, 0xf7, 0xeb,
  0xbf, 0xf7, 0xeb, 0xbf, 0xf7, 0xeb, 0x5d, 0x43, 0xff, 0x5d, 0x43, 0xff, 0x5d, 0x43, 0xff, 0x5d, 0x43, 0xff, 0x5d, 0x43, 0xff, 0x5d, 0x43, 0xff, 0x5d, 0x43, 0xff, 0x5d, 0x43, 0xff, 0x5d, 0x43, 0xff, 0x5d, 0x43, 0xff,
  0x5d, 0x43, 0xff, 0x5d, 0x43, 0xff, 0x5d, 0x43, 0xff, 0x5d, 0x43, 0xff, 0x5d, 0x43, 0xff, 0x5d, 0x43, 0xff, 0x5d, 0x43, 0xff, 0x5d, 0x43, 0xff, 0x5d, 0x43, 0xff, 0x5d, 0x43, 0xff, 0x5d, 0x43, 0xff, 0x5d, 0x43, 0xff,
  0x5d, 0x43, 0xff, 0x5d, 0x43, 0xff, 0x5d, 0x43, 0xff, 0x5d, 0x43, 0xff, 0x5d, 0x43, 0xff, 0x5d, 0x43, 0xff, 0x5d, 0x43, 0xff, 0x5d, 0x43, 0xff, 0x5d, 0x43, 0xff, 0x5d, 0x43, 0xff, 0x5d, 0x43, 0xff, 0x5d, 0x43, 0xff,
  0x5d, 0x43, 0xff, 0x5d, 0x43, 0xff, 0x5d, 0x43, 0xff, 0xbf, 0xf7, 0xeb, 0xbf, 0xf7, 0xeb, 0xbf, 0xf7, 0xeb, 0xbf, 0xf7, 0xeb, 0xbf, 0xf7, 0xeb, 0xbf, 0xf7, 0xeb, 0xbf, 0xf7, 0xeb, 0xbf, 0xf7, 0xeb, 0xbf, 0xf7, 0xeb,
  0xbf, 0xf7, 0xeb, 0xbf, 0xf7, 0xeb, 0xbf, 0xf7, 0xeb, 0xbf, 0xf7, 0xeb, 0xbf, 0xf7, 0xeb, 0xbf, 0xf7, 0xeb, 0xbf, 0xf7, 0xeb, 0xbf, 0xf7, 0xeb, 0xbf, 0xf7, 0xeb, 0xbf, 0xf7, 0xeb, 0xbf, 0xf7, 0xeb, 0xbf, 0xf7, 0xeb,
  0xbf, 0xf7, 0xeb, 0xbf, 0xf7, 0xeb, 0xbf, 0xf7, 0xeb, 0xbf, 0xf7, 0xeb, 0xbf, 0xf7, 0xeb, 0xbf, 0xf7, 0xeb, 0xbf, 0xf7, 0xeb, 0xbf, 0xf7, 0xeb, 0xbf, 0xf7, 0xeb, 0xbf, 0xf7, 0xeb, 0xbf, 0xf7, 0xeb, 0xbf, 0xf7, 0xeb,
  0xbf, 0xf7, 0xeb, 0xbf, 0xf7, 0xeb, 0xbf, 0xf7, 0xeb, 0xbf, 0xf7, 0xeb, 0xbf, 0xf7, 0xeb, 0xbf, 0xf7, 0xeb, 0xbf, 0xf7, 0xeb, 0xbf, 0xf7, 0xeb, 0xbf, 0xf7, 0xeb, 0xbf, 0xf7, 0xeb, 0xbf, 0xf7, 0xeb, 0xbf, 0xf7, 0xeb,
  0xbf, 0xf7, 0xeb, 0xbf, 0xf7, 0xeb, 0xbf, 0xf7, 0xeb, 0xbf, 0xf7, 0xeb, 0xbf, 0xf7, 0xeb, 0xbf, 0xf7, 0xeb, 0xbf, 0xf7, 0xeb, 0xbf, 0xf7, 0xeb, 0xbf, 0xf7, 0xeb, 0xbf, 0xf7, 0xeb, 0xbf, 0xf7, 0xeb, 0xbf, 0xf7, 0xeb,
  0xbf, 0xf7, 0xeb, 0xbf, 0xf7, 0xeb, 0xbf, 0xf7, 0xeb, 0xbf, 0xf7, 0xeb, 0xbf, 0xf7, 0xeb, 0xbf, 0xf7, 0xeb, 0xbf, 0xf7, 0xeb, 0xbf, 0xf7, 0xeb, 0xbf, 0xf7, 0xeb, 0xbf, 0xf7, 0xeb, 0xbf, 0xf7, 0xeb, 0xbf, 0xf7, 0xeb,
  0xbf, 0xf7, 0xeb, 0xbf, 0xf7, 0xeb, 0xbf, 0xf7, 0xeb, 0xbf, 0xf7, 0xeb, 0xbf, 0xf7, 0xeb, 0x5d, 0x43, 0xff, 0x5d, 0x43, 0xff, 0x5d, 0x43, 0xff, 0x5d, 0x43, 0xff, 0x5d, 0x43, 0xff, 0x5d, 0x43, 0xff, 0x5d, 0x43, 0xff,
  0x5d, 0x43, 0xff, 0x5d, 0x43, 0xff, 0x5d, 0x43, 0xff, 0x5d, 0x43, 0xff, 0x5d, 0x43, 0xff, 0x5d, 0x43, 0xff, 0x5d, 0x43, 0xff, 0x5d, 0x43, 0xff, 0x5d, 0x43, 0xff, 0x5d, 0x43, 0xff, 0x5d, 0x43, 0xff, 0x5d, 0x43, 0xff,
  0x5d, 0x43, 0xff, 0x5d, 0x43, 0xff, 0x5d, 0x43, 0xff, 0x5d, 0x43, 0xff, 0x5d, 0x43, 0xff, 0x5d, 0x43, 0xff, 0x5d, 0x43, 0xff, 0x5d, 0x43, 0xff, 0x5d, 0x43, 0xff, 0x5d, 0x43, 0xff, 0x5d, 0x43, 0xff, 0x5d, 0x43, 0xff,
  0x5d, 0x43, 0xff, 0x5d, 0x43, 0xff, 0x5d, 0x43, 0xff, 0x5d, 0x43, 0xff, 0x5d, 0x43, 0xff, 0x5d, 0x43, 0xff, 0x5d, 0x43, 0xff, 0x5d, 0x43, 0xff, 0x5d, 0x43, 0xff, 0xbf, 0xf7, 0xeb, 0xbf, 0xf7, 0xeb, 0xbf, 0xf7, 0xeb,
  0xbf, 0xf7, 0xeb, 0xbf, 0xf7, 0xeb, 0xbf, 0xf7, 0xeb, 0xbf, 0xf7, 0xeb, 0xbf, 0xf7, 0xeb, 0xbf, 0xf7, 0xeb, 0xbf, 0xf7, 0xeb, 0xbf, 0xf7, 0xeb, 0xbf, 0xf7, 0xeb, 0xbf, 0xf7, 0xeb, 0xbf, 0xf7, 0xeb, 0xbf, 0xf7, 0xeb,
  0xbf, 0xf7, 0xeb, 0xbf, 0xf7, 0xeb, 0xbf, 0xf7, 0xeb, 0xbf, 0xf7, 0xeb, 0xbf, 0xf7, 0xeb, 0xbf, 0xf7, 0xeb, 0xbf, 0xf7, 0xeb, 0xbf, 0xf7, 0xeb, 0xbf, 0xf7, 0xeb, 0xbf, 0xf7, 0xeb, 0xbf, 0xf7, 0xeb, 0xbf, 0xf7, 0xeb,
  0xbf, 0xf7, 0xeb, 0xbf, 0xf7, 0xeb, 0xbf, 0xf7, 0xeb, 0xbf, 0xf7, 0xeb, 0xbf, 0xf7, 0xeb, 0xbf, 0xf7, 0xeb, 0xbf, 0xf7, 0xeb, 0xbf, 0xf7, 0xeb, 0xbf, 0xf7, 0xeb, 0xbf, 0xf7, 0xeb, 0xbf, 0xf7, 0xeb, 0xbf, 0xf7, 0xeb,
  0xbf, 0xf7, 0xeb, 0xbf, 0xf7, 0xeb, 0xbf, 0xf7, 0xeb, 0xbf, 0xf7, 0xeb, 0xbf, 0xf7, 0xeb, 0xbf, 0xf7, 0xeb, 0xbf, 0xf7, 0xeb, 0xbf, 0xf7, 0xeb, 0xbf, 0xf7, 0xeb, 0xbf, 0xf7, 0xeb, 0xbf, 0xf7, 0xeb, 0xbf, 0xf7, 0xeb,
  0xbf, 0xf7, 0xeb, 0xbf, 0xf7, 0xeb, 0xbf, 0xf7, 0xeb, 0xbf, 0xf7, 0xeb, 0xbf, 0xf7, 0xeb, 0xbf, 0xf7, 0xeb, 0xbf, 0xf7, 0xeb, 0xbf, 0xf7, 0xeb, 0xbf, 0xf7, 0xeb, 0xbf, 0xf7, 0xeb, 0xbf, 0xf7, 0xeb, 0xbf, 0xf7, 0xeb,
  0xbf, 0xf7, 0xeb, 0xbf, 0xf7, 0xeb, 0xbf, 0xf7, 0xeb, 0xbf, 0xf7, 0xeb, 0xbf, 0xf7, 0xeb, 0xbf, 0xf7, 0xeb, 0xbf, 0xf7, 0xeb, 0x5d, 0x43, 0xff, 0x5d, 0x43, 0xff, 0x5d, 0x43, 0xff, 0x5d, 0x43, 0xff, 0x5d, 0x43, 0xff,
  0x5d, 0x43, 0xff, 0x5d, 0x43, 0xff, 0x5d, 0x43, 0xff, 0x5d, 0x43, 0xff, 0x5d, 0x43, 0xff, 0x5d, 0x43, 0xff, 0x5d, 0x43, 0xff, 0x5d, 0x43, 0xff, 0x5d, 0x43, 0xff, 0x5d, 0x43, 0xff, 0x5d, 0x43, 0xff, 0x5d, 0x43, 0xff,
  0x5d, 0x43, 0xff, 0x5d, 0x43, 0xff, 0x5d, 0x43, 0xff, 0x5d, 0x43, 0xff, 0x5d, 0x43, 0xff, 0x5d, 0x43, 0xff, 0x5d, 0x43, 0xff, 0x5d, 0x43, 0xff, 0x5d, 0x43, 0xff, 0x5d, 0x43, 0xff, 0x5d, 0x43, 0xff, 0x5d, 0x43, 0xff,
  0x5d, 0x43, 0xff, 0x5d, 0x43, 0xff, 0x5d, 0x43, 0xff, 0x5d, 0x43, 0xff, 0x5d, 0x43, 0xff, 0x5d, 0x43, 0xff, 0x5d, 0x43, 0xff, 0x5d, 0x43, 0xff, 0x5d, 0x43, 0xff, 0x5d, 0x43, 0xff, 0x5d, 0x43, 0xff, 0x5d, 0x43, 0xff,
  0x5d, 0x43, 0xff, 0x5d, 0x43, 0xff, 0x5d, 0x43, 0xff, 0xbf, 0xf7, 0xeb, 0xbf, 0xf7, 0xeb, 0xbf, 0xf7, 0xeb, 0xbf, 0xf7, 0xeb, 0xbf, 0xf7, 0xeb, 0xbf, 0xf7, 0xeb, 0xbf, 0xf7, 0xeb, 0xbf, 0xf7, 0xeb, 0xbf, 0xf7, 0xeb,
  0xbf, 0xf7, 0xeb, 0xbf, 0xf7, 0xeb, 0xbf, 0xf7, 0xeb, 0xbf, 0xf7, 0xeb, 0xbf, 0xf7, 0xeb, 0xbf, 0xf7, 0xeb, 0xbf, 0xf7, 0xeb, 0xbf, 0xf7, 0xeb, 0xbf, 0xf7, 0xeb, 0xbf, 0xf7, 0xeb, 0xbf, 0xf7, 0xeb, 0xbf, 0xf7, 0xeb,
  0xbf, 0xf7, 0xeb, 0xbf, 0xf7, 0xeb, 0xbf, 0xf7, 0xeb, 0xbf, 0xf7, 0xeb, 0xbf, 0xf7, 0xeb, 0xbf, 0xf7, 0xeb, 0xbf, 0xf7, 0xeb, 0xbf, 0xf7, 0xeb, 0xbf, 0xf7, 0xeb, 0xbf, 0xf7, 0xeb, 0xbf, 0xf7, 0xeb, 0xbf, 0xf7, 0xeb,
  0xbf, 0xf7, 0xeb, 0xbf, 0xf7, 0xeb, 0xbf, 0xf7, 0xeb, 0xbf, 0xf7, 0xeb, 0xbf, 0xf7, 0xeb, 0xbf, 0xf7, 0xeb, 0xbf, 0xf7, 0xeb, 0xbf, 0xf7, 0xeb, 0xbf, 0xf7, 0xeb, 0xbf, 0xf7, 0xeb, 0xbf, 0xf7, 0xeb, 0xbf, 0xf7, 0xeb,
  0xbf, 0xf7, 0xeb, 0xbf, 0xf7, 0xeb, 0xbf, 0xf7, 0xeb, 0xbf, 0xf7, 0xeb, 0xbf, 0xf7, 0xeb, 0xbf, 0xf7, 0xeb, 0xbf, 0xf7, 0xeb, 0xbf, 0xf7, 0xeb, 0xbf, 0xf7, 0xeb, 0xbf, 0xf7, 0xeb, 0xbf, 0xf7, 0xeb, 0xbf, 0xf7, 0xeb,
  0xbf, 0xf7, 0xeb, 0xbf, 0xf7, 0xeb, 0xbf, 0xf7, 0xeb, 0xbf, 0xf7, 0xeb, 0xbf, 0xf7, 0xeb, 0xbf, 0xf7, 0xeb, 0xbf, 0xf7, 0xeb, 0xbf, 0xf7, 0xeb, 0xbf, 0xf7, 0xeb, 0x5d, 0x43, 0xff, 0x5d, 0x43, 0xff, 0x5d, 0x43, 0xff,
  0x5d, 0x43, 0xff, 0x5d, 0x43, 0xff, 0x5d, 0x43, 0xff, 0x5d, 0x43, 0xff, 0x5d, 0x43, 0xff, 0x5d, 0x43, 0xff, 0x5d, 0x43, 0xff, 0x5d, 0x43, 0xff, 0x5d, 0x43, 0xff, 0x5d, 0x43, 0xff, 0x5d, 0x43, 0xff, 0x5d, 0x43, 0xff,
  0x5d, 0x43, 0xff, 0x5d, 0x43, 0xff, 0x5d, 0x43, 0xff, 0x5d, 0x43, 0xff, 0x5d, 0x43, 0xff, 0x5d, 0x43, 0xff, 0x5d, 0x43, 0xff, 0x5d, 0x43, 0xff, 0x5d, 0x43, 0xff, 0x5d, 0x43, 0xff, 0x5d, 0x43, 0xff, 0x5d, 0x43, 0xff,
  0x5d, 0x43, 0xff, 0x5d, 0x43, 0xff, 0x5d, 0x43, 0xff, 0x5d, 0x43, 0xff, 0x5d, 0x43, 0xff, 0x5d, 0x43, 0xff, 0x5d, 0x43, 0xff, 0x5d, 0x43, 0xff, 0x5d, 0x43, 0xff, 0x5d, 0x43, 0xff, 0x5d, 0x43, 0xff, 0x5d, 0x43, 0xff,
  0x5d, 0x43, 0xff, 0x5d, 0x43, 0xff, 0x5d, 0x43, 0xff, 0x5d, 0x43, 0xff, 0x5d, 0x43, 0xff, 0x5d, 0x43, 0xff, 0x5d, 0x43, 0xff, 0x5d, 0x43, 0xff, 0x5d, 0x43, 0xff, 0x5d, 0x43, 0xff, 0x5d, 0x43, 0xff, 0x5d, 0x43, 0xff,
  0x5d, 0x43, 0xff, 0x5d, 0x43, 0xff, 0x5d, 0x43, 0xff, 0x5d, 0x43, 0xff, 0x5d, 0x43, 0xff, 0x5d, 0x43, 0xff, 0x5d, 0x43, 0xff, 0x5d, 0x43, 0xff, 0x5d, 0x43, 0xff, 0x5d, 0x43, 0xff, 0x5d, 0x43, 0xff, 0x5d, 0x43, 0xff,
  0x5d, 0x43, 0xff, 0x5d, 0x43, 0xff, 0x5d, 0x43, 0xff, 0x5d, 0x43, 0xff, 0x5d, 0x43, 0xff, 0x5d, 0x43, 0xff, 0x5d, 0x43, 0xff, 0x5d, 0x43, 0xff, 0x5d, 0x43, 0xff, 0xbf, 0xf7, 0xeb, 0xbf, 0xf7, 0xeb, 0xbf, 0xf7, 0xeb,
  0xbf, 0xf7, 0xeb, 0xbf, 0xf7, 0xeb, 0xbf, 0xf7, 0xeb, 0xbf, 0xf7, 0xeb, 0xbf, 0xf7, 0xeb, 0xbf, 0xf7, 0xeb, 0xbf, 0xf7, 0xeb, 0xbf, 0xf7, 0xeb, 0xbf, 0xf7, 0xeb, 0xbf, 0xf7, 0xeb, 0xbf, 0xf7, 0xeb, 0x5d, 0x43, 0xff,
  0x5d, 0x43, 0xff, 0x5d, 0x43, 0xff, 0x5d, 0x43, 0xff, 0x5d, 0x43, 0xff, 0x5d, 0x43, 0xff, 0x5d, 0x43, 0xff, 0x5d, 0x43, 0xff, 0x5d, 0x43, 0xff, 0x5d, 0x43, 0xff, 0x5d, 0x43, 0xff, 0x5d, 0x43, 0xff, 0x5d, 0x43, 0xff,
  0x5d, 0x43, 0xff, 0x5d, 0x43, 0xff, 0x5d, 0x43, 0xff, 0x5d, 0x43, 0xff, 0x5d, 0x43, 0xff, 0x5d, 0x43, 0xff, 0x5d, 0x43, 0xff, 0x5d, 0x43, 0xff, 0x5d, 0x43, 0xff, 0x5d, 0x43, 0xff, 0x5d, 0x43, 0xff, 0x5d, 0x43, 0xff,
  0x5d, 0x43, 0xff, 0x5d, 0x43, 0xff, 0x5d, 0x43, 0xff, 0x5d, 0x43, 0xff, 0x5d, 0x43, 0xff, 0x5d, 0x43, 0xff, 0x5d, 0x43, 0xff, 0x5d, 0x43, 0xff, 0x5d, 0x43, 0xff, 0x5d, 0x43, 0xff, 0x5d, 0x43, 0xff, 0x5d, 0x43, 0xff,
  0x5d, 0x43, 0xff, 0x5d, 0x43, 0xff, 0x5d, 0x43, 0xff, 0x5d, 0x43, 0xff, 0x5d, 0x43, 0xff, 0x5d, 0x43, 0xff, 0x5d, 0x43, 0xff, 0x5d, 0x43, 0xff, 0x5d, 0x43, 0xff, 0x5d, 0x43, 0xff, 0x5d, 0x43, 0xff, 0x5d, 0x43, 0xff,
  0x5d, 0x43, 0xff, 0x5d, 0x43, 0xff, 0x5d, 0x43, 0xff, 0x5d, 0x43, 0xff, 0x5d, 0x43, 0xff, 0x5d, 0x43, 0xff, 0x5d, 0x43, 0xff, 0x5d, 0x43, 0xff, 0x5d, 0x43, 0xff, 0x5d, 0x43, 0xff, 0x5d, 0x43, 0xff, 0x5d, 0x43, 0xff,
  0x5d, 0x43, 0xff, 0x5d, 0x43, 0xff, 0x5d, 0x43, 0xff, 0x5d, 0x43, 0xff, 0x5d, 0x43, 0xff, 0x5d, 0x43, 0xff, 0x5d, 0x43, 0xff, 0x5d, 0x43, 0xff, 0x5d, 0x43, 0xff, 0x5d, 0x43, 0xff, 0x5d, 0x43, 0xff, 0x5d, 0x43, 0xff,
  0x5d, 0x43, 0xff, 0x5d, 0x43, 0xff, 0x5d, 0x43, 0xff, 0x5d, 0x43, 0xff, 0x5d, 0x43, 0xff, 0x5d, 0x43, 0xff, 0x5d, 0x43, 0xff, 0x5d, 0x43, 0xff, 0x5d, 0x43, 0xff, 0x5d, 0x43, 0xff, 0x5d, 0x43, 0xff, 0x5d, 0x43, 0xff,
  0x5d, 0x43, 0xff, 0x5d, 0x43, 0xff, 0x5d, 0x43, 0xff, 0x5d, 0x43, 0xff, 0x5d, 0x43, 0xff, 0x5d, 0x43, 0xff, 0x5d, 0x43, 0xff, 0x5d, 0x43, 0xff, 0x5d, 0x43, 0xff, 0x5d, 0x43, 0xff, 0x5d, 0x43, 0xff, 0x5d, 0x43, 0xff,
  0x5d, 0x43, 0xff, 0xbf, 0xf7, 0xeb, 0xbf, 0xf7, 0xeb, 0xbf, 0xf7, 0xeb, 0xbf, 0xf7, 0xeb, 0xbf, 0xf7, 0xeb, 0xbf, 0xf7, 0xeb, 0xbf, 0xf7, 0xeb, 0xbf, 0xf7, 0xeb, 0xbf, 0xf7, 0xeb, 0xbf, 0xf7, 0xeb, 0xbf, 0xf7, 0xeb,
  0xbf, 0xf7, 0xeb, 0xbf, 0xf7, 0xeb, 0xbf, 0xf7, 0xeb, 0x5d, 0x43, 0xff, 0x5d, 0x43, 0xff, 0x5d, 0x43, 0xff, 0x5d, 0x43, 0xff, 0x5d, 0x43, 0xff, 0x5d, 0x43, 0xff, 0x5d, 0x43, 0xff, 0x5d, 0x43, 0xff, 0x5d, 0x43, 0xff,
  0x5d, 0x43, 0xff, 0x5d, 0x43, 0xff, 0x5d, 0x43, 0xff, 0x5d, 0x43, 0xff, 0x5d, 0x43, 0xff, 0x5d, 0x43, 0xff, 0x5d, 0x43, 0xff, 0x5d, 0x43, 0xff, 0x5d, 0x43, 0xff, 0x5d, 0x43, 0xff, 0x5d, 0x43, 0xff, 0x5d, 0x43, 0xff,
  0x5d, 0x43, 0xff, 0x5d, 0x43, 0xff, 0x5d, 0x43, 0xff, 0x5d, 0x43, 0xff, 0x5d, 0x43, 0xff, 0x5d, 0x43, 0xff, 0x5d, 0x43, 0xff, 0x5d, 0x43, 0xff, 0x5d, 0x43, 0xff, 0x5d, 0x43, 0xff, 0x5d, 0x43, 0xff, 0x5d, 0x43, 0xff,
  0x5d, 0x43, 0xff, 0x5d, 0x43, 0xff, 0x5d, 0x43, 0xff, 0x5d, 0x43, 0xff, 0x5d, 0x43, 0xff, 0x5d, 0x43, 0xff, 0x5d, 0x43, 0xff, 0x5d, 0x43, 0xff, 0x5d, 0x43, 0xff, 0x5d, 0x43, 0xff, 0x5d, 0x43, 0xff, 0x5d, 0x43, 0xff,
  0x5d, 0x43, 0xff, 0x5d, 0x43, 0xff, 0x5d, 0x43, 0xff, 0x5d, 0x43, 0xff, 0x5d, 0x43, 0xff, 0x5d, 0x43, 0xff, 0x5d, 0x43, 0xff, 0x5d, 0x43, 0xff, 0x5d, 0x43, 0xff, 0x5d, 0x43, 0xff, 0x5d, 0x43, 0xff, 0x5d, 0x43, 0xff,
  0x5d, 0x43, 0xff, 0x5d, 0x43, 0xff, 0x5d, 0x43, 0xff, 0x5d, 0x43, 0xff, 0x5d, 0x43, 0xff, 0x5d, 0x43, 0xff, 0x5d, 0x43, 0xff, 0x5d, 0x43, 0xff, 0x5d, 0x43, 0xff, 0x5d, 0x43, 0xff, 0x5d, 0x43, 0xff, 0x5d, 0x43, 0xff,
  0x5d, 0x43, 0xff, 0x5d, 0x43, 0xff, 0x5d, 0x43, 0xff, 0x5d, 0x43, 0xff, 0x5d, 0x43, 0xff, 0x5d, 0x43, 0xff, 0x5d, 0x43, 0xff, 0x5d, 0x43, 0xff, 0x5d, 0x43, 0xff, 0x5d, 0x43, 0xff, 0x5d, 0x43, 0xff, 0x5d, 0x43, 0xff,
  0x5d, 0x43, 0xff, 0x5d, 0x43, 0xff, 0x5d, 0x43, 0xff, 0x5d, 0x43, 0xff, 0x5d, 0x43, 0xff, 0x5d, 0x43, 0xff, 0x5d, 0x43, 0xff, 0x5d, 0x43, 0xff, 0x5d, 0x43, 0xff, 0x5d, 0x43, 0xff, 0x5d, 0x43, 0xff, 0x5d, 0x43, 0xff,
  0x5d, 0x43, 0xff, 0x5d, 0x43, 0xff, 0x5d, 0x43, 0xff, 0x5d, 0x43, 0xff, 0x5d, 0x43, 0xff, 0xbf, 0xf7, 0xeb, 0xbf, 0xf7, 0xeb, 0xbf, 0xf7, 0xeb, 0xbf, 0xf7, 0xeb, 0xbf, 0xf7, 0xeb, 0xbf, 0xf7, 0xeb, 0xbf, 0xf7, 0xeb,
  0xbf, 0xf7, 0xeb, 0xbf, 0xf7, 0xeb, 0xbf, 0xf7, 0xeb, 0xbf, 0xf7, 0xeb, 0xbf, 0xf7, 0xeb, 0xbf, 0xf7, 0xeb, 0xbf, 0xf7, 0xeb, 0x5d, 0x43, 0xff, 0x5d, 0x43, 0xff, 0x5d, 0x43, 0xff, 0x5d, 0x43, 0xff, 0x5d, 0x43, 0xff,
  0x5d, 0x43, 0xff, 0x5d, 0x43, 0xff, 0x5d, 0x43, 0xff, 0x5d, 0x43, 0xff, 0x5d, 0x43, 0xff, 0x5d, 0x43, 0xff, 0x5d, 0x43, 0xff, 0x5d, 0x43, 0xff, 0x5d, 0x43, 0xff, 0x5d, 0x43, 0xff, 0x5d, 0x43, 0xff, 0x5d, 0x43, 0xff,
  0x5d, 0x43, 0xff, 0x5d, 0x43, 0xff, 0x5d, 0x43, 0xff, 0x5d, 0x43, 0xff, 0x5d, 0x43, 0xff, 0x5d, 0x43, 0xff, 0x5d, 0x43, 0xff, 0x5d, 0x43, 0xff, 0x5d, 0x43, 0xff, 0x5d, 0x43, 0xff, 0x5d, 0x43, 0xff, 0x5d, 0x43, 0xff,
  0x5d, 0x43, 0xff, 0x5d, 0x43, 0xff, 0x5d, 0x43, 0xff, 0x5d, 0x43, 0xff, 0x5d, 0x43, 0xff, 0x5d, 0x43, 0xff, 0x5d, 0x43, 0xff, 0x5d, 0x43, 0xff, 0x5d, 0x43, 0xff, 0x5d, 0x43, 0xff, 0x5d, 0x43, 0xff, 0x5d, 0x43, 0xff,
  0x5d, 0x43, 0xff, 0x5d, 0x43, 0xff, 0x5d, 0x43, 0xff, 0x5d, 0x43, 0xff, 0x5d, 0x43, 0xff, 0x5d, 0x43, 0xff, 0x5d, 0x43, 0xff, 0x5d, 0x43, 0xff, 0x3d, 0x43, 0xff, 0x3d, 0x43, 0xff, 0x3d, 0x43, 0xff, 0x3d, 0x43, 0xff,
  0x3d, 0x43, 0xff, 0x3d, 0x43, 0xff, 0x3d, 0x43, 0xff, 0x3d, 0x43, 0xff, 0x3d, 0x43, 0xff, 0x3d, 0x43, 0xff, 0x3d, 0x43, 0xff, 0x3d, 0x43, 0xff, 0x3d, 0x43, 0xff, 0x3d, 0x43, 0xff, 0x3d, 0x43, 0xff, 0x3d, 0x43, 0xff,
  0x3d, 0x43, 0xff, 0x3d, 0x43, 0xff, 0x3d, 0x43, 0xff, 0x3d, 0x43, 0xff, 0x3d, 0x43, 0xff, 0x3d, 0x43, 0xff, 0x3d, 0x43, 0xff, 0x3d, 0x43, 0xff, 0x3d, 0x43, 0xff, 0x3d, 0x43, 0xff, 0x3d, 0x43, 0xff, 0x3d, 0x43, 0xff,
  0x3d, 0x43, 0xff, 0x3d, 0x43, 0xff, 0x3d, 0x43, 0xff, 0x3d, 0x43, 0xff, 0x3d, 0x43, 0xff, 0x3d, 0x43, 0xff, 0x3d, 0x43, 0xff, 0x3d, 0x43, 0xff, 0x3d, 0x43, 0xff, 0x3d, 0x43, 0xff, 0x3d, 0x43, 0xff, 0x3d, 0x43, 0xff,
  0x3d, 0x43, 0xff, 0x3d, 0x43, 0xff, 0x3d, 0x43, 0xff, 0x3d, 0x43, 0xff, 0x3d, 0x43, 0xff, 0x3d, 0x43, 0xff, 0x3d, 0x43, 0xff, 0x3d, 0x43, 0xff, 0x3d, 0x43, 0xff, 0xbf, 0xf7, 0xeb, 0xbf, 0xf7, 0xeb, 0xbf, 0xf7, 0xeb,
  0xbf, 0xf7, 0xeb, 0xbf, 0xf7, 0xeb, 0xbf, 0xf7, 0xeb, 0xbf, 0xf7, 0xeb, 0xbf, 0xf7, 0xeb, 0xbf, 0xf7, 0xeb, 0xbf, 0xf7, 0xeb, 0xbf, 0xf7, 0xeb, 0xbf, 0xf7, 0xeb, 0xbf, 0xf7, 0xeb, 0xbf, 0xf7, 0xeb, 0x3d, 0x43, 0xff,
  0x3d, 0x43, 0xff, 0x3d, 0x43, 0xff, 0x3d, 0x43, 0xff, 0x3d, 0x43, 0xff, 0x3d, 0x43, 0xff, 0x3d, 0x43, 0xff, 0x3d, 0x43, 0xff, 0x3d, 0x43, 0xff, 0x3d, 0x43, 0xff, 0x3d, 0x43, 0xff, 0x3d, 0x43, 0xff, 0x3d, 0x43, 0xff,
  0x3d, 0x43, 0xff, 0x3d, 0x43, 0xff, 0x3d, 0x43, 0xff, 0x3d, 0x43, 0xff, 0x3d, 0x43, 0xff, 0x3d, 0x43, 0xff, 0x3d, 0x43, 0xff, 0x3d, 0x43, 0xff, 0x3d, 0x43, 0xff, 0x3d, 0x43, 0xff, 0x3d, 0x43, 0xff, 0x3d, 0x43, 0xff,
  0x3d, 0x43, 0xff, 0x3d, 0x43, 0xff, 0x3d, 0x43, 0xff, 0x3d, 0x43, 0xff, 0x3d, 0x43, 0xff, 0x3d, 0x43, 0xff, 0x3d, 0x43, 0xff, 0x3d, 0x43, 0xff, 0x3d, 0x43, 0xff, 0x3d, 0x43, 0xff, 0x3d, 0x43, 0xff, 0x3d, 0x43, 0xff,
  0x3d, 0x43, 0xff, 0x3d, 0x43, 0xff, 0x3d, 0x43, 0xff, 0x3d, 0x43, 0xff, 0x3d, 0x43, 0xff, 0x3d, 0x43, 0xff, 0x3d, 0x43, 0xff, 0x3d, 0x43, 0xff, 0x3d, 0x43, 0xff, 0x3d, 0x43, 0xff, 0x3d, 0x43, 0xff, 0x3d, 0x43, 0xff,
  0x3d, 0x43, 0xff, 0x3d, 0x43, 0xff, 0x3d, 0x43, 0xff, 0x3d, 0x43, 0xff, 0x3d, 0x43, 0xff, 0x3d, 0x43, 0xff, 0x3d, 0x43, 0xff, 0x3d, 0x43, 0xff, 0x3d, 0x43, 0xff, 0x3d, 0x43, 0xff, 0x3d, 0x43, 0xff, 0x3d, 0x43, 0xff,
  0x3d, 0x43, 0xff, 0x3d, 0x43, 0xff, 0x3d, 0x43, 0xff, 0x3d, 0x43, 0xff, 0x3d, 0x43, 0xff, 0x3d, 0x43, 0xff, 0x3d, 0x43, 0xff, 0x3d, 0x43, 0xff, 0x3d, 0x43, 0xff, 0x3d, 0x43, 0xff, 0x3d, 0x43, 0xff, 0x3d, 0x43, 0xff,
  0x3d, 0x43, 0xff, 0x3d, 0x43, 0xff, 0x3d, 0x43, 0xff, 0x3d, 0x43, 0xff, 0x3d, 0x43, 0xff, 0x3d, 0x43, 0xff, 0x3d, 0x43, 0xff, 0x3d, 0x43, 0xff, 0x3d, 0x43, 0xff, 0x3d, 0x43, 0xff, 0x3d, 0x43, 0xff, 0x3d, 0x43, 0xff,
  0x3d, 0x43, 0xff, 0x3d, 0x43, 0xff, 0x3d, 0x43, 0xff, 0x3d, 0x43, 0xff, 0x3d, 0x43, 0xff, 0x3d, 0x43, 0xff, 0x3d, 0x43, 0xff, 0x3d, 0x43, 0xff, 0x3d, 0x43, 0xff, 0x3d, 0x43, 0xff, 0x3d, 0x43, 0xff, 0x3d, 0x43, 0xff,
  0x3d, 0x43, 0xff, 0xbf, 0xf7, 0xeb, 0xbf, 0xf7, 0xeb, 0xbf, 0xf7, 0xeb, 0xbf, 0xf7, 0xeb, 0xbf, 0xf7, 0xeb, 0xbf, 0xf7, 0xeb, 0xbf, 0xf7, 0xeb, 0xbf, 0xf7, 0xeb, 0xbf, 0xf7, 0xeb, 0xbf, 0xf7, 0xeb, 0xbf, 0xf7, 0xeb,
  0xbf, 0xf7, 0xeb, 0xbf, 0xf7, 0xeb, 0xbf, 0xf7, 0xeb, 0x3d, 0x43, 0xff, 0x3d, 0x43, 0xff, 0x3d, 0x43, 0xff, 0x3d, 0x43, 0xff, 0x3d, 0x43, 0xff, 0x3d, 0x43, 0xff, 0x3d, 0x43, 0xff, 0x3d, 0x43, 0xff, 0x3d, 0x43, 0xff,
  0x3d, 0x43, 0xff, 0x3d, 0x43, 0xff, 0x3d, 0x43, 0xff, 0x3d, 0x43, 0xff, 0x3d, 0x43, 0xff, 0x3d, 0x43, 0xff, 0x3d, 0x43, 0xff, 0x3d, 0x43, 0xff, 0x3d, 0x43, 0xff, 0x3d, 0x43, 0xff, 0x3d, 0x43, 0xff, 0x3d, 0x43, 0xff,
  0x3d, 0x43, 0xff, 0x3d, 0x43, 0xff, 0x3d, 0x43, 0xff, 0x3d, 0x43, 0xff, 0x3d, 0x43, 0xff, 0x3d, 0x43, 0xff, 0x3d, 0x43, 0xff, 0x3d, 0x43, 0xff, 0x3d, 0x43, 0xff, 0x3d, 0x43, 0xff, 0x3d, 0x43, 0xff, 0x3d, 0x43, 0xff,
  0x3d, 0x43, 0xff, 0x3d, 0x43, 0xff, 0x3d, 0x43, 0xff, 0x3d, 0x43, 0xff, 0x3d, 0x43, 0xff, 0x3d, 0x43, 0xff, 0x3d, 0x43, 0xff, 0x3d, 0x43, 0xff, 0x3d, 0x43, 0xff, 0x3d, 0x43, 0xff, 0x3d, 0x43, 0xff, 0x3d, 0x43, 0xff,
  0x3d, 0x43, 0xff, 0x3d, 0x43, 0xff, 0x3d, 0x43, 0xff, 0x3d, 0x43, 0xff, 0x3d, 0x4b, 0xff, 0x3d, 0x4b, 0xff, 0x3d, 0x4b, 0xff, 0x3d, 0x4b, 0xff, 0x3d, 0x4b, 0xff, 0x3d, 0x4b, 0xff, 0x3d, 0x4b, 0xff, 0x3d, 0x4b, 0xff,
  0x3d, 0x4b, 0xff, 0x3d, 0x4b, 0xff, 0x3d, 0x4b, 0xff, 0x3d, 0x4b, 0xff, 0x3d, 0x4b, 0xff, 0x3d, 0x4b, 0xff, 0x3d, 0x4b, 0xff, 0x3d, 0x4b, 0xff, 0x3d, 0x4b, 0xff, 0x3d, 0x4b, 0xff, 0x3d, 0x4b, 0xff, 0x3d, 0x4b, 0xff,
  0x3d, 0x4b, 0xff, 0x3d, 0x4b, 0xff, 0x3d, 0x4b, 0xff, 0x3d, 0x4b, 0xff, 0x3d, 0x4b, 0xff, 0x3d, 0x4b, 0xff, 0x3d, 0x4b, 0xff, 0x3d, 0x4b, 0xff, 0x3d, 0x4b, 0xff, 0x3d, 0x4b, 0xff, 0x3d, 0x4b, 0xff, 0x3d, 0x4b, 0xff,
  0x3d, 0x4b, 0xff, 0x3d, 0x4b, 0xff, 0x3d, 0x4b, 0xff, 0x3d, 0x4b, 0xff, 0x3d, 0x4b, 0xff, 0x3d, 0x4b, 0xff, 0x3d, 0x4b, 0xff, 0x3d, 0x4b, 0xff, 0x3d, 0x4b, 0xff, 0x3d, 0x4b, 0xff, 0x3d, 0x4b, 0xff, 0x3d, 0x4b, 0xff,
  0x3d, 0x4b, 0xff, 0x3d, 0x4b, 0xff, 0x3d, 0x4b, 0xff, 0x3d, 0x4b, 0xff, 0x3d, 0x4b, 0xff, 0xbf, 0xf7, 0xeb, 0xbf, 0xf7, 0xeb, 0xbf, 0xf7, 0xeb, 0xbf, 0xf7, 0xeb, 0xbf, 0xf7, 0xeb, 0xbf, 0xf7, 0xeb, 0xbf, 0xf7, 0xeb,
  0xbf, 0xf7, 0xeb, 0xbf, 0xf7, 0xeb, 0xbf, 0xf7, 0xeb, 0xbf, 0xf7, 0xeb, 0xbf, 0xf7, 0xeb, 0xbf, 0xf7, 0xeb, 0xbf, 0xf7, 0xeb, 0x3d, 0x4b, 0xff, 0x3d, 0x4b, 0xff, 0x3d, 0x4b, 0xff, 0x3d, 0x4b, 0xff, 0x3d, 0x4b, 0xff,
  0x3d, 0x4b, 0xff, 0x3d, 0x4b, 0xff, 0x3d, 0x4b, 0xff, 0x3d, 0x4b, 0xff, 0x3d, 0x4b, 0xff, 0x3d, 0x4b, 0xff, 0x3d, 0x4b, 0xff, 0x3d, 0x4b, 0xff, 0x3d, 0x4b, 0xff, 0x3d, 0x4b, 0xff, 0x3d, 0x4b, 0xff, 0x3d, 0x4b, 0xff,
  0x3d, 0x4b, 0xff, 0x3d, 0x4b, 0xff, 0x3d, 0x4b, 0xff, 0x3d, 0x4b, 0xff, 0x3d, 0x4b, 0xff, 0x3d, 0x4b, 0xff, 0x3d, 0x4b, 0xff, 0x3d, 0x4b, 0xff, 0x3d, 0x4b, 0xff, 0x3d, 0x4b, 0xff, 0x3d, 0x4b, 0xff, 0x3d, 0x4b, 0xff,
  0x3d, 0x4b, 0xff, 0x3d, 0x4b, 0xff, 0x3d, 0x4b, 0xff, 0x3d, 0x4b, 0xff, 0x3d, 0x4b, 0xff, 0x3d, 0x4b, 0xff, 0x3d, 0x4b, 0xff, 0x3d, 0x4b, 0xff, 0x3d, 0x4b, 0xff, 0x3d, 0x4b, 0xff, 0x3d, 0x4b, 0xff, 0x3d, 0x4b, 0xff,
  0x3d, 0x4b, 0xff, 0x3d, 0x4b, 0xff, 0x3d, 0x4b, 0xff, 0x3d, 0x4b, 0xff, 0x3d, 0x4b, 0xff, 0x3d, 0x4b, 0xff, 0x3d, 0x4b, 0xff, 0x3d, 0x4b, 0xff, 0x3d, 0x4b, 0xff, 0x3d, 0x4b, 0xff, 0x3d, 0x4b, 0xff, 0x3d, 0x4b, 0xff,
  0x3d, 0x4b, 0xff, 0x3d, 0x4b, 0xff, 0x3d, 0x4b, 0xff, 0x3d, 0x4b, 0xff, 0x3d, 0x4b, 0xff, 0x3d, 0x4b, 0xff, 0x3d, 0x4b, 0xff, 0x3d, 0x4b, 0xff, 0x3d, 0x4b, 0xff, 0x3d, 0x4b, 0xff, 0x3d, 0x4b, 0xff, 0x3d, 0x4b, 0xff,
  0x3d, 0x4b, 0xff, 0x3d, 0x4b, 0xff, 0x3d, 0x4b, 0xff, 0x3d, 0x4b, 0xff, 0x3d, 0x4b, 0xff, 0x3d, 0x4b, 0xff, 0x3d, 0x4b, 0xff, 0x3d, 0x4b, 0xff, 0x3d, 0x4b, 0xff, 0x3d, 0x4b, 0xff, 0x3d, 0x4b, 0xff, 0x3d, 0x4b, 0xff,
  0x3d, 0x4b, 0xff, 0x3d, 0x4b, 0xff, 0x3d, 0x4b, 0xff, 0x3d, 0x4b, 0xff, 0x3d, 0x4b, 0xff, 0x3d, 0x4b, 0xff, 0x3d, 0x4b, 0xff, 0x3d, 0x4b, 0xff, 0x3d, 0x4b, 0xff, 0x3d, 0x4b, 0xff, 0x3d, 0x4b, 0xff, 0x3d, 0x4b, 0xff,
  0x3d, 0x4b, 0xff, 0x3d, 0x4b, 0xff, 0x3d, 0x4b, 0xff, 0x3d, 0x4b, 0xff, 0x3d, 0x4b, 0xff, 0x3d, 0x4b, 0xff, 0x3d, 0x4b, 0xff, 0x3d, 0x4b, 0xff, 0x3d, 0x4b, 0xff, 0xbf, 0xf7, 0xeb, 0xbf, 0xf7, 0xeb, 0xbf, 0xf7, 0xeb,
  0xbf, 0xf7, 0xeb, 0xbf, 0xf7, 0xeb, 0xbf, 0xf7, 0xeb, 0xbf, 0xf7, 0xeb, 0xbf, 0xf7, 0xeb, 0xbf, 0xf7, 0xeb, 0xbf, 0xf7, 0xeb, 0xbf, 0xf7, 0xeb, 0xbf, 0xf7, 0xeb, 0xbf, 0xf7, 0xeb, 0xbf, 0xf7, 0xeb, 0x3d, 0x4b, 0xff,
  0x3d, 0x4b, 0xff, 0x3d, 0x4b, 0xff, 0x3d, 0x4b, 0xff, 0x3d, 0x4b, 0xff, 0x3d, 0x4b, 0xff, 0x3d, 0x4b, 0xff, 0x3d, 0x4b, 0xff, 0x3d, 0x4b, 0xff, 0x3d, 0x4b, 0xff, 0x3d, 0x4b, 0xff, 0x3d, 0x4b, 0xff, 0x3d, 0x4b, 0xff,
  0x3d, 0x4b, 0xff, 0x3d, 0x4b, 0xff, 0x3d, 0x4b, 0xff, 0x3d, 0x4b, 0xff, 0x3d, 0x4b, 0xff, 0x3d, 0x4b, 0xff, 0x3d, 0x4b, 0xff, 0x3d, 0x4b, 0xff, 0x3d, 0x4b, 0xff, 0x3d, 0x4b, 0xff, 0x3d, 0x4b, 0xff, 0x3d, 0x4b, 0xff,
  0x3d, 0x4b, 0xff, 0x3d, 0x4b, 0xff, 0x3d, 0x4b, 0xff, 0x3d, 0x4b, 0xff, 0x3d, 0x4b, 0xff, 0x3d, 0x4b, 0xff, 0x3d, 0x4b, 0xff, 0x3d, 0x4b, 0xff, 0x3d, 0x4b, 0xff, 0x3d, 0x4b, 0xff, 0x3d, 0x4b, 0xff, 0x3d, 0x4b, 0xff,
  0x3d, 0x4b, 0xff, 0x3d, 0x4b, 0xff, 0x3d, 0x4b, 0xff, 0x3d, 0x4b, 0xff, 0x3d, 0x4b, 0xff, 0x3d, 0x4b, 0xff, 0x3d, 0x4b, 0xff, 0x3d, 0x4b, 0xff, 0x3d, 0x4b, 0xff, 0x3d, 0x4b, 0xff, 0x3d, 0x4b, 0xff, 0x3d, 0x4b, 0xff,
  0x3d, 0x4b, 0xff, 0x3d, 0x4b, 0xff, 0x3d, 0x4b, 0xff, 0x3d, 0x4b, 0xff, 0x3d, 0x4b, 0xff, 0x3d, 0x4b, 0xff, 0x3d, 0x4b, 0xff, 0x3d, 0x4b, 0xff, 0x3d, 0x4b, 0xff, 0x3d, 0x4b, 0xff, 0x3d, 0x4b, 0xff, 0x3d, 0x4b, 0xff,
  0x3d, 0x4b, 0xff, 0x3d, 0x4b, 0xff, 0x3d, 0x4b, 0xff, 0x3d, 0x4b, 0xff, 0x3d, 0x4b, 0xff, 0x3d, 0x4b, 0xff, 0x3d, 0x4b, 0xff, 0x3d, 0x4b, 0xff, 0x3d, 0x4b, 0xff, 0x3d, 0x4b, 0xff, 0x3d, 0x4b, 0xff, 0x3d, 0x4b, 0xff,
  0x3d, 0x4b, 0xff, 0x3d, 0x4b, 0xff, 0x3d, 0x4b, 0xff, 0x3d, 0x4b, 0xff, 0x3d, 0x4b, 0xff, 0x3d, 0x4b, 0xff, 0x3d, 0x4b, 0xff, 0x3d, 0x4b, 0xff, 0x3d, 0x4b, 0xff, 0x3d, 0x4b, 0xff, 0x3d, 0x4b, 0xff, 0x3d, 0x4b, 0xff,
  0x3d, 0x4b, 0xff, 0x3d, 0x4b, 0xff, 0x3d, 0x4b, 0xff, 0x3d, 0x4b, 0xff, 0x3d, 0x4b, 0xff, 0x3d, 0x4b, 0xff, 0x3d, 0x4b, 0xff, 0x3d, 0x4b, 0xff, 0x3d, 0x4b, 0xff, 0x3d, 0x4b, 0xff, 0x3d, 0x4b, 0xff, 0x3d, 0x4b, 0xff,
  0x3d, 0x4b, 0xff, 0xbf, 0xf7, 0xeb, 0xbf, 0xf7, 0xeb, 0xbf, 0xf7, 0xeb, 0xbf, 0xf7, 0xeb, 0xbf, 0xf7, 0xeb, 0xbf, 0xf7, 0xeb, 0xbf, 0xf7, 0xeb, 0xbf, 0xf7, 0xeb, 0xbf, 0xf7, 0xeb, 0xbf, 0xf7, 0xeb, 0xbf, 0xf7, 0xeb,
  0xbf, 0xf7, 0xeb, 0xbf, 0xf7, 0xeb, 0xbf, 0xf7, 0xeb, 0x3d, 0x4b, 0xff, 0x3d, 0x4b, 0xff, 0x3d, 0x4b, 0xff, 0x3d, 0x4b, 0xff, 0x3d, 0x4b, 0xff, 0x3d, 0x4b, 0xff, 0x3d, 0x4b, 0xff, 0x3d, 0x4b, 0xff, 0x3d, 0x4b, 0xff,
  0x3d, 0x4b, 0xff, 0x3d, 0x4b, 0xff, 0x3d, 0x4b, 0xff, 0x3d, 0x4b, 0xff, 0x3d, 0x4b, 0xff, 0x3d, 0x4b, 0xff, 0x3d, 0x4b, 0xff, 0x3d, 0x4b, 0xff, 0x3d, 0x4b, 0xff, 0x3d, 0x4b, 0xff, 0x3d, 0x4b, 0xff, 0x3d, 0x4b, 0xff,
  0x3d, 0x4b, 0xff, 0x3d, 0x4b, 0xff, 0x3d, 0x4b, 0xff, 0x3d, 0x4b, 0xff, 0x3d, 0x4b, 0xff, 0x3d, 0x4b, 0xff, 0x3d, 0x4b, 0xff, 0x3d, 0x4b, 0xff, 0x3d, 0x4b, 0xff, 0x3d, 0x4b, 0xff, 0x3d, 0x4b, 0xff, 0x3d, 0x4b, 0xff,
  0x3d, 0x4b, 0xff, 0x3d, 0x4b, 0xff, 0x3d, 0x4b, 0xff, 0x3d, 0x4b, 0xff, 0x3d, 0x4b, 0xff, 0x3d, 0x4b, 0xff, 0x3d, 0x4b, 0xff, 0x3d, 0x4b, 0xff, 0x3d, 0x4b, 0xff, 0x3d, 0x4b, 0xff, 0x3d, 0x4b, 0xff, 0x3d, 0x4b, 0xff,
  0x3d, 0x4b, 0xff, 0x3d, 0x4b, 0xff, 0x3d, 0x4b, 0xff, 0x3d, 0x4b, 0xff, 0x3d, 0x4b, 0xff, 0x3d, 0x4b, 0xff, 0x3d, 0x4b, 0xff, 0x3d, 0x4b, 0xff, 0x3d, 0x4b, 0xff, 0x3d, 0x4b, 0xff, 0x3d, 0x4b, 0xff, 0x3d, 0x4b, 0xff,
  0x3d, 0x4b, 0xff, 0x3d, 0x4b, 0xff, 0x3d, 0x4b, 0xff, 0x3d, 0x4b, 0xff, 0x3d, 0x4b, 0xff, 0x3d, 0x4b, 0xff, 0x3d, 0x4b, 0xff, 0x3d, 0x4b, 0xff, 0x3d, 0x4b, 0xff, 0x3d, 0x4b, 0xff, 0x3d, 0x4b, 0xff, 0x3d, 0x4b, 0xff,
  0x3d, 0x4b, 0xff, 0x3d, 0x4b, 0xff, 0x3d, 0x4b, 0xff, 0x3d, 0x4b, 0xff, 0x3d, 0x4b, 0xff, 0x3d, 0x4b, 0xff, 0x3d, 0x4b, 0xff, 0x3d, 0x4b, 0xff, 0x3d, 0x4b, 0xff, 0x3d, 0x4b, 0xff, 0x3d, 0x4b, 0xff, 0x3d, 0x4b, 0xff,
  0x3d, 0x4b, 0xff, 0x3d, 0x4b, 0xff, 0x3d, 0x4b, 0xff, 0x3d, 0x4b, 0xff, 0x3d, 0x4b, 0xff, 0x3d, 0x4b, 0xff, 0x3d, 0x4b, 0xff, 0x3d, 0x4b, 0xff, 0x3d, 0x4b, 0xff, 0x3d, 0x4b, 0xff, 0x3d, 0x4b, 0xff, 0x3d, 0x4b, 0xff,
  0x3d, 0x4b, 0xff, 0x3d, 0x4b, 0xff, 0x3d, 0x4b, 0xff, 0x3d, 0x4b, 0xff, 0x3d, 0x4b, 0xff, 0xbf, 0xf7, 0xeb, 0xbf, 0xf7, 0xeb, 0xbf, 0xf7, 0xeb, 0xbf, 0xf7, 0xeb, 0xbf, 0xf7, 0xeb, 0xbf, 0xf7, 0xeb, 0xbf, 0xf7, 0xeb,
  0xbf, 0xf7, 0xeb, 0xbf, 0xf7, 0xeb, 0xbf, 0xf7, 0xeb, 0xbf, 0xf7, 0xeb, 0xbf, 0xf7, 0xeb, 0xbf, 0xf7, 0xeb, 0xbf, 0xf7, 0xeb, 0x3d, 0x4b, 0xff, 0x3d, 0x4b, 0xff, 0x3d, 0x4b, 0xff, 0x3d, 0x4b, 0xff, 0x3d, 0x4b, 0xff,
  0x3d, 0x4b, 0xff, 0x3d, 0x4b, 0xff, 0x3d, 0x4b, 0xff, 0x3d, 0x4b, 0xff, 0x3d, 0x4b, 0xff, 0x3d, 0x4b, 0xff, 0x3d, 0x4b, 0xff, 0x3d, 0x4b, 0xff, 0x3d, 0x4b, 0xff, 0x3d, 0x4b, 0xff, 0x3d, 0x4b, 0xff, 0x3d, 0x4b, 0xff,
  0x3d, 0x4b, 0xff, 0x3d, 0x4b, 0xff, 0x3d, 0x4b, 0xff, 0x3d, 0x4b, 0xff, 0x3d, 0x4b, 0xff, 0x3d, 0x4b, 0xff, 0x3d, 0x4b, 0xff, 0x3d, 0x4b, 0xff, 0x3d, 0x4b, 0xff, 0x3d, 0x4b, 0xff, 0x3d, 0x4b, 0xff, 0x3d, 0x4b, 0xff,
  0x3d, 0x4b, 0xff, 0x3d, 0x4b, 0xff, 0x3d, 0x4b, 0xff, 0x3d, 0x4b, 0xff, 0x3d, 0x4b, 0xff, 0x3d, 0x4b, 0xff, 0x3d, 0x4b, 0xff, 0x3d, 0x4b, 0xff, 0x3d, 0x4b, 0xff, 0x3d, 0x4b, 0xff, 0x3d, 0x4b, 0xff, 0x3d, 0x4b, 0xff,
  0x3d, 0x4b, 0xff, 0x3d, 0x4b, 0xff, 0x3d, 0x4b, 0xff, 0x3d, 0x4b, 0xff, 0x3d, 0x4b, 0xff, 0x3d, 0x4b, 0xff, 0x3d, 0x4b, 0xff, 0x3d, 0x4b, 0xff, 0x3d, 0x4b, 0xff, 0x3d, 0x4b, 0xff, 0x3d, 0x4b, 0xff, 0x3d, 0x4b, 0xff,
  0x3d, 0x4b, 0xff, 0x3d, 0x4b, 0xff, 0x3d, 0x4b, 0xff, 0x3d, 0x4b, 0xff, 0x3d, 0x4b, 0xff, 0x3d, 0x4b, 0xff, 0x3d, 0x4b, 0xff, 0x3d, 0x4b, 0xff, 0x3d, 0x4b, 0xff, 0x3d, 0x4b, 0xff, 0x3d, 0x4b, 0xff, 0x3d, 0x4b, 0xff,
  0x3d, 0x4b, 0xff, 0x3d, 0x4b, 0xff, 0x3d, 0x4b, 0xff, 0x3d, 0x4b, 0xff, 0x3d, 0x4b, 0xff, 0x3d, 0x4b, 0xff, 0x3d, 0x4b, 0xff, 0x3d, 0x4b, 0xff, 0x3d, 0x4b, 0xff, 0x3d, 0x4b, 0xff, 0x3d, 0x4b, 0xff, 0x3d, 0x4b, 0xff,
  0x3d, 0x4b, 0xff, 0x3d, 0x4b, 0xff, 0x3d, 0x4b, 0xff, 0x3d, 0x4b, 0xff, 0x3d, 0x4b, 0xff, 0x3d, 0x4b, 0xff, 0x3d, 0x4b, 0xff, 0x3d, 0x4b, 0xff, 0x3d, 0x4b, 0xff, 0x3d, 0x4b, 0xff, 0x3d, 0x4b, 0xff, 0x3d, 0x4b, 0xff,
  0x3d, 0x4b, 0xff, 0x3d, 0x4b, 0xff, 0xbf, 0xf7, 0xeb, 0xbf, 0xf7, 0xeb, 0xbf, 0xf7, 0xeb, 0xbf, 0xf7, 0xeb, 0xbf, 0xf7, 0xeb, 0xbf, 0xf7, 0xeb, 0xbf, 0xf7, 0xeb, 0xbf, 0xf7, 0xeb, 0xbf, 0xf7, 0xeb, 0xbf, 0xf7, 0xeb,
  0xbf, 0xf7, 0xeb, 0xbf, 0xf7, 0xeb, 0xbf, 0xf7, 0xeb, 0xbf, 0xf7, 0xeb, 0xbf, 0xf7, 0xeb, 0xbf, 0xf7, 0xeb, 0xbf, 0xf7, 0xeb, 0xbf, 0xf7, 0xeb, 0xbf, 0xf7, 0xeb, 0xbf, 0xf7, 0xeb, 0xbf, 0xf7, 0xeb, 0xbf, 0xf7, 0xeb,
  0xbf, 0xf7, 0xeb, 0xbf, 0xf7, 0xeb, 0xbf, 0xf7, 0xeb, 0xbf, 0xf7, 0xeb, 0xbf, 0xf7, 0xeb, 0xbf, 0xf7, 0xeb, 0x3d, 0x4b, 0xff, 0x3d, 0x4b, 0xff, 0x3d, 0x4b, 0xff, 0x3d, 0x4b, 0xff, 0x3d, 0x4b, 0xff, 0x3d, 0x4b, 0xff,
  0x3d, 0x4b, 0xff, 0x3d, 0x4b, 0xff, 0x3d, 0x4b, 0xff, 0x3d, 0x4b, 0xff, 0x3d, 0x4b, 0xff, 0x3d, 0x4b, 0xff, 0x3d, 0x4b, 0xff, 0x3d, 0x4b, 0xff, 0x3d, 0x4b, 0xff, 0x3d, 0x4b, 0xff, 0x3d, 0x4b, 0xff, 0x3d, 0x4b, 0xff,
  0x3d, 0x4b, 0xff, 0x3d, 0x4b, 0xff, 0x3d, 0x4b, 0xff, 0x3d, 0x4b, 0xff, 0x3d, 0x4b, 0xff, 0x3d, 0x4b, 0xff, 0x3d, 0x4b, 0xff, 0x3d, 0x4b, 0xff, 0x3d, 0x4b, 0xff, 0x3d, 0x4b, 0xff, 0x3d, 0x4b, 0xff, 0x3d, 0x4b, 0xff,
  0x3d, 0x4b, 0xff, 0x3d, 0x4b, 0xff, 0x3d, 0x4b, 0xff, 0x3d, 0x4b, 0xff, 0x3d, 0x4b, 0xff, 0x3d, 0x4b, 0xff, 0x3d, 0x4b, 0xff, 0x3d, 0x4b, 0xff, 0x3d, 0x4b, 0xff, 0x3d, 0x4b, 0xff, 0x3d, 0x4b, 0xff, 0x3d, 0x4b, 0xff,
  0x3d, 0x4b, 0xff, 0x3d, 0x4b, 0xff, 0x3d, 0x4b, 0xff, 0x3d, 0x4b, 0xff, 0x3d, 0x4b, 0xff, 0x3d, 0x4b, 0xff, 0x3d, 0x4b, 0xff, 0x3d, 0x4b, 0xff, 0x3d, 0x4b, 0xff, 0x3d, 0x4b, 0xff, 0x3d, 0x4b, 0xff, 0x3d, 0x4b, 0xff,
  0x3d, 0x4b, 0xff, 0x3d, 0x4b, 0xff, 0x3d, 0x4b, 0xff, 0x3d, 0x4b, 0xff, 0x3d, 0x4b, 0xff, 0x3d, 0x4b, 0xff, 0x3d, 0x4b, 0xff, 0x3d, 0x4b, 0xff, 0x3d, 0x4b, 0xff, 0x3d, 0x4b, 0xff, 0x3d, 0x4b, 0xff, 0x3d, 0x4b, 0xff,
  0x3d, 0x4b, 0xff, 0x3d, 0x4b, 0xff, 0x3d, 0x4b, 0xff, 0x3d, 0x4b, 0xff, 0x3d, 0x4b, 0xff, 0x3d, 0x4b, 0xff, 0x3d, 0x4b, 0xff, 0x3d, 0x4b, 0xff, 0x3d, 0x4b, 0xff, 0x3d, 0x4b, 0xff, 0x3d, 0x4b, 0xff, 0x3d, 0x4b, 0xff,
  0x3d, 0x4b, 0xff, 0x3d, 0x4b, 0xff, 0x3d, 0x4b, 0xff, 0x3d, 0x4b, 0xff, 0x3d, 0x4b, 0xff, 0xbf, 0xf7, 0xeb, 0xbf, 0xf7, 0xeb, 0xbf, 0xf7, 0xeb, 0xbf, 0xf7, 0xeb, 0xbf, 0xf7, 0xeb, 0xbf, 0xf7, 0xeb, 0xbf, 0xf7, 0xeb,
  0xbf, 0xf7, 0xeb, 0xbf, 0xf7, 0xeb, 0xbf, 0xf7, 0xeb, 0xbf, 0xf7, 0xeb, 0xbf, 0xf7, 0xeb, 0xbf, 0xf7, 0xeb, 0xbf, 0xf7, 0xeb, 0xbf, 0xf7, 0xeb, 0xbf, 0xf7, 0xeb, 0xbf, 0xf7, 0xeb, 0xbf, 0xf7, 0xeb, 0xbf, 0xf7, 0xeb,
  0xbf, 0xf7, 0xeb, 0xbf, 0xf7, 0xeb, 0xbf, 0xf7, 0xeb, 0xbf, 0xf7, 0xeb, 0xbf, 0xf7, 0xeb, 0xbf, 0xf7, 0xeb, 0xbf, 0xf7, 0xeb, 0xbf, 0xf7, 0xeb, 0xbf, 0xf7, 0xeb, 0xbf, 0xf7, 0xeb, 0xbf, 0xf7, 0xeb, 0x3d, 0x4b, 0xff,
  0x3d, 0x4b, 0xff, 0x3d, 0x4b, 0xff, 0x3d, 0x4b, 0xff, 0x3d, 0x4b, 0xff, 0x3d, 0x4b, 0xff, 0x3d, 0x4b, 0xff, 0x3d, 0x4b, 0xff, 0x3d, 0x4b, 0xff, 0x3d, 0x4b, 0xff, 0x3d, 0x4b, 0xff, 0x3d, 0x4b, 0xff, 0x3d, 0x4b, 0xff,
  0x3d, 0x4b, 0xff, 0x3d, 0x4b, 0xff, 0x3d, 0x4b, 0xff, 0x3d, 0x4b, 0xff, 0x3d, 0x4b, 0xff, 0x3d, 0x4b, 0xff, 0x3d, 0x4b, 0xff, 0x3d, 0x4b, 0xff, 0x3d, 0x4b, 0xff, 0x3d, 0x4b, 0xff, 0x3d, 0x4b, 0xff, 0x3d, 0x4b, 0xff,
  0x3d, 0x4b, 0xff, 0x3d, 0x4b, 0xff, 0x3d, 0x4b, 0xff, 0x3d, 0x4b, 0xff, 0x3d, 0x4b, 0xff, 0x3d, 0x4b, 0xff, 0x3d, 0x4b, 0xff, 0x3d, 0x4b, 0xff, 0x3d, 0x4b, 0xff, 0x3d, 0x4b, 0xff, 0x3d, 0x4b, 0xff, 0x3d, 0x4b, 0xff,
  0x3d, 0x4b, 0xff, 0x3d, 0x4b, 0xff, 0x3d, 0x4b, 0xff, 0x3d, 0x4b, 0xff, 0x3d, 0x4b, 0xff, 0x3d, 0x4b, 0xff, 0x3d, 0x4b, 0xff, 0x3d, 0x4b, 0xff, 0x3d, 0x4b, 0xff, 0x3d, 0x4b, 0xff, 0x3d, 0x4b, 0xff, 0x3d, 0x4b, 0xff,
  0x3d, 0x4b, 0xff, 0x3d, 0x4b, 0xff, 0x3d, 0x4b, 0xff, 0x3d, 0x4b, 0xff, 0x3d, 0x4b, 0xff, 0x3d, 0x4b, 0xff, 0x3d, 0x4b, 0xff, 0x3d, 0x4b, 0xff, 0x3d, 0x4b, 0xff, 0x3d, 0x4b, 0xff, 0x3d, 0x4b, 0xff, 0x3d, 0x4b, 0xff,
  0x3d, 0x4b, 0xff, 0x3d, 0x4b, 0xff, 0x3d, 0x4b, 0xff, 0x3d, 0x4b, 0xff, 0x3d, 0x4b, 0xff, 0x3d, 0x4b, 0xff, 0x3d, 0x4b, 0xff, 0x3d, 0x4b, 0xff, 0x3d, 0x4b, 0xff, 0x3d, 0x4b, 0xff, 0x3d, 0x4b, 0xff, 0x3d, 0x4b, 0xff,
  0x3d, 0x4b, 0xff, 0x3d, 0x4b, 0xff, 0x3d, 0x4b, 0xff, 0x3d, 0x4b, 0xff, 0x3d, 0x4b, 0xff, 0x3d, 0x4b, 0xff, 0x3d, 0x4b, 0xff, 0x3d, 0x4b, 0xff, 0xbf, 0xf7, 0xeb, 0xbf, 0xf7, 0xeb, 0xbf, 0xf7, 0xeb, 0xbf, 0xf7, 0xeb,
  0xbf, 0xf7, 0xeb, 0xbf, 0xf7, 0xeb, 0xbf, 0xf7, 0xeb, 0xbf, 0xf7, 0xeb, 0xbf, 0xf7, 0xeb, 0xbf, 0xf7, 0xeb, 0xbf, 0xf7, 0xeb, 0xbf, 0xf7, 0xeb, 0xbf, 0xf7, 0xeb, 0xbf, 0xf7, 0xeb, 0xbf, 0xf7, 0xeb, 0xbf, 0xf7, 0xeb,
  0xbf, 0xf7, 0xeb, 0xbf, 0xf7, 0xeb, 0xbf, 0xf7, 0xeb, 0xbf, 0xf7, 0xeb, 0xbf, 0xf7, 0xeb, 0xbf, 0xf7, 0xeb, 0xbf, 0xf7, 0xeb, 0xbf, 0xf7, 0xeb, 0xbf, 0xf7, 0xeb, 0xbf, 0xf7, 0xeb, 0xbf, 0xf7, 0xeb, 0xbf, 0xf7, 0xeb,
  0xbf, 0xf7, 0xeb, 0xbf, 0xf7, 0xeb, 0xbf, 0xf7, 0xeb, 0xbf, 0xf7, 0xeb, 0x3d, 0x4b, 0xff, 0x3d, 0x4b, 0xff, 0x3d, 0x4b, 0xff, 0x3d, 0x4b, 0xff, 0x3d, 0x4b, 0xff, 0x3d, 0x4b, 0xff, 0x3d, 0x4b, 0xff, 0x3d, 0x4b, 0xff,
  0x3d, 0x4b, 0xff, 0x3d, 0x4b, 0xff, 0x3d, 0x4b, 0xff, 0x3d, 0x4b, 0xff, 0x3d, 0x4b, 0xff, 0x3d, 0x4b, 0xff, 0x3d, 0x4b, 0xff, 0x3d, 0x4b, 0xff, 0x3d, 0x4b, 0xff, 0x3d, 0x4b, 0xff, 0x3d, 0x4b, 0xff, 0x3d, 0x4b, 0xff,
  0x3d, 0x4b, 0xff, 0x3d, 0x4b, 0xff, 0x3d, 0x4b, 0xff, 0x3d, 0x4b, 0xff, 0x3d, 0x4b, 0xff, 0x3d, 0x4b, 0xff, 0x3d, 0x4b, 0xff, 0x3d, 0x4b, 0xff, 0x3d, 0x4b, 0xff, 0x3d, 0x4b, 0xff, 0x3d, 0x4b, 0xff, 0x3d, 0x4b, 0xff,
  0x3d, 0x4b, 0xff, 0x3d, 0x4b, 0xff, 0x3d, 0x4b, 0xff, 0x3d, 0x4b, 0xff, 0x3d, 0x4b, 0xff, 0x3d, 0x4b, 0xff, 0x3d, 0x4b, 0xff, 0x3d, 0x4b, 0xff, 0x3d, 0x4b, 0xff, 0x3d, 0x4b, 0xff, 0x3d, 0x4b, 0xff, 0x3d, 0x4b, 0xff,
  0x3d, 0x4b, 0xff, 0x3d, 0x4b, 0xff, 0x3d, 0x4b, 0xff, 0x3d, 0x4b, 0xff, 0x3d, 0x4b, 0xff, 0x3d, 0x4b, 0xff, 0x3d, 0x4b, 0xff, 0x3d, 0x4b, 0xff, 0x3d, 0x4b, 0xff, 0x3d, 0x4b, 0xff, 0x3d, 0x4b, 0xff, 0x3d, 0x4b, 0xff,
  0x3d, 0x4b, 0xff, 0x3d, 0x4b, 0xff, 0x3d, 0x4b, 0xff, 0x3d, 0x4b, 0xff, 0x3d, 0x4b, 0xff, 0x3d, 0x4b, 0xff, 0x3d, 0x4b, 0xff, 0x3d, 0x4b, 0xff, 0x3d, 0x4b, 0xff, 0x3d, 0x4b, 0xff, 0x3d, 0x4b, 0xff, 0x3d, 0x4b, 0xff,
  0x3d, 0x4b, 0xff, 0x3d, 0x4b, 0xff, 0x3d, 0x4b, 0xff, 0x3d, 0x4b, 0xff, 0x3d, 0x4b, 0xff, 0x3d, 0x4b, 0xff, 0x3d, 0x4b, 0xff, 0x3d, 0x4b, 0xff, 0x3d, 0x4b, 0xff, 0x3d, 0x4b, 0xff, 0x3d, 0x4b, 0xff, 0x3d, 0x4b, 0xff,
  0xbf, 0xf7, 0xeb, 0xbf, 0xf7, 0xeb, 0xbf, 0xf7, 0xeb, 0xbf, 0xf7, 0xeb, 0xbf, 0xf7, 0xeb, 0xbf, 0xf7, 0xeb, 0xbf, 0xf7, 0xeb, 0xbf, 0xf7, 0xeb, 0xbf, 0xf7, 0xeb, 0xbf, 0xf7, 0xeb, 0xbf, 0xf7, 0xeb, 0xbf, 0xf7, 0xeb,
  0xbf, 0xf7, 0xeb, 0xbf, 0xf7, 0xeb, 0xbf, 0xf7, 0xeb, 0xbf, 0xf7, 0xeb, 0xbf, 0xf7, 0xeb, 0xbf, 0xf7, 0xeb, 0xbf, 0xf7, 0xeb, 0xbf, 0xf7, 0xeb, 0xbf, 0xf7, 0xeb, 0xbf, 0xf7, 0xeb, 0xbf, 0xf7, 0xeb, 0xbf, 0xf7, 0xeb,
  0xbf, 0xf7, 0xeb, 0xbf, 0xf7, 0xeb, 0xbf, 0xf7, 0xeb, 0xbf, 0xf7, 0xeb, 0xbf, 0xf7, 0xeb, 0xbf, 0xf7, 0xeb, 0xbf, 0xf7, 0xeb, 0xbf, 0xf7, 0xeb, 0x3d, 0x4b, 0xff, 0x3d, 0x4b, 0xff, 0x3d, 0x4b, 0xff, 0x3d, 0x4b, 0xff,
  0x3d, 0x4b, 0xff, 0x3d, 0x4b, 0xff, 0x3d, 0x4b, 0xff, 0x3d, 0x4b, 0xff, 0x3d, 0x4b, 0xff, 0x3d, 0x4b, 0xff, 0x3d, 0x4b, 0xff, 0x3d, 0x4b, 0xff, 0x3d, 0x4b, 0xff, 0x3d, 0x4b, 0xff, 0x3d, 0x4b, 0xff, 0x3d, 0x4b, 0xff,
  0x3d, 0x4b, 0xff, 0x3d, 0x4b, 0xff, 0x3d, 0x4b, 0xff, 0x3d, 0x4b, 0xff, 0x3d, 0x4b, 0xff, 0x3d, 0x4b, 0xff, 0x3d, 0x4b, 0xff, 0x3d, 0x4b, 0xff, 0x3d, 0x4b, 0xff, 0x3d, 0x4b, 0xff, 0x3d, 0x4b, 0xff, 0x3d, 0x4b, 0xff,
  0x3d, 0x4b, 0xff, 0x3d, 0x4b, 0xff, 0x3d, 0x4b, 0xff, 0x3d, 0x4b, 0xff, 0x3d, 0x4b, 0xff, 0x3d, 0x4b, 0xff, 0x3d, 0x4b, 0xff, 0x3d, 0x4b, 0xff, 0x3d, 0x4b, 0xff, 0x3d, 0x4b, 0xff, 0x3d, 0x4b, 0xff, 0x3d, 0x4b, 0xff,
  0x3d, 0x4b, 0xff, 0x3d, 0x4b, 0xff, 0x3d, 0x4b, 0xff, 0x3d, 0x4b, 0xff, 0x3d, 0x4b, 0xff, 0x3d, 0x4b, 0xff, 0x3d, 0x4b, 0xff, 0x3d, 0x4b, 0xff, 0x3d, 0x4b, 0xff, 0x3d, 0x4b, 0xff, 0x3d, 0x4b, 0xff, 0x3d, 0x4b, 0xff,
  0x3d, 0x4b, 0xff, 0x3d, 0x4b, 0xff, 0x3d, 0x4b, 0xff, 0x3d, 0x4b, 0xff, 0x3d, 0x4b, 0xff, 0x3d, 0x4b, 0xff, 0x3d, 0x4b, 0xff, 0x3d, 0x4b, 0xff, 0x3d, 0x4b, 0xff, 0x3d, 0x4b, 0xff, 0x3d, 0x4b, 0xff, 0x3d, 0x4b, 0xff,
  0x3d, 0x4b, 0xff, 0x3d, 0x4b, 0xff, 0x3d, 0x4b, 0xff, 0x3d, 0x4b, 0xff, 0x3d, 0x4b, 0xff, 0x3d, 0x4b, 0xff, 0x3d, 0x4b, 0xff, 0x3d, 0x4b, 0xff, 0x3d, 0x4b, 0xff, 0x3d, 0x4b, 0xff, 0x3d, 0x4b, 0xff, 0x3d, 0x4b, 0xff,
  0x3d, 0x4b, 0xff, 0x3d, 0x4b, 0xff, 0x3d, 0x4b, 0xff, 0x3d, 0x4b, 0xff, 0xbf, 0xf7, 0xeb, 0xbf, 0xf7, 0xeb, 0xbf, 0xf7, 0xeb, 0xbf, 0xf7, 0xeb, 0xbf, 0xf7, 0xeb, 0xbf, 0xf7, 0xeb, 0xbf, 0xf7, 0xeb, 0xbf, 0xf7, 0xeb,
  0xbf, 0xf7, 0xeb, 0xbf, 0xf7, 0xeb, 0xbf, 0xf7, 0xeb, 0xbf, 0xf7, 0xeb, 0xbf, 0xf7, 0xeb, 0xbf, 0xf7, 0xeb, 0xbf, 0xf7, 0xeb, 0xbf, 0xf7, 0xeb, 0xbf, 0xf7, 0xeb, 0xbf, 0xf7, 0xeb, 0xbf, 0xf7, 0xeb, 0xbf, 0xf7, 0xeb,
  0xbf, 0xf7, 0xeb, 0xbf, 0xf7, 0xeb, 0xbf, 0xf7, 0xeb, 0xbf, 0xf7, 0xeb, 0xbf, 0xf7, 0xeb, 0xbf, 0xf7, 0xeb, 0xbf, 0xf7, 0xeb, 0xbf, 0xf7, 0xeb, 0xbf, 0xf7, 0xeb, 0xbf, 0xf7, 0xeb, 0xbf, 0xf7, 0xeb, 0xbf, 0xf7, 0xeb,
  0x3d, 0x4b, 0xff, 0x3d, 0x4b, 0xff, 0x3d, 0x4b, 0xff, 0x3d, 0x4b, 0xff, 0x3d, 0x4b, 0xff, 0x3d, 0x4b, 0xff, 0x3d, 0x4b, 0xff, 0x3d, 0x4b, 0xff, 0x3d, 0x4b, 0xff, 0x3d, 0x4b, 0xff, 0x3d, 0x4b, 0xff, 0x3d, 0x4b, 0xff,
  0x3d, 0x4b, 0xff, 0x3d, 0x4b, 0xff, 0x3d, 0x4b, 0xff, 0x3d, 0x4b, 0xff, 0x3d, 0x4b, 0xff, 0x3d, 0x4b, 0xff, 0x3d, 0x4b, 0xff, 0x3d, 0x4b, 0xff, 0x3d, 0x4b, 0xff, 0x3d, 0x4b, 0xff, 0x3d, 0x4b, 0xff, 0x3d, 0x4b, 0xff,
  0x3d, 0x4b, 0xff, 0x3d, 0x4b, 0xff, 0x3d, 0x4b, 0xff, 0x3d, 0x4b, 0xff, 0x3d, 0x4b, 0xff, 0x3d, 0x4b, 0xff, 0x3d, 0x4b, 0xff, 0x3d, 0x4b, 0xff, 0x3d, 0x4b, 0xff, 0x3d, 0x4b, 0xff, 0x3d, 0x4b, 0xff, 0x3d, 0x4b, 0xff,
  0x3d, 0x4b, 0xff, 0x3d, 0x4b, 0xff, 0x3d, 0x4b, 0xff, 0x3d, 0x4b, 0xff, 0x00, 0x00, 0x00, 0x1d, 0x4b, 0xff, 0x1d, 0x4b, 0xff, 0x1d, 0x4b, 0xff, 0x1d, 0x4b, 0xff, 0x1d, 0x4b, 0xff, 0x1d, 0x4b, 0xff, 0x1d, 0x4b, 0xff,
  0x1d, 0x4b, 0xff, 0x1d, 0x4b, 0xff, 0x1d, 0x4b, 0xff, 0x1d, 0x4b, 0xff, 0x1d, 0x4b, 0xff, 0x1d, 0x4b, 0xff, 0x1d, 0x4b, 0xff, 0x1d, 0x4b, 0xff, 0x1d, 0x4b, 0xff, 0x1d, 0x4b, 0xff, 0x1d, 0x4b, 0xff, 0x1d, 0x4b, 0xff,
  0x1d, 0x4b, 0xff, 0x1d, 0x4b, 0xff, 0x1d, 0x4b, 0xff, 0x1d, 0x4b, 0xff, 0x1d, 0x4b, 0xff, 0x1d, 0x4b, 0xff, 0x1d, 0x4b, 0xff, 0x1d, 0x4b, 0xff, 0x1d, 0x4b, 0xff, 0x1d, 0x4b, 0xff, 0x1d, 0x4b, 0xff, 0x1d, 0x4b, 0xff,
  0x1d, 0x4b, 0xff, 0x1d, 0x4b, 0xff, 0x1d, 0x4b, 0xff, 0x1d, 0x4b, 0xff, 0x1d, 0x4b, 0xff, 0x1d, 0x4b, 0xff, 0x1d, 0x4b, 0xff, 0x1d, 0x4b, 0xff, 0x1d, 0x4b, 0xff, 0xbf, 0xf7, 0xeb, 0xbf, 0xf7, 0xeb, 0xbf, 0xf7, 0xeb,
  0xbf, 0xf7, 0xeb, 0xbf, 0xf7, 0xeb, 0xbf, 0xf7, 0xeb, 0xbf, 0xf7, 0xeb, 0xbf, 0xf7, 0xeb, 0xbf, 0xf7, 0xeb, 0xbf, 0xf7, 0xeb, 0xbf, 0xf7, 0xeb, 0xbf, 0xf7, 0xeb, 0xbf, 0xf7, 0xeb, 0xbf, 0xf7, 0xeb, 0xbf, 0xf7, 0xeb,
  0xbf, 0xf7, 0xeb, 0xbf, 0xf7, 0xeb, 0xbf, 0xf7, 0xeb, 0xbf, 0xf7, 0xeb, 0xbf, 0xf7, 0xeb, 0xbf, 0xf7, 0xeb, 0xbf, 0xf7, 0xeb, 0xbf, 0xf7, 0xeb, 0xbf, 0xf7, 0xeb, 0xbf, 0xf7, 0xeb, 0xbf, 0xf7, 0xeb, 0xbf, 0xf7, 0xeb,
  0xbf, 0xf7, 0xeb, 0xbf, 0xf7, 0xeb, 0xbf, 0xf7, 0xeb, 0x1d, 0x4b, 0xff, 0x1d, 0x4b, 0xff, 0x1d, 0x4b, 0xff, 0x1d, 0x4b, 0xff, 0x1d, 0x4b, 0xff, 0x1d, 0x4b, 0xff, 0x1d, 0x4b, 0xff, 0x1d, 0x4b, 0xff, 0x1d, 0x4b, 0xff,
  0x1d, 0x4b, 0xff, 0x1d, 0x4b, 0xff, 0x1d, 0x4b, 0xff, 0x1d, 0x4b, 0xff, 0x1d, 0x4b, 0xff, 0x1d, 0x4b, 0xff, 0x1d, 0x4b, 0xff, 0x1d, 0x4b, 0xff, 0x1d, 0x4b, 0xff, 0x1d, 0x4b, 0xff, 0x1d, 0x4b, 0xff, 0x1d, 0x4b, 0xff,
  0x1d, 0x4b, 0xff, 0x1d, 0x4b, 0xff, 0x1d, 0x4b, 0xff, 0x1d, 0x4b, 0xff, 0x1d, 0x4b, 0xff, 0x1d, 0x4b, 0xff, 0x1d, 0x4b, 0xff, 0x1d, 0x4b, 0xff, 0x1d, 0x4b, 0xff, 0x1d, 0x4b, 0xff, 0x1d, 0x4b, 0xff, 0x1d, 0x4b, 0xff,
  0x1d, 0x4b, 0xff, 0x1d, 0x4b, 0xff, 0x1d, 0x4b, 0xff, 0x1d, 0x4b, 0xff, 0x1d, 0x4b, 0xff, 0x1d, 0x4b, 0xff, 0x1d, 0x4b, 0xff, 0x00, 0x00, 0x00, 0x00, 0x00, 0x00, 0x1d, 0x53, 0xff, 0x1d, 0x53, 0xff, 0x1d, 0x53, 0xff,
  0x1d, 0x53, 0xff, 0x1d, 0x53, 0xff, 0x1d, 0x53, 0xff, 0x1d, 0x53, 0xff, 0x1d, 0x53, 0xff, 0x1d, 0x53, 0xff, 0x1d, 0x53, 0xff, 0x1d, 0x53, 0xff, 0x1d, 0x53, 0xff, 0x1d, 0x53, 0xff, 0x1d, 0x53, 0xff, 0x1d, 0x53, 0xff,
  0x1d, 0x53, 0xff, 0x1d, 0x53, 0xff, 0x1d, 0x53, 0xff, 0x1d, 0x53, 0xff, 0x1d, 0x53, 0xff, 0x1d, 0x53, 0xff, 0x1d, 0x53, 0xff, 0x1d, 0x53, 0xff, 0x1d, 0x53, 0xff, 0x1d, 0x53, 0xff, 0x1d, 0x53, 0xff, 0x1d, 0x53, 0xff,
  0x1d, 0x53, 0xff, 0x1d, 0x53, 0xff, 0x1d, 0x53, 0xff, 0x1d, 0x53, 0xff, 0x1d, 0x53, 0xff, 0x1d, 0x53, 0xff, 0x1d, 0x53, 0xff, 0x1d, 0x53, 0xff, 0x1d, 0x53, 0xff, 0x1d, 0x53, 0xff, 0x1d, 0x53, 0xff, 0x1d, 0x53, 0xff,
  0x1d, 0x53, 0xff, 0x1d, 0x53, 0xff, 0xbf, 0xf7, 0xeb, 0xbf, 0xf7, 0xeb, 0xbf, 0xf7, 0xeb, 0xbf, 0xf7, 0xeb, 0xbf, 0xf7, 0xeb, 0xbf, 0xf7, 0xeb, 0xbf, 0xf7, 0xeb, 0xbf, 0xf7, 0xeb, 0xbf, 0xf7, 0xeb, 0xbf, 0xf7, 0xeb,
  0xbf, 0xf7, 0xeb, 0xbf, 0xf7, 0xeb, 0xbf, 0xf7, 0xeb, 0xbf, 0xf7, 0xeb, 0xbf, 0xf7, 0xeb, 0xbf, 0xf7, 0xeb, 0xbf, 0xf7, 0xeb, 0xbf, 0xf7, 0xeb, 0xbf, 0xf7, 0xeb, 0xbf, 0xf7, 0xeb, 0xbf, 0xf7, 0xeb, 0xbf, 0xf7, 0xeb,
  0xbf, 0xf7, 0xeb, 0xbf, 0xf7, 0xeb, 0xbf, 0xf7, 0xeb, 0xbf, 0xf7, 0xeb, 0xbf, 0xf7, 0xeb, 0xbf, 0xf7, 0xeb, 0x1d, 0x53, 0xff, 0x1d, 0x53, 0xff, 0x1d, 0x53, 0xff, 0x1d, 0x53, 0xff, 0x1d, 0x53, 0xff, 0x1d, 0x53, 0xff,
  0x1d, 0x53, 0xff, 0x1d, 0x53, 0xff, 0x1d, 0x53, 0xff, 0x1d, 0x53, 0xff, 0x1d, 0x53, 0xff, 0x1d, 0x53, 0xff, 0x1d, 0x53, 0xff, 0x1d, 0x53, 0xff, 0x1d, 0x53, 0xff, 0x1d, 0x53, 0xff, 0x1d, 0x53, 0xff, 0x1d, 0x53, 0xff,
  0x1d, 0x53, 0xff, 0x1d, 0x53, 0xff, 0x1d, 0x53, 0xff, 0x1d, 0x53, 0xff, 0x1d, 0x53, 0xff, 0x1d, 0x53, 0xff, 0x1d, 0x53, 0xff, 0x1d, 0x53, 0xff, 0x1d, 0x53, 0xff, 0x1d, 0x53, 0xff, 0x1d, 0x53, 0xff, 0x1d, 0x53, 0xff,
  0x1d, 0x53, 0xff, 0x1d, 0x53, 0xff, 0x1d, 0x53, 0xff, 0x1d, 0x53, 0xff, 0x1d, 0x53, 0xff, 0x1d, 0x53, 0xff, 0x1d, 0x53, 0xff, 0x1d, 0x53, 0xff, 0x1d, 0x53, 0xff, 0x1d, 0x53, 0xff, 0x1d, 0x53, 0xff, 0x00, 0x00, 0x00,
  0x00, 0x00, 0x00, 0x1d, 0x53, 0xff, 0x1d, 0x53, 0xff, 0x1d, 0x53, 0xff, 0x1d, 0x53, 0xff, 0x1d, 0x53, 0xff, 0x1d, 0x53, 0xff, 0x1d, 0x53, 0xff, 0x1d, 0x53, 0xff, 0x1d, 0x53, 0xff, 0x1d, 0x53, 0xff, 0x1d, 0x53, 0xff,
  0x1d, 0x53, 0xff, 0x1d, 0x53, 0xff, 0x1d, 0x53, 0xff, 0x1d, 0x53, 0xff, 0x1d, 0x53, 0xff, 0x1d, 0x53, 0xff, 0x1d, 0x53, 0xff, 0x1d, 0x53, 0xff, 0x1d, 0x53, 0xff, 0x1d, 0x53, 0xff, 0x1d, 0x53, 0xff, 0x1d, 0x53, 0xff,
  0x1d, 0x53, 0xff, 0x1d, 0x53, 0xff, 0x1d, 0x53, 0xff, 0x1d, 0x53, 0xff, 0x1d, 0x53, 0xff, 0x1d, 0x53, 0xff, 0x1d, 0x53, 0xff, 0x1d, 0x53, 0xff, 0x1d, 0x53, 0xff, 0x1d, 0x53, 0xff, 0x1d, 0x53, 0xff, 0x1d, 0x53, 0xff,
  0x1d, 0x53, 0xff, 0x1d, 0x53, 0xff, 0x1d, 0x53, 0xff, 0x1d, 0x53, 0xff, 0x1d, 0x53, 0xff, 0x1d, 0x53, 0xff, 0x1d, 0x53, 0xff, 0x1d, 0x53, 0xff, 0x1d, 0x53, 0xff, 0x1d, 0x53, 0xff, 0x1d, 0x53, 0xff, 0x1d, 0x53, 0xff,
  0x1d, 0x53, 0xff, 0x1d, 0x53, 0xff, 0x1d, 0x53, 0xff, 0x1d, 0x53, 0xff, 0x1d, 0x53, 0xff, 0x1d, 0x53, 0xff, 0x1d, 0x53, 0xff, 0x1d, 0x53, 0xff, 0x1d, 0x53, 0xff, 0x1d, 0x53, 0xff, 0x1d, 0x53, 0xff, 0x1d, 0x53, 0xff,
  0x1d, 0x53, 0xff, 0x1d, 0x53, 0xff, 0x1d, 0x53, 0xff, 0x1d, 0x53, 0xff, 0x1d, 0x53, 0xff, 0x1d, 0x53, 0xff, 0x1d, 0x53, 0xff, 0x1d, 0x53, 0xff, 0x1d, 0x53, 0xff, 0x1d, 0x53, 0xff, 0x1d, 0x53, 0xff, 0x1d, 0x53, 0xff,
  0x1d, 0x53, 0xff, 0x1d, 0x53, 0xff, 0x1d, 0x53, 0xff, 0x1d, 0x53, 0xff, 0x1d, 0x53, 0xff, 0x1d, 0x53, 0xff, 0x1d, 0x53, 0xff, 0x1d, 0x53, 0xff, 0x1d, 0x53, 0xff, 0x1d, 0x53, 0xff, 0x1d, 0x53, 0xff, 0x1d, 0x53, 0xff,
  0x1d, 0x53, 0xff, 0x1d, 0x53, 0xff, 0x1d, 0x53, 0xff, 0x1d, 0x53, 0xff, 0x1d, 0x53, 0xff, 0x1d, 0x53, 0xff, 0x1d, 0x53, 0xff, 0x1d, 0x53, 0xff, 0x1d, 0x53, 0xff, 0x1d, 0x53, 0xff, 0x1d, 0x53, 0xff, 0x1d, 0x53, 0xff,
  0x1d, 0x53, 0xff, 0x1d, 0x53, 0xff, 0x1d, 0x53, 0xff, 0x1d, 0x53, 0xff, 0x1d, 0x53, 0xff, 0x1d, 0x53, 0xff, 0x1d, 0x53, 0xff, 0x1d, 0x53, 0xff, 0x1d, 0x53, 0xff, 0x1d, 0x53, 0xff, 0x1d, 0x53, 0xff, 0x1d, 0x53, 0xff,
  0x1d, 0x53, 0xff, 0x1d, 0x53, 0xff, 0x1d, 0x53, 0xff, 0x00, 0x00, 0x00, 0x00, 0x00, 0x00, 0x1d, 0x53, 0xff, 0x1d, 0x53, 0xff, 0x1d, 0x53, 0xff, 0x1d, 0x53, 0xff, 0x1d, 0x53, 0xff, 0x1d, 0x53, 0xff, 0x1d, 0x53, 0xff,
  0x1d, 0x53, 0xff, 0x1d, 0x53, 0xff, 0x1d, 0x53, 0xff, 0x1d, 0x53, 0xff, 0x1d, 0x53, 0xff, 0x1d, 0x53, 0xff, 0x1d, 0x53, 0xff, 0x1d, 0x53, 0xff, 0x1d, 0x53, 0xff, 0x1d, 0x53, 0xff, 0x1d, 0x53, 0xff, 0x1d, 0x53, 0xff,
  0x1d, 0x53, 0xff, 0x1d, 0x53, 0xff, 0x1d, 0x53, 0xff, 0x1d, 0x53, 0xff, 0x1d, 0x53, 0xff, 0x1d, 0x53, 0xff, 0x1d, 0x53, 0xff, 0x1d, 0x53, 0xff, 0x1d, 0x53, 0xff, 0x1d, 0x53, 0xff, 0x1d, 0x53, 0xff, 0x1d, 0x53, 0xff,
  0x1d, 0x53, 0xff, 0x1d, 0x53, 0xff, 0x1d, 0x53, 0xff, 0x1d, 0x53, 0xff, 0x1d, 0x53, 0xff, 0x1d, 0x53, 0xff, 0x1d, 0x53, 0xff, 0x1d, 0x53, 0xff, 0x1d, 0x53, 0xff, 0x1d, 0x53, 0xff, 0x1d, 0x53, 0xff, 0x1d, 0x53, 0xff,
  0x1d, 0x53, 0xff, 0x1d, 0x53, 0xff, 0x1d, 0x53, 0xff, 0x1d, 0x53, 0xff, 0x1d, 0x53, 0xff, 0x1d, 0x53, 0xff, 0x1d, 0x53, 0xff, 0x1d, 0x53, 0xff, 0x1d, 0x53, 0xff, 0x1d, 0x53, 0xff, 0x1d, 0x53, 0xff, 0x1d, 0x53, 0xff,
  0x1d, 0x53, 0xff, 0x1d, 0x53, 0xff, 0x1d, 0x53, 0xff, 0x1d, 0x53, 0xff, 0x1d, 0x53, 0xff, 0x1d, 0x53, 0xff, 0x1d, 0x53, 0xff, 0x1d, 0x53, 0xff, 0x1d, 0x53, 0xff, 0x1d, 0x53, 0xff, 0x1d, 0x53, 0xff, 0x1d, 0x53, 0xff,
  0x1d, 0x53, 0xff, 0x1d, 0x53, 0xff, 0x1d, 0x53, 0xff, 0x1d, 0x53, 0xff, 0x1d, 0x53, 0xff, 0x1d, 0x53, 0xff, 0x1d, 0x53, 0xff, 0x1d, 0x53, 0xff, 0x1d, 0x53, 0xff, 0x1d, 0x53, 0xff, 0x1d, 0x53, 0xff, 0x1d, 0x53, 0xff,
  0x1d, 0x53, 0xff, 0x1d, 0x53, 0xff, 0x1d, 0x53, 0xff, 0x1d, 0x53, 0xff, 0x1d, 0x53, 0xff, 0x1d, 0x53, 0xff, 0x1d, 0x53, 0xff, 0x1d, 0x53, 0xff, 0x1d, 0x53, 0xff, 0x1d, 0x53, 0xff, 0x1d, 0x53, 0xff, 0x1d, 0x53, 0xff,
  0x1d, 0x53, 0xff, 0x1d, 0x53, 0xff, 0x1d, 0x53, 0xff, 0x1d, 0x53, 0xff, 0x1d, 0x53, 0xff, 0x1d, 0x53, 0xff, 0x1d, 0x53, 0xff, 0x1d, 0x53, 0xff, 0x1d, 0x53, 0xff, 0x1d, 0x53, 0xff, 0x1d, 0x53, 0xff, 0x1d, 0x53, 0xff,
  0x1d, 0x53, 0xff, 0x1d, 0x53, 0xff, 0x1d, 0x53, 0xff, 0x1d, 0x53, 0xff, 0x1d, 0x53, 0xff, 0x1d, 0x53, 0xff, 0x1d, 0x53, 0xff, 0x00, 0x00, 0x00, 0x00, 0x00, 0x00, 0x00, 0x00, 0x00, 0x1d, 0x53, 0xff, 0x1d, 0x53, 0xff,
  0x1d, 0x53, 0xff, 0x1d, 0x53, 0xff, 0x1d, 0x53, 0xff, 0x1d, 0x53, 0xff, 0x1d, 0x53, 0xff, 0x1d, 0x53, 0xff, 0x1d, 0x53, 0xff, 0x1d, 0x53, 0xff, 0x1d, 0x53, 0xff, 0x1d, 0x53, 0xff, 0x1d, 0x53, 0xff, 0x1d, 0x53, 0xff,
  0x1d, 0x53, 0xff, 0x1d, 0x53, 0xff, 0x1d, 0x53, 0xff, 0x1d, 0x53, 0xff, 0x1d, 0x53, 0xff, 0x1d, 0x53, 0xff, 0x1d, 0x53, 0xff, 0x1d, 0x53, 0xff, 0x1d, 0x53, 0xff, 0x1d, 0x53, 0xff, 0x1d, 0x53, 0xff, 0x1d, 0x53, 0xff,
  0x1d, 0x53, 0xff, 0x1d, 0x53, 0xff, 0x1d, 0x53, 0xff, 0x1d, 0x53, 0xff, 0x1d, 0x53, 0xff, 0x1d, 0x53, 0xff, 0x1d, 0x53, 0xff, 0x1d, 0x53, 0xff, 0x1d, 0x53, 0xff, 0x1d, 0x53, 0xff, 0x1d, 0x53, 0xff, 0x1d, 0x53, 0xff,
  0x1d, 0x53, 0xff, 0x1d, 0x53, 0xff, 0x1d, 0x53, 0xff, 0x1d, 0x53, 0xff, 0x1d, 0x53, 0xff, 0x1d, 0x53, 0xff, 0x1d, 0x53, 0xff, 0x1d, 0x53, 0xff, 0x1d, 0x53, 0xff, 0x1d, 0x53, 0xff, 0x1d, 0x53, 0xff, 0x1d, 0x53, 0xff,
  0x1d, 0x53, 0xff, 0x1d, 0x53, 0xff, 0x1d, 0x53, 0xff, 0x1d, 0x53, 0xff, 0x1d, 0x53, 0xff, 0x1d, 0x53, 0xff, 0x1d, 0x53, 0xff, 0x1d, 0x53, 0xff, 0x1d, 0x53, 0xff, 0x1d, 0x53, 0xff, 0x1d, 0x53, 0xff, 0x1d, 0x53, 0xff,
  0x1d, 0x53, 0xff, 0x1d, 0x53, 0xff, 0x1d, 0x53, 0xff, 0x1d, 0x53, 0xff, 0x1d, 0x53, 0xff, 0x1d, 0x53, 0xff, 0x1d, 0x53, 0xff, 0x1d, 0x53, 0xff, 0x1d, 0x53, 0xff, 0x1d, 0x53, 0xff, 0x1d, 0x53, 0xff, 0x1d, 0x53, 0xff,
  0x1d, 0x53, 0xff, 0x1d, 0x53, 0xff, 0x1d, 0x53, 0xff, 0x1d, 0x53, 0xff, 0x1d, 0x53, 0xff, 0x1d, 0x53, 0xff, 0x1d, 0x53, 0xff, 0x1d, 0x53, 0xff, 0x1d, 0x53, 0xff, 0x1d, 0x53, 0xff, 0x1d, 0x53, 0xff, 0x1d, 0x53, 0xff,
  0x1d, 0x53, 0xff, 0x1d, 0x53, 0xff, 0x1d, 0x53, 0xff, 0x1d, 0x53, 0xff, 0x1d, 0x53, 0xff, 0x1d, 0x53, 0xff, 0x1d, 0x53, 0xff, 0x1d, 0x53, 0xff, 0x1d, 0x53, 0xff, 0x1d, 0x53, 0xff, 0x1d, 0x53, 0xff, 0x1d, 0x53, 0xff,
  0x1d, 0x53, 0xff, 0x1d, 0x53, 0xff, 0x1d, 0x53, 0xff, 0x1d, 0x53, 0xff, 0x1d, 0x53, 0xff, 0x1d, 0x53, 0xff, 0x1d, 0x53, 0xff, 0x1d, 0x53, 0xff, 0x1d, 0x53, 0xff, 0x1d, 0x53, 0xff, 0x00, 0x00, 0x00, 0x00, 0x00, 0x00,
  0x00, 0x00, 0x00, 0x00, 0x00, 0x00, 0x1d, 0x53, 0xff, 0x1d, 0x53, 0xff, 0x1d, 0x53, 0xff, 0x1d, 0x53, 0xff, 0x1d, 0x53, 0xff, 0x1d, 0x53, 0xff, 0x1d, 0x53, 0xff, 0x1d, 0x53, 0xff, 0x1d, 0x53, 0xff, 0x1d, 0x53, 0xff,
  0x1d, 0x53, 0xff, 0x1d, 0x53, 0xff, 0x1d, 0x53, 0xff, 0x1d, 0x53, 0xff, 0x1d, 0x53, 0xff, 0x1d, 0x53, 0xff, 0x1d, 0x53, 0xff, 0x1d, 0x53, 0xff, 0x1d, 0x53, 0xff, 0x1d, 0x53, 0xff, 0x1d, 0x53, 0xff, 0x1d, 0x53, 0xff,
  0x1d, 0x53, 0xff, 0x1d, 0x53, 0xff, 0x1d, 0x53, 0xff, 0x1d, 0x53, 0xff, 0x1d, 0x53, 0xff, 0x1d, 0x53, 0xff, 0x1d, 0x53, 0xff, 0x1d, 0x53, 0xff, 0x1d, 0x53, 0xff, 0x1d, 0x53, 0xff, 0x1d, 0x53, 0xff, 0x1d, 0x53, 0xff,
  0x1d, 0x53, 0xff, 0x1d, 0x53, 0xff, 0x1d, 0x53, 0xff, 0x1d, 0x53, 0xff, 0x1d, 0x53, 0xff, 0x1d, 0x53, 0xff, 0x1d, 0x53, 0xff, 0x1d, 0x53, 0xff, 0x1d, 0x53, 0xff, 0x1d, 0x53, 0xff, 0x1d, 0x53, 0xff, 0x1d, 0x53, 0xff,
  0x1d, 0x53, 0xff, 0x1d, 0x53, 0xff, 0x1d, 0x53, 0xff, 0x1d, 0x53, 0xff, 0x1d, 0x53, 0xff, 0x1d, 0x53, 0xff, 0x1d, 0x53, 0xff, 0x1d, 0x53, 0xff, 0x1d, 0x53, 0xff, 0x1d, 0x53, 0xff, 0x1d, 0x53, 0xff, 0x1d, 0x53, 0xff,
  0x1d, 0x53, 0xff, 0x1d, 0x53, 0xff, 0x1d, 0x53, 0xff, 0x1d, 0x53, 0xff, 0x1d, 0x53, 0xff, 0x1d, 0x53, 0xff, 0x1d, 0x53, 0xff, 0x1d, 0x53, 0xff, 0x1d, 0x53, 0xff, 0x1d, 0x53, 0xff, 0x1d, 0x53, 0xff, 0x1d, 0x53, 0xff,
  0x1d, 0x53, 0xff, 0x1d, 0x53, 0xff, 0x1d, 0x53, 0xff, 0x1d, 0x53, 0xff, 0x1d, 0x53, 0xff, 0x1d, 0x53, 0xff, 0x1d, 0x53, 0xff, 0x1d, 0x53, 0xff, 0x1d, 0x53, 0xff, 0x1d, 0x53, 0xff, 0x1d, 0x53, 0xff, 0x1d, 0x53, 0xff,
  0x1d, 0x53, 0xff, 0x1d, 0x53, 0xff, 0x1d, 0x53, 0xff, 0x1d, 0x53, 0xff, 0x1d, 0x53, 0xff, 0x1d, 0x53, 0xff, 0x1d, 0x53, 0xff, 0x1d, 0x53, 0xff, 0x1d, 0x53, 0xff, 0x1d, 0x53, 0xff, 0x1d, 0x53, 0xff, 0x1d, 0x53, 0xff,
  0x1d, 0x53, 0xff, 0x1d, 0x53, 0xff, 0x1d, 0x53, 0xff, 0x1d, 0x53, 0xff, 0x1d, 0x53, 0xff, 0x1d, 0x53, 0xff, 0x1d, 0x53, 0xff, 0x1d, 0x53, 0xff, 0x1d, 0x53, 0xff, 0x1d, 0x53, 0xff, 0x1d, 0x53, 0xff, 0x1d, 0x53, 0xff,
  0x1d, 0x53, 0xff, 0x1d, 0x53, 0xff, 0x00, 0x00, 0x00, 0x00, 0x00, 0x00, 0x00, 0x00, 0x00, 0x00, 0x00, 0x00, 0x00, 0x00, 0x00, 0x1d, 0x53, 0xff, 0x1d, 0x53, 0xff, 0x1d, 0x53, 0xff, 0x1d, 0x53, 0xff, 0x1d, 0x53, 0xff,
  0x1d, 0x53, 0xff, 0x1d, 0x53, 0xff, 0x1d, 0x53, 0xff, 0x1d, 0x53, 0xff, 0x1d, 0x53, 0xff, 0x1d, 0x53, 0xff, 0x1d, 0x53, 0xff, 0x1d, 0x53, 0xff, 0x1d, 0x53, 0xff, 0x1d, 0x53, 0xff, 0x1d, 0x53, 0xff, 0x1d, 0x53, 0xff,
  0x1d, 0x53, 0xff, 0x1d, 0x53, 0xff, 0x1d, 0x53, 0xff, 0x1d, 0x53, 0xff, 0x1d, 0x53, 0xff, 0x1d, 0x53, 0xff, 0x1d, 0x53, 0xff, 0x1d, 0x53, 0xff, 0x1d, 0x53, 0xff, 0x1d, 0x53, 0xff, 0x1d, 0x53, 0xff, 0x1d, 0x53, 0xff,
  0x1d, 0x53, 0xff, 0x1d, 0x53, 0xff, 0x1d, 0x53, 0xff, 0x1d, 0x53, 0xff, 0x1d, 0x53, 0xff, 0x1d, 0x53, 0xff, 0x1d, 0x53, 0xff, 0x1d, 0x53, 0xff, 0x1d, 0x53, 0xff, 0x1d, 0x53, 0xff, 0x1d, 0x53, 0xff, 0x1d, 0x53, 0xff,
  0x1d, 0x53, 0xff, 0x1d, 0x53, 0xff, 0x1d, 0x53, 0xff, 0x1d, 0x53, 0xff, 0x1d, 0x53, 0xff, 0x1d, 0x53, 0xff, 0x1d, 0x53, 0xff, 0x1d, 0x53, 0xff, 0x1d, 0x53, 0xff, 0x1d, 0x53, 0xff, 0x1d, 0x53, 0xff, 0x1d, 0x53, 0xff,
  0x1d, 0x53, 0xff, 0x1d, 0x53, 0xff, 0x1d, 0x53, 0xff, 0x1d, 0x53, 0xff, 0x1d, 0x53, 0xff, 0x1d, 0x53, 0xff, 0x1d, 0x53, 0xff, 0x1d, 0x53, 0xff, 0x1d, 0x53, 0xff, 0x1d, 0x53, 0xff, 0x1d, 0x53, 0xff, 0x1d, 0x53, 0xff,
  0x1d, 0x53, 0xff, 0x1d, 0x53, 0xff, 0x1d, 0x53, 0xff, 0x1d, 0x53, 0xff, 0x1d, 0x53, 0xff, 0x1d, 0x53, 0xff, 0x1d, 0x53, 0xff, 0x1d, 0x53, 0xff, 0x1d, 0x53, 0xff, 0x1d, 0x53, 0xff, 0x1d, 0x53, 0xff, 0x1d, 0x53, 0xff,
  0x1d, 0x53, 0xff, 0x1d, 0x53, 0xff, 0x1d, 0x53, 0xff, 0x1d, 0x53, 0xff, 0x1d, 0x53, 0xff, 0x1d, 0x53, 0xff, 0x1d, 0x53, 0xff, 0x1d, 0x53, 0xff, 0x1d, 0x53, 0xff, 0x1d, 0x53, 0xff, 0x1d, 0x53, 0xff, 0x1d, 0x53, 0xff,
  0x1d, 0x53, 0xff, 0x1d, 0x53, 0xff, 0x1d, 0x53, 0xff, 0x1d, 0x53, 0xff, 0x1d, 0x53, 0xff, 0x1d, 0x53, 0xff, 0x1d, 0x53, 0xff, 0x1d, 0x53, 0xff, 0x1d, 0x53, 0xff, 0x1d, 0x53, 0xff, 0x1d, 0x53, 0xff, 0x1d, 0x53, 0xff,
  0x1d, 0x53, 0xff, 0x1d, 0x53, 0xff, 0x1d, 0x53, 0xff, 0x1d, 0x53, 0xff, 0x1d, 0x53, 0xff, 0x00, 0x00, 0x00, 0x00, 0x00, 0x00, 0x00, 0x00, 0x00, 0x00, 0x00, 0x00, 0x00, 0x00, 0x00, 0x00, 0x00, 0x00, 0x1d, 0x53, 0xff,
  0x1d, 0x53, 0xff, 0x1d, 0x53, 0xff, 0x1d, 0x53, 0xff, 0x1d, 0x53, 0xff, 0x1d, 0x53, 0xff, 0x1d, 0x53, 0xff, 0x1d, 0x53, 0xff, 0x1d, 0x53, 0xff, 0x1d, 0x53, 0xff, 0x1d, 0x53, 0xff, 0x1d, 0x53, 0xff, 0x1d, 0x53, 0xff,
  0x1d, 0x53, 0xff, 0x1d, 0x53, 0xff, 0x1d, 0x53, 0xff, 0x1d, 0x53, 0xff, 0x1d, 0x53, 0xff, 0x1d, 0x53, 0xff, 0x1d, 0x53, 0xff, 0x1d, 0x53, 0xff, 0x1d, 0x53, 0xff, 0x1d, 0x53, 0xff, 0x1d, 0x53, 0xff, 0x1d, 0x53, 0xff,
  0x1d, 0x53, 0xff, 0x1d, 0x53, 0xff, 0x1d, 0x53, 0xff, 0x1d, 0x53, 0xff, 0x1d, 0x53, 0xff, 0x1d, 0x53, 0xff, 0x1d, 0x53, 0xff, 0x1d, 0x53, 0xff, 0x1d, 0x53, 0xff, 0x1d, 0x53, 0xff, 0x1d, 0x53, 0xff, 0x1d, 0x53, 0xff,
  0x1d, 0x53, 0xff, 0x1d, 0x53, 0xff, 0x1d, 0x53, 0xff, 0x1d, 0x53, 0xff, 0x1d, 0x53, 0xff, 0x1d, 0x53, 0xff, 0x1d, 0x53, 0xff, 0x1d, 0x53, 0xff, 0x1d, 0x53, 0xff, 0x1d, 0x53, 0xff, 0x1d, 0x53, 0xff, 0x1d, 0x53, 0xff,
  0x1d, 0x53, 0xff, 0x1d, 0x53, 0xff, 0x1d, 0x53, 0xff, 0x1d, 0x53, 0xff, 0x1d, 0x53, 0xff, 0x1d, 0x53, 0xff, 0x1d, 0x53, 0xff, 0x1d, 0x53, 0xff, 0x1d, 0x53, 0xff, 0x1d, 0x53, 0xff, 0x1d, 0x53, 0xff, 0x1d, 0x53, 0xff,
  0x1d, 0x53, 0xff, 0x1d, 0x53, 0xff, 0x1d, 0x53, 0xff, 0x1d, 0x53, 0xff, 0x1d, 0x53, 0xff, 0x1d, 0x53, 0xff, 0x1d, 0x53, 0xff, 0x1d, 0x53, 0xff, 0x1d, 0x53, 0xff, 0x1d, 0x53, 0xff, 0x1d, 0x53, 0xff, 0x1d, 0x53, 0xff,
  0x1d, 0x53, 0xff, 0x1d, 0x53, 0xff, 0x1d, 0x53, 0xff, 0x1d, 0x53, 0xff, 0x1d, 0x53, 0xff, 0x1d, 0x53, 0xff, 0x1d, 0x53, 0xff, 0x1d, 0x53, 0xff, 0x1d, 0x53, 0xff, 0x1d, 0x53, 0xff, 0x1d, 0x53, 0xff, 0x1d, 0x53, 0xff,
  0x1d, 0x53, 0xff, 0x1d, 0x53, 0xff, 0x1d, 0x53, 0xff, 0x1d, 0x53, 0xff, 0x1d, 0x53, 0xff, 0x1d, 0x53, 0xff, 0x1d, 0x53, 0xff, 0x1d, 0x53, 0xff, 0x1d, 0x53, 0xff, 0x1d, 0x53, 0xff, 0x1d, 0x53, 0xff, 0x1d, 0x53, 0xff,
  0x1d, 0x53, 0xff, 0x1d, 0x53, 0xff, 0x1d, 0x53, 0xff, 0x1d, 0x53, 0xff, 0x1d, 0x53, 0xff, 0x1d, 0x53, 0xff, 0x1d, 0x53, 0xff, 0x1d, 0x53, 0xff, 0x1d, 0x53, 0xff, 0x00, 0x00, 0x00, 0x00, 0x00, 0x00, 0x00, 0x00, 0x00,
  0x00, 0x00, 0x00, 0x00, 0x00, 0x00, 0x00, 0x00, 0x00, 0x00, 0x00, 0x00, 0x1d, 0x53, 0xff, 0x1d, 0x53, 0xff, 0x1d, 0x53, 0xff, 0x1d, 0x53, 0xff, 0x1d, 0x53, 0xff, 0x1d, 0x53, 0xff, 0x1d, 0x53, 0xff, 0x1d, 0x53, 0xff,
  0x1d, 0x53, 0xff, 0x1d, 0x53, 0xff, 0x1d, 0x53, 0xff, 0x1d, 0x53, 0xff, 0x1d, 0x53, 0xff, 0x1d, 0x53, 0xff, 0x1d, 0x53, 0xff, 0x1d, 0x53, 0xff, 0x1d, 0x53, 0xff, 0x1d, 0x53, 0xff, 0x1d, 0x53, 0xff, 0x1d, 0x53, 0xff,
  0x1d, 0x53, 0xff, 0x1d, 0x53, 0xff, 0x1d, 0x53, 0xff, 0x1d, 0x53, 0xff, 0x1d, 0x53, 0xff, 0x1d, 0x53, 0xff, 0x1d, 0x53, 0xff, 0x1d, 0x53, 0xff, 0x1d, 0x53, 0xff, 0x1d, 0x53, 0xff, 0x1d, 0x53, 0xff, 0x1d, 0x53, 0xff,
  0x1d, 0x53, 0xff, 0x1d, 0x53, 0xff, 0x1d, 0x53, 0xff, 0x1d, 0x53, 0xff, 0x1d, 0x53, 0xff, 0x1d, 0x53, 0xff, 0x1d, 0x53, 0xff, 0x1d, 0x53, 0xff, 0x1d, 0x53, 0xff, 0x1d, 0x53, 0xff, 0x1d, 0x53, 0xff, 0x1d, 0x53, 0xff,
  0x1d, 0x53, 0xff, 0x1d, 0x53, 0xff, 0x1d, 0x53, 0xff, 0x1d, 0x53, 0xff, 0x1d, 0x53, 0xff, 0x1d, 0x53, 0xff, 0x1d, 0x53, 0xff, 0x1d, 0x53, 0xff, 0x1d, 0x53, 0xff, 0x1d, 0x53, 0xff, 0x1d, 0x53, 0xff, 0x1d, 0x53, 0xff,
  0x1d, 0x53, 0xff, 0x1d, 0x53, 0xff, 0x1d, 0x53, 0xff, 0x1d, 0x53, 0xff, 0x1d, 0x53, 0xff, 0x1d, 0x53, 0xff, 0x1d, 0x53, 0xff, 0x1d, 0x53, 0xff, 0x1d, 0x53, 0xff, 0x1d, 0x53, 0xff, 0x1d, 0x53, 0xff, 0x1d, 0x53, 0xff,
  0x1d, 0x53, 0xff, 0x1d, 0x53, 0xff, 0x1d, 0x53, 0xff, 0x1d, 0x53, 0xff, 0x1d, 0x53, 0xff, 0x1d, 0x53, 0xff, 0x1d, 0x53, 0xff, 0x1d, 0x53, 0xff, 0x1d, 0x53, 0xff, 0x1d, 0x53, 0xff, 0x1d, 0x53, 0xff, 0x1d, 0x53, 0xff,
  0x1d, 0x53, 0xff, 0x1d, 0x53, 0xff, 0x1d, 0x53, 0xff, 0x1d, 0x53, 0xff, 0x1d, 0x53, 0xff, 0x1d, 0x53, 0xff, 0x1d, 0x53, 0xff, 0x1d, 0x53, 0xff, 0x1d, 0x53, 0xff, 0x1d, 0x53, 0xff, 0x1d, 0x53, 0xff, 0x1d, 0x53, 0xff,
  0x1d, 0x53, 0xff, 0x1d, 0x53, 0xff, 0x1d, 0x53, 0xff, 0x1d, 0x53, 0xff, 0x1d, 0x53, 0xff, 0x1d, 0x53, 0xff, 0x1d, 0x53, 0xff, 0x1d, 0x53, 0xff, 0x1d, 0x53, 0xff, 0x1d, 0x53, 0xff, 0x1d, 0x53, 0xff, 0x1d, 0x53, 0xff,
  0x00, 0x00, 0x00, 0x00, 0x00, 0x00, 0x00, 0x00, 0x00, 0x00, 0x00, 0x00, 0x00, 0x00, 0x00, 0x00, 0x00, 0x00, 0x00, 0x00, 0x00, 0x00, 0x00, 0x00, 0x1d, 0x53, 0xff, 0x1d, 0x53, 0xff, 0x1d, 0x53, 0xff, 0x1d, 0x53, 0xff,
  0x1d, 0x53, 0xff, 0x1d, 0x53, 0xff, 0x1d, 0x53, 0xff, 0x1d, 0x53, 0xff, 0x1d, 0x53, 0xff, 0x1d, 0x53, 0xff, 0x1d, 0x53, 0xff, 0x1d, 0x53, 0xff, 0x1d, 0x53, 0xff, 0x1d, 0x53, 0xff, 0x1d, 0x53, 0xff, 0x1d, 0x53, 0xff,
  0x1d, 0x53, 0xff, 0x1d, 0x53, 0xff, 0x1d, 0x53, 0xff, 0x1d, 0x53, 0xff, 0x1d, 0x53, 0xff, 0x1d, 0x53, 0xff, 0x1d, 0x53, 0xff, 0x1d, 0x53, 0xff, 0x1d, 0x53, 0xff, 0x1d, 0x53, 0xff, 0x1d, 0x53, 0xff, 0x1d, 0x53, 0xff,
  0x1d, 0x53, 0xff, 0x1d, 0x53, 0xff, 0x1d, 0x53, 0xff, 0x1d, 0x53, 0xff, 0x1d, 0x53, 0xff, 0x1d, 0x53, 0xff, 0x1d, 0x53, 0xff, 0x1d, 0x53, 0xff, 0x1d, 0x53, 0xff, 0x1d, 0x53, 0xff, 0x1d, 0x53, 0xff, 0x1d, 0x53, 0xff,
  0x1d, 0x53, 0xff, 0x1d, 0x53, 0xff, 0x1d, 0x53, 0xff, 0x1d, 0x53, 0xff, 0x1d, 0x53, 0xff, 0x1d, 0x53, 0xff, 0x1d, 0x53, 0xff, 0x1d, 0x53, 0xff, 0x1d, 0x53, 0xff, 0x1d, 0x53, 0xff, 0x1d, 0x53, 0xff, 0x1d, 0x53, 0xff,
  0x1d, 0x53, 0xff, 0x1d, 0x53, 0xff, 0x1d, 0x53, 0xff, 0x1d, 0x53, 0xff, 0x1d, 0x53, 0xff, 0x1d, 0x53, 0xff, 0x1d, 0x53, 0xff, 0x1d, 0x53, 0xff, 0x1d, 0x53, 0xff, 0x1d, 0x53, 0xff, 0x1d, 0x53, 0xff, 0x1d, 0x53, 0xff,
  0x1d, 0x53, 0xff, 0x1d, 0x53, 0xff, 0x1d, 0x53, 0xff, 0x1d, 0x53, 0xff, 0x1d, 0x53, 0xff, 0x1d, 0x53, 0xff, 0x1d, 0x53, 0xff, 0x1d, 0x53, 0xff, 0x1d, 0x53, 0xff, 0x1d, 0x53, 0xff, 0x1d, 0x53, 0xff, 0x1d, 0x53, 0xff,
  0x1d, 0x53, 0xff, 0x1d, 0x53, 0xff, 0x1d, 0x53, 0xff, 0x1d, 0x53, 0xff, 0x1d, 0x53, 0xff, 0x1d, 0x53, 0xff, 0x1d, 0x53, 0xff, 0x1d, 0x53, 0xff, 0x1d, 0x53, 0xff, 0x1d, 0x53, 0xff, 0x1d, 0x53, 0xff, 0x1d, 0x53, 0xff,
  0x1d, 0x53, 0xff, 0x1d, 0x53, 0xff, 0x1d, 0x53, 0xff, 0x1d, 0x53, 0xff, 0x1d, 0x53, 0xff, 0x1d, 0x53, 0xff, 0x1d, 0x53, 0xff, 0x1d, 0x53, 0xff, 0x1d, 0x53, 0xff, 0x1d, 0x53, 0xff, 0x1d, 0x53, 0xff, 0x1d, 0x53, 0xff,
  0x1d, 0x53, 0xff, 0x1d, 0x53, 0xff, 0x1d, 0x53, 0xff, 0x1d, 0x53, 0xff, 0x00, 0x00, 0x00, 0x00, 0x00, 0x00, 0x00, 0x00, 0x00, 0x00, 0x00, 0x00, 0x00, 0x00, 0x00, 0x00, 0x00, 0x00, 0x00, 0x00, 0x00, 0x00, 0x00, 0x00,
  0x00, 0x00, 0x00, 0x1d, 0x53, 0xff, 0x1d, 0x53, 0xff, 0x1d, 0x53, 0xff, 0x1d, 0x53, 0xff, 0x1d, 0x53, 0xff, 0x1d, 0x53, 0xff, 0x1d, 0x53, 0xff, 0x1d, 0x53, 0xff, 0x1d, 0x53, 0xff, 0x1d, 0x53, 0xff, 0x1d, 0x53, 0xff,
  0x1d, 0x53, 0xff, 0x1d, 0x53, 0xff, 0x1d, 0x53, 0xff, 0x1d, 0x53, 0xff, 0x1d, 0x53, 0xff, 0x1d, 0x53, 0xff, 0x1d, 0x53, 0xff, 0x1d, 0x53, 0xff, 0x1d, 0x53, 0xff, 0x1d, 0x53, 0xff, 0x1d, 0x53, 0xff, 0x1d, 0x53, 0xff,
  0x1d, 0x53, 0xff, 0x1d, 0x53, 0xff, 0x1d, 0x53, 0xff, 0x1d, 0x53, 0xff, 0x1d, 0x53, 0xff, 0x1d, 0x53, 0xff, 0x1d, 0x53, 0xff, 0x1d, 0x53, 0xff, 0x1d, 0x53, 0xff, 0x1d, 0x53, 0xff, 0x1d, 0x53, 0xff, 0x1d, 0x53, 0xff,
  0x1d, 0x53, 0xff, 0x1d, 0x53, 0xff, 0x1d, 0x53, 0xff, 0x1d, 0x53, 0xff, 0x1d, 0x53, 0xff, 0x1d, 0x53, 0xff, 0x1d, 0x53, 0xff, 0x1d, 0x53, 0xff, 0x1d, 0x53, 0xff, 0x1d, 0x53, 0xff, 0x1d, 0x53, 0xff, 0x1d, 0x53, 0xff,
  0x1d, 0x53, 0xff, 0x1d, 0x53, 0xff, 0x1d, 0x53, 0xff, 0x1d, 0x53, 0xff, 0x1d, 0x53, 0xff, 0x1d, 0x53, 0xff, 0x1d, 0x53, 0xff, 0x1d, 0x53, 0xff, 0x1d, 0x53, 0xff, 0x1d, 0x53, 0xff, 0x1d, 0x53, 0xff, 0x1d, 0x53, 0xff,
  0x1d, 0x53, 0xff, 0x1d, 0x53, 0xff, 0x1d, 0x53, 0xff, 0x1d, 0x53, 0xff, 0x1d, 0x53, 0xff, 0x1d, 0x53, 0xff, 0x1d, 0x53, 0xff, 0x1d, 0x53, 0xff, 0x1d, 0x53, 0xff, 0x1d, 0x53, 0xff, 0x1d, 0x53, 0xff, 0x1d, 0x53, 0xff,
  0x1d, 0x53, 0xff, 0x1d, 0x53, 0xff, 0x1d, 0x53, 0xff, 0x1d, 0x53, 0xff, 0x1d, 0x53, 0xff, 0x1d, 0x53, 0xff, 0x1d, 0x53, 0xff, 0x1d, 0x53, 0xff, 0x1d, 0x53, 0xff, 0x1d, 0x53, 0xff, 0x1d, 0x53, 0xff, 0x1d, 0x53, 0xff,
  0x1d, 0x53, 0xff, 0x1d, 0x53, 0xff, 0x1d, 0x53, 0xff, 0x1d, 0x53, 0xff, 0x1d, 0x53, 0xff, 0x1d, 0x53, 0xff, 0x1d, 0x53, 0xff, 0x1d, 0x53, 0xff, 0x1d, 0x53, 0xff, 0x1d, 0x53, 0xff, 0x1d, 0x53, 0xff, 0x1d, 0x53, 0xff,
  0x1d, 0x53, 0xff, 0x1d, 0x53, 0xff, 0x1d, 0x53, 0xff, 0x1d, 0x53, 0xff, 0x1d, 0x53, 0xff, 0x1d, 0x53, 0xff, 0x1d, 0x53, 0xff, 0x00, 0x00, 0x00, 0x00, 0x00, 0x00, 0x00, 0x00, 0x00, 0x00, 0x00, 0x00, 0x00, 0x00, 0x00,
  0x00, 0x00, 0x00, 0x00, 0x00, 0x00, 0x00, 0x00, 0x00, 0x00, 0x00, 0x00, 0x00, 0x00, 0x00, 0x00, 0x00, 0x00, 0xfd, 0x52, 0xff, 0xfd, 0x52, 0xff, 0xfd, 0x52, 0xff, 0xfd, 0x52, 0xff, 0xfd, 0x52, 0xff, 0xfd, 0x52, 0xff,
  0xfd, 0x52, 0xff, 0xfd, 0x52, 0xff, 0xfd, 0x52, 0xff, 0xfd, 0x52, 0xff, 0xfd, 0x52, 0xff, 0xfd, 0x52, 0xff, 0xfd, 0x52, 0xff, 0xfd, 0x52, 0xff, 0xfd, 0x52, 0xff, 0xfd, 0x52, 0xff, 0xfd, 0x52, 0xff, 0xfd, 0x52, 0xff,
  0xfd, 0x52, 0xff, 0xfd, 0x52, 0xff, 0xfd, 0x52, 0xff, 0xfd, 0x52, 0xff, 0xfd, 0x52, 0xff, 0xfd, 0x52, 0xff, 0xfd, 0x52, 0xff, 0xfd, 0x52, 0xff, 0xfd, 0x52, 0xff, 0xfd, 0x52, 0xff, 0xfd, 0x52, 0xff, 0xfd, 0x52, 0xff,
  0xfd, 0x52, 0xff, 0xfd, 0x52, 0xff, 0xfd, 0x52, 0xff, 0xfd, 0x52, 0xff, 0xfd, 0x52, 0xff, 0xfd, 0x52, 0xff, 0xfd, 0x52, 0xff, 0xfd, 0x52, 0xff, 0xfd, 0x52, 0xff, 0xfd, 0x52, 0xff, 0xfd, 0x52, 0xff, 0xfd, 0x52, 0xff,
  0xfd, 0x52, 0xff, 0xfd, 0x52, 0xff, 0xfd, 0x52, 0xff, 0xfd, 0x52, 0xff, 0xfd, 0x52, 0xff, 0xfd, 0x52, 0xff, 0xfd, 0x52, 0xff, 0xfd, 0x52, 0xff, 0xfd, 0x52, 0xff, 0xfd, 0x52, 0xff, 0xfd, 0x52, 0xff, 0xfd, 0x52, 0xff,
  0xfd, 0x52, 0xff, 0xfd, 0x52, 0xff, 0xfd, 0x52, 0xff, 0xfd, 0x52, 0xff, 0xfd, 0x52, 0xff, 0xfd, 0x52, 0xff, 0xfd, 0x52, 0xff, 0xfd, 0x52, 0xff, 0xfd, 0x52, 0xff, 0xfd, 0x52, 0xff, 0xfd, 0x52, 0xff, 0xfd, 0x52, 0xff,
  0xfd, 0x52, 0xff, 0xfd, 0x52, 0xff, 0xfd, 0x52, 0xff, 0xfd, 0x52, 0xff, 0xfd, 0x52, 0xff, 0xfd, 0x52, 0xff, 0xfd, 0x52, 0xff, 0xfd, 0x52, 0xff, 0xfd, 0x52, 0xff, 0xfd, 0x52, 0xff, 0xfd, 0x52, 0xff, 0xfd, 0x52, 0xff,
  0xfd, 0x52, 0xff, 0xfd, 0x52, 0xff, 0xfd, 0x52, 0xff, 0xfd, 0x52, 0xff, 0xfd, 0x52, 0xff, 0xfd, 0x52, 0xff, 0xfd, 0x52, 0xff, 0xfd, 0x52, 0xff, 0xfd, 0x52, 0xff, 0xfd, 0x52, 0xff, 0xfd, 0x52, 0xff, 0xfd, 0x52, 0xff,
  0xfd, 0x52, 0xff, 0xfd, 0x52, 0xff, 0xfd, 0x52, 0xff, 0xfd, 0x52, 0xff, 0xfd, 0x52, 0xff, 0xfd, 0x52, 0xff, 0xfd, 0x52, 0xff, 0xfd, 0x52, 0xff, 0xfd, 0x52, 0xff, 0xfd, 0x52, 0xff, 0x00, 0x00, 0x00, 0x00, 0x00, 0x00,
  0x00, 0x00, 0x00, 0x00, 0x00, 0x00, 0x00, 0x00, 0x00, 0x00, 0x00, 0x00, 0x00, 0x00, 0x00, 0x00, 0x00, 0x00, 0x00, 0x00, 0x00, 0x00, 0x00, 0x00, 0x00, 0x00, 0x00, 0x00, 0x00, 0x00, 0x00, 0x00, 0x00, 0xfd, 0x5a, 0xff,
  0xfd, 0x5a, 0xff, 0xfd, 0x5a, 0xff, 0xfd, 0x5a, 0xff, 0xfd, 0x5a, 0xff, 0xfd, 0x5a, 0xff, 0xfd, 0x5a, 0xff, 0xfd, 0x5a, 0xff, 0xfd, 0x5a, 0xff, 0xfd, 0x5a, 0xff, 0xfd, 0x5a, 0xff, 0xfd, 0x5a, 0xff, 0xfd, 0x5a, 0xff,
  0xfd, 0x5a, 0xff, 0xfd, 0x5a, 0xff, 0xfd, 0x5a, 0xff, 0xfd, 0x5a, 0xff, 0xfd, 0x5a, 0xff, 0xfd, 0x5a, 0xff, 0xfd, 0x5a, 0xff, 0xfd, 0x5a, 0xff, 0xfd, 0x5a, 0xff, 0xfd, 0x5a, 0xff, 0xfd, 0x5a, 0xff, 0xfd, 0x5a, 0xff,
  0xfd, 0x5a, 0xff, 0xfd, 0x5a, 0xff, 0xfd, 0x5a, 0xff, 0xfd, 0x5a, 0xff, 0xfd, 0x5a, 0xff, 0xfd, 0x5a, 0xff, 0xfd, 0x5a, 0xff, 0xfd, 0x5a, 0xff, 0xfd, 0x5a, 0xff, 0xfd, 0x5a, 0xff, 0xfd, 0x5a, 0xff, 0xfd, 0x5a, 0xff,
  0xfd, 0x5a, 0xff, 0xfd, 0x5a, 0xff, 0xfd, 0x5a, 0xff, 0xfd, 0x5a, 0xff, 0xfd, 0x5a, 0xff, 0xfd, 0x5a, 0xff, 0xfd, 0x5a, 0xff, 0xfd, 0x5a, 0xff, 0xfd, 0x5a, 0xff, 0xfd, 0x5a, 0xff, 0xfd, 0x5a, 0xff, 0xfd, 0x5a, 0xff,
  0xfd, 0x5a, 0xff, 0xfd, 0x5a, 0xff, 0xfd, 0x5a, 0xff, 0xfd, 0x5a, 0xff, 0xfd, 0x5a, 0xff, 0xfd, 0x5a, 0xff, 0xfd, 0x5a, 0xff, 0xfd, 0x5a, 0xff, 0xfd, 0x5a, 0xff, 0xfd, 0x5a, 0xff, 0xfd, 0x5a, 0xff, 0xfd, 0x5a, 0xff,
  0xfd, 0x5a, 0xff, 0xfd, 0x5a, 0xff, 0xfd, 0x5a, 0xff, 0xfd, 0x5a, 0xff, 0xfd, 0x5a, 0xff, 0xfd, 0x5a, 0xff, 0xfd, 0x5a, 0xff, 0xfd, 0x5a, 0xff, 0xfd, 0x5a, 0xff, 0xfd, 0x5a, 0xff, 0xfd, 0x5a, 0xff, 0xfd, 0x5a, 0xff,
  0xfd, 0x5a, 0xff, 0xfd, 0x5a, 0xff, 0xfd, 0x5a, 0xff, 0xfd, 0x5a, 0xff, 0xfd, 0x5a, 0xff, 0xfd, 0x5a, 0xff, 0xfd, 0x5a, 0xff, 0xfd, 0x5a, 0xff, 0xfd, 0x5a, 0xff, 0xfd, 0x5a, 0xff, 0xfd, 0x5a, 0xff, 0xfd, 0x5a, 0xff,
  0xfd, 0x5a, 0xff, 0xfd, 0x5a, 0xff, 0xfd, 0x5a, 0xff, 0xfd, 0x5a, 0xff, 0xfd, 0x5a, 0xff, 0xfd, 0x5a, 0xff, 0xfd, 0x5a, 0xff, 0xfd, 0x5a, 0xff, 0xfd, 0x5a, 0xff, 0xfd, 0x5a, 0xff, 0xfd, 0x5a, 0xff, 0xfd, 0x5a, 0xff,
  0xfd, 0x5a, 0xff, 0x00, 0x00, 0x00, 0x00, 0x00, 0x00, 0x00, 0x00, 0x00, 0x00, 0x00, 0x00, 0x00, 0x00, 0x00, 0x00, 0x00, 0x00, 0x00, 0x00, 0x00, 0x00, 0x00, 0x00, 0x00, 0x00, 0x00, 0x00, 0x00, 0x00, 0x00, 0x00, 0x00,
  0x00, 0x00, 0x00, 0x00, 0x00, 0x00, 0x00, 0x00, 0x00, 0x00, 0x00, 0x00, 0xfd, 0x5a, 0xff, 0xfd, 0x5a, 0xff, 0xfd, 0x5a, 0xff, 0xfd, 0x5a, 0xff, 0xfd, 0x5a, 0xff, 0xfd, 0x5a, 0xff, 0xfd, 0x5a, 0xff, 0xfd, 0x5a, 0xff,
  0xfd, 0x5a, 0xff, 0xfd, 0x5a, 0xff, 0xfd, 0x5a, 0xff, 0xfd, 0x5a, 0xff, 0xfd, 0x5a, 0xff, 0xfd, 0x5a, 0xff, 0xfd, 0x5a, 0xff, 0xfd, 0x5a, 0xff, 0xfd, 0x5a, 0xff, 0xfd, 0x5a, 0xff, 0xfd, 0x5a, 0xff, 0xfd, 0x5a, 0xff,
  0xfd, 0x5a, 0xff, 0xfd, 0x5a, 0xff, 0xfd, 0x5a, 0xff, 0xfd, 0x5a, 0xff, 0xfd, 0x5a, 0xff, 0xfd, 0x5a, 0xff, 0xfd, 0x5a, 0xff, 0xfd, 0x5a, 0xff, 0xfd, 0x5a, 0xff, 0xfd, 0x5a, 0xff, 0xfd, 0x5a, 0xff, 0xfd, 0x5a, 0xff,
  0xfd, 0x5a, 0xff, 0xfd, 0x5a, 0xff, 0xfd, 0x5a, 0xff, 0xfd, 0x5a, 0xff, 0xfd, 0x5a, 0xff, 0xfd, 0x5a, 0xff, 0xfd, 0x5a, 0xff, 0xfd, 0x5a, 0xff, 0xfd, 0x5a, 0xff, 0xfd, 0x5a, 0xff, 0xfd, 0x5a, 0xff, 0xfd, 0x5a, 0xff,
  0xfd, 0x5a, 0xff, 0xfd, 0x5a, 0xff, 0xfd, 0x5a, 0xff, 0xfd, 0x5a, 0xff, 0xfd, 0x5a, 0xff, 0xfd, 0x5a, 0xff, 0xfd, 0x5a, 0xff, 0xfd, 0x5a, 0xff, 0xfd, 0x5a, 0xff, 0xfd, 0x5a, 0xff, 0xfd, 0x5a, 0xff, 0xfd, 0x5a, 0xff,
  0xfd, 0x5a, 0xff, 0xfd, 0x5a, 0xff, 0xfd, 0x5a, 0xff, 0xfd, 0x5a, 0xff, 0xfd, 0x5a, 0xff, 0xfd, 0x5a, 0xff, 0xfd, 0x5a, 0xff, 0xfd, 0x5a, 0xff, 0xfd, 0x5a, 0xff, 0xfd, 0x5a, 0xff, 0xfd, 0x5a, 0xff, 0xfd, 0x5a, 0xff,
  0xfd, 0x5a, 0xff, 0xfd, 0x5a, 0xff, 0xfd, 0x5a, 0xff, 0xfd, 0x5a, 0xff, 0xfd, 0x5a, 0xff, 0xfd, 0x5a, 0xff, 0xfd, 0x5a, 0xff, 0xfd, 0x5a, 0xff, 0xfd, 0x5a, 0xff, 0xfd, 0x5a, 0xff, 0xfd, 0x5a, 0xff, 0xfd, 0x5a, 0xff,
  0xfd, 0x5a, 0xff, 0xfd, 0x5a, 0xff, 0xfd, 0x5a, 0xff, 0xfd, 0x5a, 0xff, 0xfd, 0x5a, 0xff, 0xfd, 0x5a, 0xff, 0xfd, 0x5a, 0xff, 0xfd, 0x5a, 0xff, 0xfd, 0x5a, 0xff, 0xfd, 0x5a, 0xff, 0xfd, 0x5a, 0xff, 0xfd, 0x5a, 0xff,
  0xfd, 0x5a, 0xff, 0xfd, 0x5a, 0xff, 0xfd, 0x5a, 0xff, 0xfd, 0x5a, 0xff, 0x00, 0x00, 0x00, 0x00, 0x00, 0x00, 0x00, 0x00, 0x00, 0x00, 0x00, 0x00, 0x00, 0x00, 0x00, 0x00, 0x00, 0x00, 0x00, 0x00, 0x00, 0x00, 0x00, 0x00,
  0x00, 0x00, 0x00, 0x00, 0x00, 0x00, 0x00, 0x00, 0x00, 0x00, 0x00, 0x00, 0x00, 0x00, 0x00, 0x00, 0x00, 0x00, 0x00, 0x00, 0x00, 0x00, 0x00, 0x00, 0x00, 0x00, 0x00, 0xfc, 0x5a, 0xff, 0xfc, 0x5a, 0xff, 0xfc, 0x5a, 0xff,
  0xfc, 0x5a, 0xff, 0xfc, 0x5a, 0xff, 0xfc, 0x5a, 0xff, 0xfc, 0x5a, 0xff, 0xfc, 0x5a, 0xff, 0xfc, 0x5a, 0xff, 0xfc, 0x5a, 0xff, 0xfc, 0x5a, 0xff, 0xfc, 0x5a, 0xff, 0xfc, 0x5a, 0xff, 0xfc, 0x5a, 0xff, 0xfc, 0x5a, 0xff,
  0xfc, 0x5a, 0xff, 0xfc, 0x5a, 0xff, 0xfc, 0x5a, 0xff, 0xfc, 0x5a, 0xff, 0xfc, 0x5a, 0xff, 0xfc, 0x5a, 0xff, 0xfc, 0x5a, 0xff, 0xfc, 0x5a, 0xff, 0xfc, 0x5a, 0xff, 0xfc, 0x5a, 0xff, 0xfc, 0x5a, 0xff, 0xfc, 0x5a, 0xff,
  0xfc, 0x5a, 0xff, 0xfc, 0x5a, 0xff, 0xfc, 0x5a, 0xff, 0xfc, 0x5a, 0xff, 0xfc, 0x5a, 0xff, 0xfc, 0x5a, 0xff, 0xfc, 0x5a, 0xff, 0xfc, 0x5a, 0xff, 0xfc, 0x5a, 0xff, 0xfc, 0x5a, 0xff, 0xfc, 0x5a, 0xff, 0xfc, 0x5a, 0xff,
  0xfc, 0x5a, 0xff, 0xfc, 0x5a, 0xff, 0xfc, 0x5a, 0xff, 0xfc, 0x5a, 0xff, 0xfc, 0x5a, 0xff, 0xfc, 0x5a, 0xff, 0xfc, 0x5a, 0xff, 0xfc, 0x5a, 0xff, 0xfc, 0x5a, 0xff, 0xfc, 0x5a, 0xff, 0xfc, 0x5a, 0xff, 0xfc, 0x5a, 0xff,
  0xfc, 0x5a, 0xff, 0xfc, 0x5a, 0xff, 0xfc, 0x5a, 0xff, 0xfc, 0x5a, 0xff, 0xfc, 0x5a, 0xff, 0xfc, 0x5a, 0xff, 0xfc, 0x5a, 0xff, 0xfc, 0x5a, 0xff, 0xfc, 0x5a, 0xff, 0xfc, 0x5a, 0xff, 0xfc, 0x5a, 0xff, 0xfc, 0x5a, 0xff,
  0xfc, 0x5a, 0xff, 0xfc, 0x5a, 0xff, 0xfc, 0x5a, 0xff, 0xfc, 0x5a, 0xff, 0xfc, 0x5a, 0xff, 0xfc, 0x5a, 0xff, 0xfc, 0x5a, 0xff, 0xfc, 0x5a, 0xff, 0xfc, 0x5a, 0xff, 0xfc, 0x5a, 0xff, 0xfc, 0x5a, 0xff, 0xfc, 0x5a, 0xff,
  0xfc, 0x5a, 0xff, 0xfc, 0x5a, 0xff, 0xfc, 0x5a, 0xff, 0xfc, 0x5a, 0xff, 0xfc, 0x5a, 0xff, 0xfc, 0x5a, 0xff, 0xfc, 0x5a, 0xff, 0xfc, 0x5a, 0xff, 0xfc, 0x5a, 0xff, 0xfc, 0x5a, 0xff, 0xfc, 0x5a, 0xff, 0xfc, 0x5a, 0xff,
  0xfc, 0x5a, 0xff, 0xfc, 0x5a, 0xff, 0xfc, 0x5a, 0xff, 0xfc, 0x5a, 0xff, 0xfc, 0x5a, 0xff, 0xfc, 0x5a, 0xff, 0xfc, 0x5a, 0xff, 0x00, 0x00, 0x00, 0x00, 0x00, 0x00, 0x00, 0x00, 0x00, 0x00, 0x00, 0x00, 0x00, 0x00, 0x00,
  0x00, 0x00, 0x00, 0x00, 0x00, 0x00, 0x00, 0x00, 0x00, 0x00, 0x00, 0x00, 0x00, 0x00, 0x00, 0x00, 0x00, 0x00, 0x00, 0x00, 0x00, 0x00, 0x00, 0x00, 0x00, 0x00, 0x00, 0x00, 0x00, 0x00, 0x00, 0x00, 0x00, 0x00, 0x00, 0x00,
  0x00, 0x00, 0x00, 0x00, 0x00, 0x00, 0xfc, 0x5a, 0xff, 0xfc, 0x5a, 0xff, 0xfc, 0x5a, 0xff, 0xfc, 0x5a, 0xff, 0xfc, 0x5a, 0xff, 0xfc, 0x5a, 0xff, 0xfc, 0x5a, 0xff, 0xfc, 0x5a, 0xff, 0xfc, 0x5a, 0xff, 0xfc, 0x5a, 0xff,
  0xfc, 0x5a, 0xff, 0xfc, 0x5a, 0xff, 0xfc, 0x5a, 0xff, 0xfc, 0x5a, 0xff, 0xfc, 0x5a, 0xff, 0xfc, 0x5a, 0xff, 0xfc, 0x5a, 0xff, 0xfc, 0x5a, 0xff, 0xfc, 0x5a, 0xff, 0xfc, 0x5a, 0xff, 0xfc, 0x5a, 0xff, 0xfc, 0x5a, 0xff,
  0xfc, 0x5a, 0xff, 0xfc, 0x5a, 0xff, 0xfc, 0x5a, 0xff, 0xfc, 0x5a, 0xff, 0xfc, 0x5a, 0xff, 0xfc, 0x5a, 0xff, 0xfc, 0x5a, 0xff, 0xfc, 0x5a, 0xff, 0xfc, 0x5a, 0xff, 0xfc, 0x5a, 0xff, 0xfc, 0x5a, 0xff, 0xfc, 0x5a, 0xff,
  0xfc, 0x5a, 0xff, 0xfc, 0x5a, 0xff, 0xfc, 0x5a, 0xff, 0xfc, 0x5a, 0xff, 0xfc, 0x5a, 0xff, 0xfc, 0x5a, 0xff, 0xfc, 0x5a, 0xff, 0xfc, 0x5a, 0xff, 0xfc, 0x5a, 0xff, 0xfc, 0x5a, 0xff, 0xfc, 0x5a, 0xff, 0xfc, 0x5a, 0xff,
  0xfc, 0x5a, 0xff, 0xfc, 0x5a, 0xff, 0xfc, 0x5a, 0xff, 0xfc, 0x5a, 0xff, 0xfc, 0x5a, 0xff, 0xfc, 0x5a, 0xff, 0xfc, 0x5a, 0xff, 0xfc, 0x5a, 0xff, 0xfc, 0x5a, 0xff, 0xfc, 0x5a, 0xff, 0xfc, 0x5a, 0xff, 0xfc, 0x5a, 0xff,
  0xfc, 0x5a, 0xff, 0xfc, 0x5a, 0xff, 0xfc, 0x5a, 0xff, 0xfc, 0x5a, 0xff, 0xfc, 0x5a, 0xff, 0xfc, 0x5a, 0xff, 0xfc, 0x5a, 0xff, 0xfc, 0x5a, 0xff, 0xfc, 0x5a, 0xff, 0xfc, 0x5a, 0xff, 0xfc, 0x5a, 0xff, 0xfc, 0x5a, 0xff,
  0xfc, 0x5a, 0xff, 0xfc, 0x5a, 0xff, 0xfc, 0x5a, 0xff, 0xfc, 0x5a, 0xff, 0xfc, 0x5a, 0xff, 0xfc, 0x5a, 0xff, 0xfc, 0x5a, 0xff, 0xfc, 0x5a, 0xff, 0xfc, 0x5a, 0xff, 0xfc, 0x5a, 0xff, 0xfc, 0x5a, 0xff, 0xfc, 0x5a, 0xff,
  0xfc, 0x5a, 0xff, 0xfc, 0x5a, 0xff, 0xfc, 0x5a, 0xff, 0xfc, 0x5a, 0xff, 0xfc, 0x5a, 0xff, 0xfc, 0x5a, 0xff, 0xfc, 0x5a, 0xff, 0xfc, 0x5a, 0xff, 0xfc, 0x5a, 0xff, 0xfc, 0x5a, 0xff, 0x00, 0x00, 0x00, 0x00, 0x00, 0x00,
  0x00, 0x00, 0x00, 0x00, 0x00, 0x00, 0x00, 0x00, 0x00, 0x00, 0x00, 0x00, 0x00, 0x00, 0x00, 0x00, 0x00, 0x00, 0x00, 0x00, 0x00, 0x00, 0x00, 0x00, 0x00, 0x00, 0x00, 0x00, 0x00, 0x00, 0x00, 0x00, 0x00, 0x00, 0x00, 0x00,
  0x00, 0x00, 0x00, 0x00, 0x00, 0x00, 0x00, 0x00, 0x00, 0x00, 0x00, 0x00, 0x00, 0x00, 0x00, 0x00, 0x00, 0x00, 0x00, 0x00, 0x00, 0xfc, 0x5a, 0xff, 0xfc, 0x5a, 0xff, 0xfc, 0x5a, 0xff, 0xfc, 0x5a, 0xff, 0xfc, 0x5a, 0xff,
  0xfc, 0x5a, 0xff, 0xfc, 0x5a, 0xff, 0xfc, 0x5a, 0xff, 0xfc, 0x5a, 0xff, 0xfc, 0x5a, 0xff, 0xfc, 0x5a, 0xff, 0xfc, 0x5a, 0xff, 0xfc, 0x5a, 0xff, 0xfc, 0x5a, 0xff, 0xfc, 0x5a, 0xff, 0xfc, 0x5a, 0xff, 0xfc, 0x5a, 0xff,
  0xfc, 0x5a, 0xff, 0xfc, 0x5a, 0xff, 0xfc, 0x5a, 0xff, 0xfc, 0x5a, 0xff, 0xfc, 0x5a, 0xff, 0xfc, 0x5a, 0xff, 0xfc, 0x5a, 0xff, 0xfc, 0x5a, 0xff, 0xfc, 0x5a, 0xff, 0xfc, 0x5a, 0xff, 0xfc, 0x5a, 0xff, 0xfc, 0x5a, 0xff,
  0xfc, 0x5a, 0xff, 0xfc, 0x5a, 0xff, 0xfc, 0x5a, 0xff, 0xfc, 0x5a, 0xff, 0xfc, 0x5a, 0xff, 0xfc, 0x5a, 0xff, 0xfc, 0x5a, 0xff, 0xfc, 0x5a, 0xff, 0xfc, 0x5a, 0xff, 0xfc, 0x5a, 0xff, 0xfc, 0x5a, 0xff, 0xfc, 0x5a, 0xff,
  0xfc, 0x5a, 0xff, 0xfc, 0x5a, 0xff, 0xfc, 0x5a, 0xff, 0xfc, 0x5a, 0xff, 0xfc, 0x5a, 0xff, 0xfc, 0x5a, 0xff, 0xfc, 0x5a, 0xff, 0xfc, 0x5a, 0xff, 0xfc, 0x5a, 0xff, 0xfc, 0x5a, 0xff, 0xfc, 0x5a, 0xff, 0xfc, 0x5a, 0xff,
  0xfc, 0x5a, 0xff, 0xfc, 0x5a, 0xff, 0xfc, 0x5a, 0xff, 0xfc, 0x5a, 0xff, 0xfc, 0x5a, 0xff, 0xfc, 0x5a, 0xff, 0xfc, 0x5a, 0xff, 0xfc, 0x5a, 0xff, 0xfc, 0x5a, 0xff, 0xfc, 0x5a, 0xff, 0xfc, 0x5a, 0xff, 0xfc, 0x5a, 0xff,
  0xfc, 0x5a, 0xff, 0xfc, 0x5a, 0xff, 0xfc, 0x5a, 0xff, 0xfc, 0x5a, 0xff, 0xfc, 0x5a, 0xff, 0xfc, 0x5a, 0xff, 0xfc, 0x5a, 0xff, 0xfc, 0x5a, 0xff, 0xfc, 0x5a, 0xff, 0xfc, 0x5a, 0xff, 0xfc, 0x5a, 0xff, 0xfc, 0x5a, 0xff,
  0xfc, 0x5a, 0xff, 0xfc, 0x5a, 0xff, 0xfc, 0x5a, 0xff, 0xfc, 0x5a, 0xff, 0xfc, 0x5a, 0xff, 0xfc, 0x5a, 0xff, 0xfc, 0x5a, 0xff, 0xfc, 0x5a, 0xff, 0xfc, 0x5a, 0xff, 0xfc, 0x5a, 0xff, 0xfc, 0x5a, 0xff, 0xfc, 0x5a, 0xff,
  0xfc, 0x5a, 0xff, 0x00, 0x00, 0x00, 0x00, 0x00, 0x00, 0x00, 0x00, 0x00, 0x00, 0x00, 0x00, 0x00, 0x00, 0x00, 0x00, 0x00, 0x00, 0x00, 0x00, 0x00, 0x00, 0x00, 0x00, 0x00, 0x00, 0x00, 0x00, 0x00, 0x00, 0x00, 0x00, 0x00,
  0x00, 0x00, 0x00, 0x00, 0x00, 0x00, 0x00, 0x00, 0x00, 0x00, 0x00, 0x00, 0x00, 0x00, 0x00, 0x00, 0x00, 0x00, 0x00, 0x00, 0x00, 0x00, 0x00, 0x00, 0x00, 0x00, 0x00, 0x00, 0x00, 0x00, 0x00, 0x00, 0x00, 0x00, 0x00, 0x00,
  0x00, 0x00, 0x00, 0xfc, 0x5a, 0xff, 0xfc, 0x5a, 0xff, 0xfc, 0x5a, 0xff, 0xfc, 0x5a, 0xff, 0xfc, 0x5a, 0xff, 0xfc, 0x5a, 0xff, 0xfc, 0x5a, 0xff, 0xfc, 0x5a, 0xff, 0xfc, 0x5a, 0xff, 0xfc, 0x5a, 0xff, 0xfc, 0x5a, 0xff,
  0xfc, 0x5a, 0xff, 0xfc, 0x5a, 0xff, 0xfc, 0x5a, 0xff, 0xfc, 0x5a, 0xff, 0xfc, 0x5a, 0xff, 0xfc, 0x5a, 0xff, 0xfc, 0x5a, 0xff, 0xfc, 0x5a, 0xff, 0xfc, 0x5a, 0xff, 0xfc, 0x5a, 0xff, 0xfc, 0x5a, 0xff, 0xfc, 0x5a, 0xff,
  0xfc, 0x5a, 0xff, 0xfc, 0x5a, 0xff, 0xfc, 0x5a, 0xff, 0xfc, 0x5a, 0xff, 0xfc, 0x5a, 0xff, 0xfc, 0x5a, 0xff, 0xfc, 0x5a, 0xff, 0xfc, 0x5a, 0xff, 0xfc, 0x5a, 0xff, 0xfc, 0x5a, 0xff, 0xfc, 0x5a, 0xff, 0xfc, 0x5a, 0xff,
  0xfc, 0x5a, 0xff, 0xfc, 0x5a, 0xff, 0xfc, 0x5a, 0xff, 0xfc, 0x5a, 0xff, 0xfc, 0x5a, 0xff, 0xfc, 0x5a, 0xff, 0xfc, 0x5a, 0xff, 0xfc, 0x5a, 0xff, 0xfc, 0x5a, 0xff, 0xfc, 0x5a, 0xff, 0xfc, 0x5a, 0xff, 0xfc, 0x5a, 0xff,
  0xfc, 0x5a, 0xff, 0xfc, 0x5a, 0xff, 0xfc, 0x5a, 0xff, 0xfc, 0x5a, 0xff, 0xfc, 0x5a, 0xff, 0xfc, 0x5a, 0xff, 0xfc, 0x5a, 0xff, 0xfc, 0x5a, 0xff, 0xfc, 0x5a, 0xff, 0xfc, 0x5a, 0xff, 0xfc, 0x5a, 0xff, 0xfc, 0x5a, 0xff,
  0xfc, 0x5a, 0xff, 0xfc, 0x5a, 0xff, 0xfc, 0x5a, 0xff, 0xfc, 0x5a, 0xff, 0xfc, 0x5a, 0xff, 0xfc, 0x5a, 0xff, 0xfc, 0x5a, 0xff, 0xfc, 0x5a, 0xff, 0xfc, 0x5a, 0xff, 0xfc, 0x5a, 0xff, 0xfc, 0x5a, 0xff, 0xfc, 0x5a, 0xff,
  0xfc, 0x5a, 0xff, 0xfc, 0x5a, 0xff, 0xfc, 0x5a, 0xff, 0xfc, 0x5a, 0xff, 0xfc, 0x5a, 0xff, 0xfc, 0x5a, 0xff, 0xfc, 0x5a, 0xff, 0xfc, 0x5a, 0xff, 0xfc, 0x5a, 0xff, 0xfc, 0x5a, 0xff, 0xfc, 0x5a, 0xff, 0xfc, 0x5a, 0xff,
  0xfc, 0x5a, 0xff, 0xfc, 0x5a, 0xff, 0xfc, 0x5a, 0xff, 0x00, 0x00, 0x00, 0x00, 0x00, 0x00, 0x00, 0x00, 0x00, 0x00, 0x00, 0x00, 0x00, 0x00, 0x00, 0x00, 0x00, 0x00, 0x00, 0x00, 0x00, 0x00, 0x00, 0x00, 0x00, 0x00, 0x00,
  0x00, 0x00, 0x00, 0x00, 0x00, 0x00, 0x00, 0x00, 0x00, 0x00, 0x00, 0x00, 0x00, 0x00, 0x00, 0x00, 0x00, 0x00, 0x00, 0x00, 0x00, 0x00, 0x00, 0x00, 0x00, 0x00, 0x00, 0x00, 0x00, 0x00, 0x00, 0x00, 0x00, 0x00, 0x00, 0x00,
  0x00, 0x00, 0x00, 0x00, 0x00, 0x00, 0x00, 0x00, 0x00, 0x00, 0x00, 0x00, 0x00, 0x00, 0x00, 0x00, 0x00, 0x00, 0x00, 0x00, 0x00, 0xfc, 0x5a, 0xff, 0xfc, 0x5a, 0xff, 0xfc, 0x5a, 0xff, 0xfc, 0x5a, 0xff, 0xfc, 0x5a, 0xff,
  0xfc, 0x5a, 0xff, 0xfc, 0x5a, 0xff, 0xfc, 0x5a, 0xff, 0xfc, 0x5a, 0xff, 0xfc, 0x5a, 0xff, 0xfc, 0x5a, 0xff, 0xfc, 0x5a, 0xff, 0xfc, 0x5a, 0xff, 0xfc, 0x5a, 0xff, 0xfc, 0x5a, 0xff, 0xfc, 0x5a, 0xff, 0xfc, 0x5a, 0xff,
  0xfc, 0x5a, 0xff, 0xfc, 0x5a, 0xff, 0xfc, 0x5a, 0xff, 0xfc, 0x5a, 0xff, 0xfc, 0x5a, 0xff, 0xfc, 0x5a, 0xff, 0xfc, 0x5a, 0xff, 0xfc, 0x5a, 0xff, 0xfc, 0x5a, 0xff, 0xfc, 0x5a, 0xff, 0xfc, 0x5a, 0xff, 0xfc, 0x5a, 0xff,
  0xfc, 0x5a, 0xff, 0xfc, 0x5a, 0xff, 0xfc, 0x5a, 0xff, 0xfc, 0x5a, 0xff, 0xfc, 0x5a, 0xff, 0xfc, 0x5a, 0xff, 0xfc, 0x5a, 0xff, 0xfc, 0x5a, 0xff, 0xfc, 0x5a, 0xff, 0xfc, 0x5a, 0xff, 0xfc, 0x5a, 0xff, 0xfc, 0x5a, 0xff,
  0xfc, 0x5a, 0xff, 0xfc, 0x5a, 0xff, 0xfc, 0x5a, 0xff, 0xfc, 0x5a, 0xff, 0xfc, 0x5a, 0xff, 0xfc, 0x5a, 0xff, 0xfc, 0x5a, 0xff, 0xfc, 0x5a, 0xff, 0xfc, 0x5a, 0xff, 0xfc, 0x5a, 0xff, 0xfc, 0x5a, 0xff, 0xfc, 0x5a, 0xff,
  0xfc, 0x5a, 0xff, 0xfc, 0x5a, 0xff, 0xfc, 0x5a, 0xff, 0xfc, 0x5a, 0xff, 0xfc, 0x5a, 0xff, 0xfc, 0x5a, 0xff, 0xfc, 0x5a, 0xff, 0xfc, 0x5a, 0xff, 0xfc, 0x5a, 0xff, 0xfc, 0x5a, 0xff, 0xfc, 0x5a, 0xff, 0xfc, 0x5a, 0xff,
  0xfc, 0x5a, 0xff, 0xfc, 0x5a, 0xff, 0xfc, 0x5a, 0xff, 0xfc, 0x5a, 0xff, 0xfc, 0x5a, 0xff, 0xfc, 0x5a, 0xff, 0xfc, 0x5a, 0xff, 0xfc, 0x5a, 0xff, 0xfc, 0x5a, 0xff, 0xfc, 0x5a, 0xff, 0xfc, 0x5a, 0xff, 0xfc, 0x5a, 0xff,
  0xfc, 0x5a, 0xff, 0xfc, 0x5a, 0xff, 0xfc, 0x5a, 0xff, 0xfc, 0x5a, 0xff, 0xfc, 0x5a, 0xff, 0x00, 0x00, 0x00, 0x00, 0x00, 0x00, 0x00, 0x00, 0x00, 0x00, 0x00, 0x00, 0x00, 0x00, 0x00, 0x00, 0x00, 0x00, 0x00, 0x00, 0x00,
  0x00, 0x00, 0x00, 0x00, 0x00, 0x00, 0x00, 0x00, 0x00, 0x00, 0x00, 0x00, 0x00, 0x00, 0x00, 0x00, 0x00, 0x00, 0x00, 0x00, 0x00, 0x00, 0x00, 0x00, 0x00, 0x00, 0x00, 0x00, 0x00, 0x00, 0x00, 0x00, 0x00, 0x00, 0x00, 0x00,
  0x00, 0x00, 0x00, 0x00, 0x00, 0x00, 0x00, 0x00, 0x00, 0x00, 0x00, 0x00, 0x00, 0x00, 0x00, 0x00, 0x00, 0x00, 0x00, 0x00, 0x00, 0x00, 0x00, 0x00, 0x00, 0x00, 0x00, 0x00, 0x00, 0x00, 0x00, 0x00, 0x00, 0x00, 0x00, 0x00,
  0x00, 0x00, 0x00, 0xfc, 0x5a, 0xff, 0xfc, 0x5a, 0xff, 0xfc, 0x5a, 0xff, 0xfc, 0x5a, 0xff, 0xfc, 0x5a, 0xff, 0xfc, 0x5a, 0xff, 0xfc, 0x5a, 0xff, 0xfc, 0x5a, 0xff, 0xfc, 0x5a, 0xff, 0xfc, 0x5a, 0xff, 0xfc, 0x5a, 0xff,
  0xfc, 0x5a, 0xff, 0xfc, 0x5a, 0xff, 0xfc, 0x5a, 0xff, 0xfc, 0x5a, 0xff, 0xfc, 0x5a, 0xff, 0xfc, 0x5a, 0xff, 0xfc, 0x5a, 0xff, 0xfc, 0x5a, 0xff, 0xfc, 0x5a, 0xff, 0xfc, 0x5a, 0xff, 0xfc, 0x5a, 0xff, 0xfc, 0x5a, 0xff,
  0xfc, 0x5a, 0xff, 0xfc, 0x5a, 0xff, 0xfc, 0x5a, 0xff, 0xfc, 0x5a, 0xff, 0xfc, 0x5a, 0xff, 0xfc, 0x5a, 0xff, 0xfc, 0x5a, 0xff, 0xfc, 0x5a, 0xff, 0xfc, 0x5a, 0xff, 0xfc, 0x5a, 0xff, 0xfc, 0x5a, 0xff, 0xfc, 0x5a, 0xff,
  0xfc, 0x5a, 0xff, 0xfc, 0x5a, 0xff, 0xfc, 0x5a, 0xff, 0xfc, 0x5a, 0xff, 0xfc, 0x5a, 0xff, 0xfc, 0x5a, 0xff, 0xfc, 0x5a, 0xff, 0xfc, 0x5a, 0xff, 0xfc, 0x5a, 0xff, 0xfc, 0x5a, 0xff, 0xfc, 0x5a, 0xff, 0xfc, 0x5a, 0xff,
  0xfc, 0x5a, 0xff, 0xfc, 0x5a, 0xff, 0xfc, 0x5a, 0xff, 0xfc, 0x5a, 0xff, 0xfc, 0x5a, 0xff, 0xfc, 0x5a, 0xff, 0xfc, 0x5a, 0xff, 0xfc, 0x5a, 0xff, 0xfc, 0x5a, 0xff, 0xfc, 0x5a, 0xff, 0xfc, 0x5a, 0xff, 0xfc, 0x5a, 0xff,
  0xfc, 0x5a, 0xff, 0xfc, 0x5a, 0xff, 0xfc, 0x5a, 0xff, 0xfc, 0x5a, 0xff, 0xfc, 0x5a, 0xff, 0xfc, 0x5a, 0xff, 0xfc, 0x5a, 0xff, 0xfc, 0x5a, 0xff, 0xfc, 0x5a, 0xff, 0xfc, 0x5a, 0xff, 0xfc, 0x5a, 0xff, 0xfc, 0x5a, 0xff,
  0xfc, 0x5a, 0xff, 0xfc, 0x5a, 0xff, 0xfc, 0x5a, 0xff, 0xfc, 0x5a, 0xff, 0xfc, 0x5a, 0xff, 0xfc, 0x5a, 0xff, 0xfc, 0x5a, 0xff, 0x00, 0x00, 0x00, 0x00, 0x00, 0x00, 0x00, 0x00, 0x00, 0x00, 0x00, 0x00, 0x00, 0x00, 0x00,
  0x00, 0x00, 0x00, 0x00, 0x00, 0x00, 0x00, 0x00, 0x00, 0x00, 0x00, 0x00, 0x00, 0x00, 0x00, 0x00, 0x00, 0x00, 0x00, 0x00, 0x00, 0x00, 0x00, 0x00, 0x00, 0x00, 0x00, 0x00, 0x00, 0x00, 0x00, 0x00, 0x00, 0x00, 0x00, 0x00,
  0x00, 0x00, 0x00, 0x00, 0x00, 0x00, 0x00, 0x00, 0x00, 0x00, 0x00, 0x00, 0x00, 0x00, 0x00, 0x00, 0x00, 0x00, 0x00, 0x00, 0x00, 0x00, 0x00, 0x00, 0x00, 0x00, 0x00, 0x00, 0x00, 0x00, 0x00, 0x00, 0x00, 0x00, 0x00, 0x00,
  0x00, 0x00, 0x00, 0x00, 0x00, 0x00, 0x00, 0x00, 0x00, 0x00, 0x00, 0x00, 0x00, 0x00, 0x00, 0x00, 0x00, 0x00, 0x00, 0x00, 0x00, 0x00, 0x00, 0x00, 0x00, 0x00, 0x00, 0xfc, 0x5a, 0xff, 0xfc, 0x5a, 0xff, 0xfc, 0x5a, 0xff,
  0xfc, 0x5a, 0xff, 0xfc, 0x5a, 0xff, 0xfc, 0x5a, 0xff, 0xfc, 0x5a, 0xff, 0xfc, 0x5a, 0xff, 0xfc, 0x5a, 0xff, 0xfc, 0x5a, 0xff, 0xfc, 0x5a, 0xff, 0xfc, 0x5a, 0xff, 0xfc, 0x5a, 0xff, 0xfc, 0x5a, 0xff, 0xfc, 0x5a, 0xff,
  0xfc, 0x5a, 0xff, 0xfc, 0x5a, 0xff, 0xfc, 0x5a, 0xff, 0xfc, 0x5a, 0xff, 0xfc, 0x5a, 0xff, 0xfc, 0x5a, 0xff, 0xfc, 0x5a, 0xff, 0xfc, 0x5a, 0xff, 0xfc, 0x5a, 0xff, 0xfc, 0x5a, 0xff, 0xfc, 0x5a, 0xff, 0xfc, 0x5a, 0xff,
  0xfc, 0x5a, 0xff, 0xfc, 0x5a, 0xff, 0xfc, 0x5a, 0xff, 0xfc, 0x5a, 0xff, 0xfc, 0x5a, 0xff, 0xfc, 0x5a, 0xff, 0xfc, 0x5a, 0xff, 0xfc, 0x5a, 0xff, 0xfc, 0x5a, 0xff, 0xfc, 0x5a, 0xff, 0xfc, 0x5a, 0xff, 0xfc, 0x5a, 0xff,
  0xfc, 0x5a, 0xff, 0xfc, 0x5a, 0xff, 0xfc, 0x5a, 0xff, 0xfc, 0x5a, 0xff, 0xfc, 0x5a, 0xff, 0xfc, 0x5a, 0xff, 0xfc, 0x5a, 0xff, 0xfc, 0x5a, 0xff, 0xfc, 0x5a, 0xff, 0xfc, 0x5a, 0xff, 0xfc, 0x5a, 0xff, 0xfc, 0x5a, 0xff,
  0xfc, 0x5a, 0xff, 0xfc, 0x5a, 0xff, 0xfc, 0x5a, 0xff, 0xfc, 0x5a, 0xff, 0xfc, 0x5a, 0xff, 0xfc, 0x5a, 0xff, 0xfc, 0x5a, 0xff, 0xfc, 0x5a, 0xff, 0xfc, 0x5a, 0xff, 0xfc, 0x5a, 0xff, 0xfc, 0x5a, 0xff, 0xfc, 0x5a, 0xff,
  0xfc, 0x5a, 0xff, 0xfc, 0x5a, 0xff, 0xfc, 0x5a, 0xff, 0xfc, 0x5a, 0xff, 0xfc, 0x5a, 0xff, 0xfc, 0x5a, 0xff, 0xfc, 0x5a, 0xff, 0x00, 0x00, 0x00, 0x00, 0x00, 0x00, 0x00, 0x00, 0x00, 0x00, 0x00, 0x00, 0x00, 0x00, 0x00,
  0x00, 0x00, 0x00, 0x00, 0x00, 0x00, 0x00, 0x00, 0x00, 0x00, 0x00, 0x00, 0x00, 0x00, 0x00, 0x00, 0x00, 0x00, 0x00, 0x00, 0x00, 0x00, 0x00, 0x00, 0x00, 0x00, 0x00, 0x00, 0x00, 0x00, 0x00, 0x00, 0x00, 0x00, 0x00, 0x00,
  0x00, 0x00, 0x00, 0x00, 0x00, 0x00, 0x00, 0x00, 0x00, 0x00, 0x00, 0x00
};

const lv_img_dsc_t img_app_server_monitor = {
  .header.cf = LV_IMG_CF_TRUE_COLOR_ALPHA,
  .header.always_zero = 0,
  .header.reserved = 0,
  .header.w = 112,
  .header.h = 112,
  .data_size = 12544 * LV_IMG_PX_SIZE_ALPHA_BYTE,
  .data = img_app_server_monitor_map,
};
